index,Age,Employment Type,GraduateOrNot,AnnualIncome,FamilyMembers,ChronicDiseases,FrequentFlyer,EverTravelledAbroad,Target
0.0,32,EMP_0,GRA_0,800000,7,0,FRE_0,EVE_0,0
1.0,34,EMP_1,GRA_0,1000000,5,0,FRE_0,EVE_0,0
2.0,28,EMP_1,GRA_0,750000,3,0,FRE_0,EVE_0,0
3.0,25,EMP_1,GRA_0,1700000,3,0,FRE_1,EVE_0,1
4.0,30,EMP_1,GRA_1,500000,7,1,FRE_0,EVE_0,0
5.0,34,EMP_1,GRA_0,700000,2,1,FRE_1,EVE_0,0
6.0,31,EMP_0,GRA_0,1500000,3,0,FRE_1,EVE_1,1
7.0,29,EMP_1,GRA_0,900000,4,0,FRE_0,EVE_0,0
8.0,25,EMP_1,GRA_0,1400000,3,0,FRE_0,EVE_1,1
9.0,30,EMP_1,GRA_1,500000,8,0,FRE_0,EVE_0,0
10.0,27,EMP_0,GRA_0,900000,7,1,FRE_0,EVE_0,0
11.0,28,EMP_1,GRA_0,1250000,4,1,FRE_0,EVE_0,0
12.0,35,EMP_1,GRA_1,800000,5,0,FRE_0,EVE_0,0
13.0,28,EMP_1,GRA_0,600000,5,0,FRE_1,EVE_0,0
14.0,31,EMP_1,GRA_0,1400000,5,0,FRE_1,EVE_1,1
15.0,28,EMP_0,GRA_0,300000,3,1,FRE_0,EVE_0,1
16.0,31,EMP_0,GRA_0,1200000,3,0,FRE_0,EVE_0,0
17.0,28,EMP_1,GRA_0,1200000,6,1,FRE_0,EVE_0,0
18.0,28,EMP_1,GRA_0,750000,4,0,FRE_0,EVE_0,0
19.0,33,EMP_0,GRA_0,700000,3,0,FRE_0,EVE_0,0
20.0,33,EMP_0,GRA_0,700000,4,0,FRE_0,EVE_0,0
21.0,31,EMP_0,GRA_0,400000,6,1,FRE_0,EVE_0,0
22.0,28,EMP_1,GRA_0,900000,3,0,FRE_0,EVE_0,0
23.0,31,EMP_0,GRA_1,300000,3,0,FRE_0,EVE_0,0
24.0,28,EMP_0,GRA_0,300000,6,0,FRE_0,EVE_0,0
25.0,32,EMP_0,GRA_0,900000,6,1,FRE_0,EVE_0,0
26.0,25,EMP_1,GRA_0,1400000,3,0,FRE_0,EVE_1,1
27.0,29,EMP_1,GRA_0,1050000,5,0,FRE_0,EVE_0,0
28.0,27,EMP_0,GRA_0,850000,7,1,FRE_0,EVE_0,0
29.0,25,EMP_1,GRA_0,1400000,5,1,FRE_0,EVE_1,1
30.0,25,EMP_1,GRA_1,1150000,5,0,FRE_0,EVE_0,0
31.0,25,EMP_1,GRA_0,1400000,3,1,FRE_0,EVE_1,1
32.0,25,EMP_1,GRA_1,600000,5,0,FRE_1,EVE_0,0
33.0,28,EMP_1,GRA_0,1200000,6,1,FRE_0,EVE_0,0
34.0,28,EMP_0,GRA_0,600000,4,0,FRE_0,EVE_0,0
35.0,34,EMP_1,GRA_0,1050000,7,0,FRE_1,EVE_0,1
36.0,28,EMP_0,GRA_0,300000,4,0,FRE_0,EVE_0,0
37.0,31,EMP_1,GRA_0,1350000,4,0,FRE_0,EVE_1,1
38.0,28,EMP_0,GRA_0,600000,4,0,FRE_0,EVE_0,0
39.0,31,EMP_1,GRA_0,900000,6,0,FRE_0,EVE_0,0
40.0,35,EMP_1,GRA_1,800000,6,1,FRE_0,EVE_1,1
41.0,34,EMP_1,GRA_0,1000000,2,0,FRE_0,EVE_0,0
42.0,34,EMP_0,GRA_0,1300000,4,1,FRE_0,EVE_0,0
43.0,32,EMP_0,GRA_0,800000,6,0,FRE_0,EVE_0,0
44.0,29,EMP_1,GRA_0,1750000,6,0,FRE_0,EVE_0,0
45.0,25,EMP_0,GRA_0,750000,3,0,FRE_0,EVE_1,1
46.0,33,EMP_0,GRA_0,1100000,3,0,FRE_0,EVE_0,1
47.0,33,EMP_1,GRA_0,1400000,4,1,FRE_0,EVE_1,1
48.0,28,EMP_1,GRA_0,800000,5,0,FRE_0,EVE_0,0
49.0,26,EMP_1,GRA_0,1250000,4,0,FRE_0,EVE_0,1
50.0,28,EMP_1,GRA_0,1150000,4,1,FRE_0,EVE_0,0
51.0,34,EMP_1,GRA_0,1000000,5,1,FRE_0,EVE_0,0
52.0,29,EMP_1,GRA_0,1350000,3,1,FRE_1,EVE_1,0
53.0,34,EMP_1,GRA_0,500000,4,1,FRE_0,EVE_0,1
54.0,30,EMP_1,GRA_1,800000,4,0,FRE_0,EVE_0,1
55.0,34,EMP_1,GRA_0,850000,5,1,FRE_1,EVE_0,0
56.0,29,EMP_1,GRA_0,1050000,4,0,FRE_0,EVE_0,0
57.0,28,EMP_1,GRA_1,550000,6,0,FRE_0,EVE_0,1
58.0,27,EMP_0,GRA_0,500000,6,0,FRE_0,EVE_0,0
59.0,33,EMP_0,GRA_1,400000,4,0,FRE_0,EVE_0,0
60.0,28,EMP_1,GRA_0,700000,5,0,FRE_0,EVE_0,0
61.0,27,EMP_0,GRA_0,500000,5,0,FRE_0,EVE_0,1
62.0,28,EMP_0,GRA_0,1100000,4,0,FRE_0,EVE_0,0
63.0,25,EMP_0,GRA_0,750000,6,0,FRE_0,EVE_0,1
64.0,34,EMP_1,GRA_0,700000,3,0,FRE_0,EVE_0,1
65.0,29,EMP_1,GRA_0,1100000,5,1,FRE_0,EVE_0,0
66.0,26,EMP_1,GRA_0,1400000,5,0,FRE_0,EVE_1,1
67.0,31,EMP_1,GRA_0,1250000,5,0,FRE_0,EVE_0,1
68.0,30,EMP_1,GRA_1,650000,3,0,FRE_0,EVE_1,0
69.0,28,EMP_1,GRA_1,550000,3,0,FRE_0,EVE_0,1
70.0,28,EMP_0,GRA_0,600000,9,0,FRE_1,EVE_0,1
71.0,29,EMP_1,GRA_0,1200000,5,1,FRE_0,EVE_0,0
72.0,34,EMP_0,GRA_0,1100000,9,0,FRE_0,EVE_0,1
73.0,26,EMP_1,GRA_0,1400000,4,1,FRE_0,EVE_1,1
74.0,28,EMP_1,GRA_0,800000,4,0,FRE_0,EVE_0,0
75.0,28,EMP_1,GRA_0,1200000,3,1,FRE_1,EVE_0,0
76.0,31,EMP_1,GRA_0,1400000,7,0,FRE_0,EVE_1,1
77.0,27,EMP_0,GRA_0,1050000,2,0,FRE_0,EVE_0,1
78.0,34,EMP_1,GRA_0,500000,6,0,FRE_0,EVE_0,1
79.0,32,EMP_0,GRA_0,850000,7,0,FRE_0,EVE_1,1
80.0,32,EMP_0,GRA_0,850000,7,0,FRE_0,EVE_0,0
81.0,27,EMP_0,GRA_0,500000,4,0,FRE_0,EVE_0,1
82.0,28,EMP_0,GRA_0,300000,6,1,FRE_0,EVE_0,0
83.0,28,EMP_0,GRA_0,300000,2,0,FRE_0,EVE_0,0
84.0,29,EMP_1,GRA_0,500000,4,0,FRE_0,EVE_0,0
85.0,34,EMP_0,GRA_0,1100000,6,1,FRE_0,EVE_0,1
86.0,31,EMP_1,GRA_0,1400000,4,0,FRE_0,EVE_1,1
87.0,31,EMP_1,GRA_0,1250000,7,0,FRE_0,EVE_0,1
88.0,27,EMP_0,GRA_0,750000,8,0,FRE_0,EVE_0,0
89.0,28,EMP_1,GRA_0,700000,3,1,FRE_0,EVE_0,0
90.0,34,EMP_1,GRA_0,1050000,7,1,FRE_0,EVE_0,1
91.0,28,EMP_1,GRA_0,750000,6,0,FRE_1,EVE_0,0
92.0,32,EMP_0,GRA_0,800000,5,0,FRE_0,EVE_0,0
93.0,34,EMP_0,GRA_0,1300000,2,1,FRE_0,EVE_0,0
94.0,32,EMP_0,GRA_0,850000,6,0,FRE_0,EVE_0,1
95.0,33,EMP_0,GRA_0,400000,5,1,FRE_0,EVE_0,0
96.0,29,EMP_1,GRA_0,1050000,3,1,FRE_1,EVE_0,0
97.0,28,EMP_0,GRA_0,300000,3,1,FRE_0,EVE_0,0
98.0,31,EMP_0,GRA_0,1300000,5,0,FRE_0,EVE_0,0
99.0,35,EMP_1,GRA_1,800000,6,0,FRE_1,EVE_0,1
100.0,33,EMP_1,GRA_0,550000,3,1,FRE_0,EVE_0,1
101.0,25,EMP_1,GRA_1,1150000,4,0,FRE_0,EVE_0,0
102.0,29,EMP_1,GRA_0,1050000,3,0,FRE_0,EVE_0,0
103.0,26,EMP_0,GRA_0,1450000,3,0,FRE_1,EVE_1,1
104.0,30,EMP_1,GRA_1,550000,5,0,FRE_1,EVE_0,1
105.0,30,EMP_1,GRA_1,800000,3,0,FRE_0,EVE_0,0
106.0,31,EMP_1,GRA_0,1250000,3,0,FRE_0,EVE_1,0
107.0,29,EMP_1,GRA_0,1050000,7,0,FRE_0,EVE_0,0
108.0,31,EMP_0,GRA_0,1300000,3,1,FRE_0,EVE_0,1
109.0,28,EMP_1,GRA_0,900000,6,0,FRE_0,EVE_0,1
110.0,33,EMP_0,GRA_0,1100000,5,0,FRE_0,EVE_0,0
111.0,26,EMP_1,GRA_0,750000,3,0,FRE_0,EVE_0,0
112.0,26,EMP_1,GRA_0,1400000,4,0,FRE_0,EVE_1,1
113.0,28,EMP_1,GRA_0,1250000,5,0,FRE_0,EVE_1,1
114.0,25,EMP_0,GRA_0,750000,2,0,FRE_1,EVE_0,0
115.0,31,EMP_0,GRA_0,1500000,2,0,FRE_1,EVE_1,1
116.0,26,EMP_1,GRA_0,600000,6,0,FRE_1,EVE_0,0
117.0,33,EMP_1,GRA_0,1400000,3,0,FRE_0,EVE_1,1
118.0,28,EMP_1,GRA_0,1450000,4,0,FRE_1,EVE_1,1
119.0,33,EMP_0,GRA_0,1100000,4,0,FRE_0,EVE_0,0
120.0,28,EMP_1,GRA_0,1200000,4,0,FRE_1,EVE_0,1
121.0,29,EMP_1,GRA_0,1050000,5,1,FRE_0,EVE_0,0
122.0,33,EMP_0,GRA_0,400000,3,1,FRE_0,EVE_0,1
123.0,28,EMP_0,GRA_0,300000,6,0,FRE_0,EVE_0,0
124.0,28,EMP_1,GRA_0,1200000,5,0,FRE_0,EVE_0,0
125.0,33,EMP_0,GRA_0,1100000,2,0,FRE_1,EVE_0,0
126.0,31,EMP_1,GRA_0,1250000,4,0,FRE_0,EVE_0,0
127.0,29,EMP_1,GRA_0,1100000,3,0,FRE_0,EVE_0,0
128.0,25,EMP_1,GRA_0,1400000,7,0,FRE_0,EVE_1,1
129.0,28,EMP_1,GRA_0,500000,6,0,FRE_0,EVE_0,0
130.0,31,EMP_1,GRA_0,1250000,7,0,FRE_0,EVE_0,0
131.0,34,EMP_1,GRA_0,1500000,4,1,FRE_1,EVE_1,1
132.0,34,EMP_1,GRA_0,1000000,6,0,FRE_1,EVE_0,1
133.0,28,EMP_1,GRA_0,1100000,5,0,FRE_0,EVE_0,0
134.0,31,EMP_0,GRA_0,1300000,4,0,FRE_0,EVE_0,0
135.0,25,EMP_1,GRA_1,1350000,6,0,FRE_0,EVE_1,1
136.0,28,EMP_1,GRA_0,800000,4,0,FRE_0,EVE_0,0
137.0,31,EMP_0,GRA_0,1500000,4,1,FRE_1,EVE_1,1
138.0,26,EMP_1,GRA_0,450000,4,0,FRE_0,EVE_0,0
139.0,27,EMP_0,GRA_0,850000,7,0,FRE_1,EVE_0,0
140.0,34,EMP_1,GRA_0,1300000,6,0,FRE_0,EVE_0,1
141.0,31,EMP_1,GRA_0,1250000,3,0,FRE_0,EVE_0,0
142.0,34,EMP_1,GRA_0,1000000,3,0,FRE_0,EVE_0,0
143.0,27,EMP_0,GRA_0,900000,5,0,FRE_0,EVE_0,0
144.0,28,EMP_1,GRA_1,550000,6,0,FRE_0,EVE_0,1
145.0,33,EMP_1,GRA_0,1750000,6,0,FRE_0,EVE_0,1
146.0,35,EMP_1,GRA_1,800000,5,0,FRE_0,EVE_0,0
147.0,26,EMP_1,GRA_0,500000,3,0,FRE_0,EVE_0,0
148.0,28,EMP_0,GRA_0,1100000,4,1,FRE_0,EVE_0,0
149.0,33,EMP_0,GRA_0,400000,9,1,FRE_0,EVE_0,1
150.0,34,EMP_1,GRA_0,1000000,5,0,FRE_1,EVE_0,0
151.0,29,EMP_1,GRA_0,1200000,4,0,FRE_1,EVE_0,0
152.0,26,EMP_1,GRA_0,1300000,4,1,FRE_0,EVE_0,0
153.0,28,EMP_1,GRA_0,1400000,4,0,FRE_1,EVE_1,0
154.0,32,EMP_0,GRA_0,350000,3,0,FRE_0,EVE_1,0
155.0,34,EMP_1,GRA_0,1000000,3,0,FRE_0,EVE_0,0
156.0,26,EMP_1,GRA_0,500000,3,0,FRE_0,EVE_0,0
157.0,29,EMP_1,GRA_0,900000,3,0,FRE_0,EVE_0,1
158.0,29,EMP_1,GRA_0,900000,3,0,FRE_0,EVE_0,0
159.0,26,EMP_1,GRA_0,1400000,4,1,FRE_0,EVE_1,1
160.0,27,EMP_1,GRA_1,800000,7,1,FRE_0,EVE_0,0
161.0,28,EMP_0,GRA_1,300000,5,1,FRE_0,EVE_0,0
162.0,25,EMP_1,GRA_0,1400000,4,0,FRE_0,EVE_1,1
163.0,28,EMP_1,GRA_0,750000,4,0,FRE_0,EVE_0,1
164.0,30,EMP_1,GRA_1,550000,5,1,FRE_0,EVE_0,1
165.0,29,EMP_1,GRA_0,1200000,4,0,FRE_0,EVE_0,0
166.0,34,EMP_1,GRA_0,1300000,4,0,FRE_0,EVE_0,0
167.0,33,EMP_1,GRA_0,1400000,8,1,FRE_0,EVE_1,1
168.0,25,EMP_1,GRA_1,1150000,2,0,FRE_0,EVE_1,0
169.0,29,EMP_1,GRA_0,1100000,4,1,FRE_0,EVE_0,0
170.0,28,EMP_0,GRA_0,300000,7,1,FRE_0,EVE_0,0
171.0,28,EMP_0,GRA_0,300000,4,0,FRE_0,EVE_0,0
172.0,28,EMP_1,GRA_0,700000,2,1,FRE_0,EVE_0,0
173.0,25,EMP_1,GRA_0,1400000,6,0,FRE_1,EVE_1,1
174.0,34,EMP_1,GRA_0,1000000,3,0,FRE_1,EVE_0,0
175.0,28,EMP_1,GRA_0,1150000,2,0,FRE_0,EVE_0,1
176.0,32,EMP_0,GRA_0,350000,3,1,FRE_0,EVE_1,1
177.0,28,EMP_1,GRA_0,1250000,9,1,FRE_0,EVE_0,0
178.0,32,EMP_0,GRA_0,800000,3,0,FRE_1,EVE_0,1
179.0,28,EMP_1,GRA_0,700000,4,1,FRE_0,EVE_0,1
180.0,28,EMP_1,GRA_0,800000,6,0,FRE_0,EVE_0,0
181.0,32,EMP_0,GRA_0,350000,3,0,FRE_0,EVE_0,0
182.0,28,EMP_1,GRA_0,1150000,4,1,FRE_0,EVE_0,0
183.0,34,EMP_1,GRA_0,700000,3,1,FRE_0,EVE_0,0
184.0,35,EMP_1,GRA_1,800000,4,0,FRE_0,EVE_0,0
185.0,31,EMP_0,GRA_0,400000,5,0,FRE_0,EVE_0,0
186.0,34,EMP_1,GRA_0,850000,5,0,FRE_0,EVE_0,0
187.0,28,EMP_1,GRA_0,550000,8,1,FRE_0,EVE_0,0
188.0,29,EMP_1,GRA_0,1200000,7,1,FRE_0,EVE_0,0
189.0,28,EMP_1,GRA_0,600000,3,0,FRE_0,EVE_0,0
190.0,26,EMP_1,GRA_0,450000,3,0,FRE_0,EVE_0,0
191.0,33,EMP_1,GRA_0,1500000,3,0,FRE_1,EVE_1,1
192.0,33,EMP_1,GRA_0,550000,5,0,FRE_0,EVE_0,0
193.0,34,EMP_1,GRA_0,1300000,2,0,FRE_0,EVE_0,0
194.0,28,EMP_1,GRA_0,700000,3,0,FRE_0,EVE_0,1
195.0,31,EMP_1,GRA_0,1250000,4,0,FRE_0,EVE_1,0
196.0,28,EMP_1,GRA_0,800000,5,1,FRE_0,EVE_0,0
197.0,29,EMP_1,GRA_0,900000,4,0,FRE_0,EVE_0,0
198.0,28,EMP_1,GRA_0,1100000,9,0,FRE_0,EVE_0,0
199.0,25,EMP_1,GRA_0,500000,5,1,FRE_0,EVE_0,0
200.0,28,EMP_0,GRA_0,300000,7,0,FRE_0,EVE_0,0
201.0,26,EMP_1,GRA_0,1400000,4,1,FRE_0,EVE_1,1
202.0,34,EMP_1,GRA_0,500000,4,0,FRE_0,EVE_0,0
203.0,28,EMP_1,GRA_0,800000,6,1,FRE_0,EVE_0,0
204.0,30,EMP_1,GRA_1,800000,4,0,FRE_0,EVE_0,0
205.0,28,EMP_1,GRA_0,1250000,3,1,FRE_0,EVE_0,1
206.0,25,EMP_1,GRA_1,1700000,3,0,FRE_1,EVE_0,1
207.0,27,EMP_0,GRA_0,500000,6,1,FRE_0,EVE_0,0
208.0,34,EMP_1,GRA_0,1000000,5,0,FRE_0,EVE_0,0
209.0,25,EMP_1,GRA_0,1800000,6,0,FRE_1,EVE_0,1
210.0,28,EMP_1,GRA_0,800000,8,1,FRE_0,EVE_0,0
211.0,35,EMP_0,GRA_0,900000,7,0,FRE_0,EVE_0,1
212.0,27,EMP_0,GRA_0,850000,3,0,FRE_0,EVE_0,1
213.0,27,EMP_0,GRA_0,1050000,3,0,FRE_1,EVE_0,1
214.0,26,EMP_1,GRA_0,1500000,7,0,FRE_1,EVE_1,0
215.0,29,EMP_1,GRA_0,350000,9,1,FRE_0,EVE_0,0
216.0,28,EMP_1,GRA_0,550000,6,1,FRE_0,EVE_0,0
217.0,35,EMP_0,GRA_0,1100000,3,1,FRE_0,EVE_0,1
218.0,26,EMP_1,GRA_0,600000,3,0,FRE_1,EVE_0,0
219.0,28,EMP_1,GRA_0,700000,4,0,FRE_1,EVE_0,0
220.0,31,EMP_0,GRA_1,400000,3,0,FRE_0,EVE_0,0
221.0,29,EMP_1,GRA_0,1100000,5,0,FRE_1,EVE_0,0
222.0,28,EMP_1,GRA_0,600000,3,0,FRE_0,EVE_0,1
223.0,26,EMP_0,GRA_0,1450000,7,0,FRE_1,EVE_1,1
224.0,26,EMP_1,GRA_0,1300000,7,0,FRE_0,EVE_0,1
225.0,31,EMP_1,GRA_0,1350000,7,0,FRE_1,EVE_1,1
226.0,25,EMP_1,GRA_0,1700000,5,0,FRE_1,EVE_0,1
227.0,29,EMP_1,GRA_0,1200000,7,0,FRE_0,EVE_0,1
228.0,31,EMP_0,GRA_1,300000,4,0,FRE_0,EVE_0,0
229.0,29,EMP_1,GRA_0,500000,3,1,FRE_0,EVE_0,1
230.0,28,EMP_1,GRA_0,600000,5,0,FRE_0,EVE_1,1
231.0,30,EMP_1,GRA_1,800000,6,0,FRE_1,EVE_0,0
232.0,33,EMP_0,GRA_0,800000,3,0,FRE_0,EVE_0,0
233.0,29,EMP_1,GRA_0,1100000,3,1,FRE_0,EVE_0,0
234.0,31,EMP_1,GRA_0,1400000,3,0,FRE_0,EVE_1,1
235.0,31,EMP_1,GRA_0,900000,5,0,FRE_0,EVE_0,0
236.0,29,EMP_1,GRA_0,900000,7,0,FRE_0,EVE_0,0
237.0,29,EMP_1,GRA_0,1350000,8,0,FRE_0,EVE_1,1
238.0,28,EMP_1,GRA_0,1150000,8,1,FRE_0,EVE_0,0
239.0,29,EMP_1,GRA_0,1050000,4,0,FRE_1,EVE_0,0
240.0,34,EMP_1,GRA_1,1400000,4,0,FRE_0,EVE_1,1
241.0,31,EMP_0,GRA_0,400000,9,1,FRE_0,EVE_0,0
242.0,31,EMP_1,GRA_0,1250000,4,1,FRE_0,EVE_0,0
243.0,34,EMP_1,GRA_0,1300000,3,0,FRE_1,EVE_0,0
244.0,26,EMP_1,GRA_0,600000,6,0,FRE_1,EVE_0,0
245.0,28,EMP_1,GRA_0,500000,5,0,FRE_0,EVE_0,0
246.0,34,EMP_1,GRA_0,1300000,3,0,FRE_0,EVE_1,0
247.0,30,EMP_1,GRA_1,1450000,7,0,FRE_1,EVE_1,1
248.0,31,EMP_1,GRA_0,500000,6,0,FRE_0,EVE_0,0
249.0,25,EMP_1,GRA_1,1700000,3,1,FRE_1,EVE_0,0
250.0,28,EMP_0,GRA_0,300000,4,0,FRE_0,EVE_0,0
251.0,29,EMP_1,GRA_0,350000,4,0,FRE_0,EVE_0,0
252.0,34,EMP_1,GRA_0,1500000,5,0,FRE_1,EVE_1,1
253.0,33,EMP_1,GRA_0,1400000,7,0,FRE_0,EVE_1,1
254.0,28,EMP_1,GRA_1,550000,6,0,FRE_0,EVE_0,0
255.0,29,EMP_1,GRA_0,1100000,9,0,FRE_0,EVE_0,0
256.0,28,EMP_1,GRA_0,1200000,4,0,FRE_0,EVE_0,1
257.0,27,EMP_0,GRA_0,1050000,7,0,FRE_0,EVE_0,1
258.0,31,EMP_0,GRA_1,300000,9,1,FRE_0,EVE_0,0
259.0,28,EMP_1,GRA_0,1150000,6,1,FRE_0,EVE_0,0
260.0,34,EMP_1,GRA_0,1500000,5,1,FRE_1,EVE_1,1
261.0,29,EMP_1,GRA_0,1200000,7,0,FRE_0,EVE_0,0
262.0,26,EMP_1,GRA_0,1500000,5,1,FRE_1,EVE_1,1
263.0,25,EMP_1,GRA_1,1700000,5,0,FRE_1,EVE_1,1
264.0,29,EMP_1,GRA_0,500000,3,0,FRE_0,EVE_0,0
265.0,35,EMP_0,GRA_0,900000,3,1,FRE_0,EVE_0,0
266.0,35,EMP_1,GRA_1,800000,6,1,FRE_0,EVE_0,1
267.0,32,EMP_0,GRA_0,800000,4,0,FRE_0,EVE_0,0
268.0,31,EMP_0,GRA_1,300000,7,0,FRE_0,EVE_0,0
269.0,28,EMP_1,GRA_0,1200000,4,0,FRE_0,EVE_0,0
270.0,28,EMP_1,GRA_0,1150000,4,0,FRE_0,EVE_0,0
271.0,27,EMP_0,GRA_0,500000,5,0,FRE_0,EVE_0,0
272.0,26,EMP_1,GRA_0,1400000,3,0,FRE_0,EVE_1,1
273.0,28,EMP_1,GRA_1,550000,3,0,FRE_0,EVE_0,0
274.0,25,EMP_1,GRA_0,1700000,3,0,FRE_1,EVE_0,1
275.0,31,EMP_1,GRA_0,1250000,4,0,FRE_0,EVE_0,0
276.0,28,EMP_1,GRA_0,700000,5,0,FRE_0,EVE_0,0
277.0,34,EMP_1,GRA_0,700000,6,0,FRE_1,EVE_1,1
278.0,34,EMP_1,GRA_0,1000000,5,0,FRE_0,EVE_0,0
279.0,29,EMP_1,GRA_0,600000,3,1,FRE_0,EVE_0,0
280.0,31,EMP_0,GRA_0,1200000,4,0,FRE_0,EVE_0,0
281.0,27,EMP_1,GRA_1,800000,6,0,FRE_0,EVE_0,1
282.0,31,EMP_0,GRA_0,400000,6,0,FRE_0,EVE_0,0
283.0,28,EMP_1,GRA_0,500000,6,1,FRE_0,EVE_0,0
284.0,33,EMP_0,GRA_0,700000,3,0,FRE_0,EVE_0,0
285.0,28,EMP_0,GRA_1,300000,6,0,FRE_0,EVE_0,0
286.0,25,EMP_1,GRA_0,1400000,6,0,FRE_0,EVE_1,1
287.0,33,EMP_1,GRA_0,550000,7,1,FRE_1,EVE_0,1
288.0,26,EMP_1,GRA_0,1250000,3,0,FRE_0,EVE_0,0
289.0,30,EMP_1,GRA_1,800000,4,0,FRE_0,EVE_0,0
290.0,34,EMP_1,GRA_1,950000,3,0,FRE_0,EVE_0,0
291.0,28,EMP_1,GRA_1,550000,4,0,FRE_0,EVE_0,0
292.0,29,EMP_1,GRA_0,1100000,3,0,FRE_0,EVE_0,0
293.0,34,EMP_1,GRA_0,1000000,6,0,FRE_1,EVE_1,1
294.0,28,EMP_1,GRA_0,1100000,2,0,FRE_0,EVE_0,1
295.0,26,EMP_1,GRA_0,1400000,7,1,FRE_1,EVE_1,1
296.0,31,EMP_0,GRA_1,400000,4,0,FRE_0,EVE_0,0
297.0,28,EMP_0,GRA_0,300000,6,1,FRE_0,EVE_0,0
298.0,29,EMP_1,GRA_0,500000,6,0,FRE_0,EVE_0,0
299.0,30,EMP_1,GRA_1,500000,3,0,FRE_0,EVE_0,0
300.0,29,EMP_1,GRA_0,600000,8,1,FRE_0,EVE_0,1
301.0,29,EMP_1,GRA_0,1350000,4,0,FRE_0,EVE_1,1
302.0,28,EMP_0,GRA_1,300000,4,0,FRE_0,EVE_0,0
303.0,28,EMP_1,GRA_0,1100000,4,0,FRE_0,EVE_0,0
304.0,34,EMP_1,GRA_0,1050000,4,1,FRE_0,EVE_0,0
305.0,28,EMP_1,GRA_0,500000,5,1,FRE_0,EVE_0,1
306.0,34,EMP_1,GRA_1,1300000,5,0,FRE_0,EVE_0,0
307.0,28,EMP_1,GRA_0,1150000,6,0,FRE_0,EVE_0,0
308.0,28,EMP_1,GRA_0,800000,2,1,FRE_0,EVE_0,0
309.0,33,EMP_0,GRA_0,1100000,8,0,FRE_0,EVE_0,1
310.0,26,EMP_1,GRA_0,1400000,6,0,FRE_0,EVE_1,1
311.0,27,EMP_0,GRA_0,1050000,6,1,FRE_0,EVE_0,0
312.0,30,EMP_1,GRA_1,650000,5,0,FRE_0,EVE_0,0
313.0,34,EMP_1,GRA_0,700000,7,0,FRE_0,EVE_0,1
314.0,32,EMP_0,GRA_0,350000,5,0,FRE_0,EVE_0,0
315.0,28,EMP_1,GRA_0,700000,8,1,FRE_1,EVE_0,0
316.0,28,EMP_1,GRA_0,1100000,3,0,FRE_0,EVE_0,0
317.0,34,EMP_1,GRA_0,1000000,3,0,FRE_0,EVE_0,0
318.0,34,EMP_1,GRA_0,1300000,3,0,FRE_0,EVE_0,0
319.0,31,EMP_0,GRA_0,1200000,6,0,FRE_0,EVE_0,0
320.0,33,EMP_0,GRA_0,400000,4,0,FRE_0,EVE_0,0
321.0,28,EMP_1,GRA_0,1150000,3,0,FRE_0,EVE_0,0
322.0,34,EMP_1,GRA_0,700000,2,0,FRE_0,EVE_0,0
323.0,28,EMP_1,GRA_1,550000,4,0,FRE_0,EVE_0,0
324.0,28,EMP_1,GRA_0,1200000,5,0,FRE_0,EVE_0,0
325.0,29,EMP_1,GRA_0,1200000,4,0,FRE_0,EVE_0,0
326.0,34,EMP_1,GRA_0,1050000,5,0,FRE_0,EVE_0,0
327.0,35,EMP_0,GRA_0,1100000,2,1,FRE_0,EVE_0,0
328.0,34,EMP_1,GRA_0,700000,5,0,FRE_0,EVE_0,0
329.0,26,EMP_0,GRA_0,500000,6,1,FRE_0,EVE_0,0
330.0,27,EMP_0,GRA_0,500000,4,0,FRE_0,EVE_0,0
331.0,32,EMP_0,GRA_0,350000,3,0,FRE_0,EVE_0,1
332.0,27,EMP_0,GRA_0,500000,3,1,FRE_0,EVE_0,0
333.0,33,EMP_1,GRA_0,1400000,5,1,FRE_1,EVE_1,1
334.0,33,EMP_1,GRA_0,750000,7,1,FRE_0,EVE_0,1
335.0,28,EMP_0,GRA_0,1200000,3,0,FRE_0,EVE_0,1
336.0,27,EMP_0,GRA_0,1050000,5,1,FRE_0,EVE_0,1
337.0,33,EMP_1,GRA_0,750000,4,0,FRE_0,EVE_0,0
338.0,28,EMP_1,GRA_0,700000,5,0,FRE_1,EVE_0,0
339.0,33,EMP_0,GRA_0,1000000,3,0,FRE_0,EVE_1,0
340.0,34,EMP_1,GRA_0,850000,4,0,FRE_0,EVE_1,0
341.0,26,EMP_0,GRA_0,550000,5,0,FRE_0,EVE_0,1
342.0,34,EMP_1,GRA_0,1000000,4,0,FRE_0,EVE_0,0
343.0,33,EMP_1,GRA_0,750000,3,1,FRE_0,EVE_0,0
344.0,28,EMP_1,GRA_0,1150000,4,0,FRE_0,EVE_0,1
345.0,28,EMP_1,GRA_0,550000,9,0,FRE_0,EVE_0,0
346.0,26,EMP_1,GRA_0,600000,6,1,FRE_0,EVE_0,0
347.0,31,EMP_1,GRA_0,950000,5,0,FRE_0,EVE_0,0
348.0,28,EMP_0,GRA_0,300000,5,0,FRE_0,EVE_0,0
349.0,33,EMP_1,GRA_0,550000,8,0,FRE_0,EVE_0,0
350.0,28,EMP_1,GRA_0,1300000,6,0,FRE_0,EVE_0,0
351.0,28,EMP_0,GRA_0,300000,5,1,FRE_0,EVE_0,0
352.0,30,EMP_1,GRA_1,800000,9,0,FRE_0,EVE_0,0
353.0,35,EMP_1,GRA_1,800000,4,0,FRE_0,EVE_0,0
354.0,28,EMP_1,GRA_0,1300000,6,0,FRE_0,EVE_0,1
355.0,28,EMP_1,GRA_0,750000,2,0,FRE_0,EVE_0,1
356.0,27,EMP_0,GRA_0,1050000,7,0,FRE_0,EVE_0,0
357.0,31,EMP_1,GRA_0,500000,8,0,FRE_0,EVE_0,1
358.0,29,EMP_1,GRA_0,1050000,5,1,FRE_0,EVE_1,0
359.0,26,EMP_1,GRA_0,1500000,5,1,FRE_1,EVE_1,1
360.0,33,EMP_0,GRA_0,1000000,5,0,FRE_0,EVE_1,1
361.0,34,EMP_1,GRA_0,700000,5,0,FRE_1,EVE_0,1
362.0,26,EMP_1,GRA_0,1500000,5,1,FRE_1,EVE_1,1
363.0,28,EMP_1,GRA_0,800000,6,0,FRE_0,EVE_1,0
364.0,25,EMP_1,GRA_1,1150000,4,0,FRE_1,EVE_0,0
365.0,31,EMP_0,GRA_1,1750000,2,0,FRE_0,EVE_0,0
366.0,34,EMP_1,GRA_0,500000,5,0,FRE_0,EVE_0,0
367.0,26,EMP_1,GRA_0,1400000,4,1,FRE_0,EVE_1,1
368.0,35,EMP_1,GRA_1,800000,4,0,FRE_0,EVE_0,0
369.0,28,EMP_1,GRA_0,550000,4,0,FRE_0,EVE_0,0
370.0,31,EMP_1,GRA_0,500000,4,1,FRE_0,EVE_0,1
371.0,27,EMP_0,GRA_0,750000,5,0,FRE_0,EVE_0,0
372.0,30,EMP_1,GRA_1,550000,3,0,FRE_0,EVE_0,1
373.0,31,EMP_1,GRA_0,1350000,9,1,FRE_0,EVE_1,1
374.0,33,EMP_1,GRA_0,1500000,4,0,FRE_1,EVE_1,1
375.0,27,EMP_0,GRA_0,1050000,5,0,FRE_1,EVE_0,0
376.0,32,EMP_0,GRA_0,800000,6,0,FRE_0,EVE_0,1
377.0,28,EMP_1,GRA_0,800000,5,0,FRE_1,EVE_0,0
378.0,26,EMP_1,GRA_0,600000,7,1,FRE_0,EVE_0,0
379.0,25,EMP_1,GRA_0,1700000,3,0,FRE_1,EVE_0,1
380.0,29,EMP_1,GRA_0,500000,6,0,FRE_0,EVE_0,1
381.0,30,EMP_1,GRA_1,650000,6,0,FRE_1,EVE_0,0
382.0,31,EMP_1,GRA_0,1350000,3,0,FRE_1,EVE_1,1
383.0,28,EMP_0,GRA_0,300000,3,0,FRE_0,EVE_0,0
384.0,27,EMP_0,GRA_0,850000,6,0,FRE_0,EVE_0,0
385.0,34,EMP_1,GRA_0,1050000,5,0,FRE_0,EVE_0,1
386.0,33,EMP_1,GRA_0,1500000,3,1,FRE_1,EVE_1,1
387.0,34,EMP_0,GRA_0,1300000,4,0,FRE_0,EVE_0,0
388.0,28,EMP_1,GRA_0,800000,3,0,FRE_0,EVE_0,0
389.0,29,EMP_1,GRA_0,1200000,8,0,FRE_0,EVE_0,0
390.0,33,EMP_0,GRA_0,400000,3,0,FRE_0,EVE_0,0
391.0,28,EMP_0,GRA_0,300000,4,0,FRE_0,EVE_0,0
392.0,33,EMP_0,GRA_0,400000,6,0,FRE_0,EVE_0,1
393.0,34,EMP_1,GRA_0,1050000,8,0,FRE_0,EVE_0,1
394.0,30,EMP_1,GRA_1,800000,3,0,FRE_0,EVE_0,0
395.0,34,EMP_1,GRA_0,1000000,6,1,FRE_0,EVE_0,1
396.0,28,EMP_0,GRA_0,600000,2,0,FRE_1,EVE_0,0
397.0,27,EMP_0,GRA_0,850000,5,1,FRE_0,EVE_0,0
398.0,28,EMP_1,GRA_0,1100000,7,0,FRE_0,EVE_0,1
399.0,33,EMP_0,GRA_0,700000,8,0,FRE_0,EVE_0,1
400.0,34,EMP_1,GRA_0,1500000,6,1,FRE_1,EVE_1,1
401.0,33,EMP_0,GRA_0,400000,4,0,FRE_0,EVE_0,0
402.0,25,EMP_1,GRA_0,1400000,5,0,FRE_0,EVE_1,1
403.0,28,EMP_1,GRA_0,1250000,4,0,FRE_0,EVE_0,0
404.0,28,EMP_1,GRA_0,1250000,7,0,FRE_0,EVE_0,0
405.0,33,EMP_0,GRA_0,1100000,4,0,FRE_0,EVE_0,0
406.0,32,EMP_0,GRA_0,800000,4,0,FRE_1,EVE_1,0
407.0,27,EMP_0,GRA_0,500000,3,1,FRE_0,EVE_0,0
408.0,26,EMP_1,GRA_0,600000,4,1,FRE_0,EVE_0,0
409.0,28,EMP_1,GRA_0,900000,2,0,FRE_1,EVE_0,0
410.0,28,EMP_0,GRA_0,300000,6,1,FRE_0,EVE_0,0
411.0,28,EMP_1,GRA_0,550000,7,0,FRE_0,EVE_0,0
412.0,25,EMP_1,GRA_1,1150000,6,0,FRE_0,EVE_0,1
413.0,33,EMP_1,GRA_0,550000,5,0,FRE_0,EVE_0,1
414.0,30,EMP_1,GRA_1,800000,3,0,FRE_0,EVE_0,0
415.0,26,EMP_0,GRA_0,500000,5,0,FRE_0,EVE_0,0
416.0,31,EMP_0,GRA_0,400000,7,0,FRE_0,EVE_0,0
417.0,30,EMP_1,GRA_1,650000,4,0,FRE_0,EVE_0,0
418.0,26,EMP_1,GRA_0,1500000,5,0,FRE_1,EVE_1,1
419.0,32,EMP_0,GRA_0,800000,6,0,FRE_1,EVE_0,0
420.0,29,EMP_1,GRA_0,1050000,7,0,FRE_0,EVE_0,0
421.0,28,EMP_1,GRA_0,1150000,5,0,FRE_0,EVE_0,1
422.0,26,EMP_1,GRA_0,1400000,4,0,FRE_0,EVE_1,1
423.0,26,EMP_1,GRA_0,1400000,5,0,FRE_0,EVE_1,1
424.0,32,EMP_0,GRA_0,800000,6,1,FRE_0,EVE_0,0
425.0,27,EMP_1,GRA_1,800000,7,0,FRE_0,EVE_0,0
426.0,31,EMP_1,GRA_0,1350000,3,0,FRE_1,EVE_1,1
427.0,27,EMP_0,GRA_0,500000,3,1,FRE_0,EVE_0,0
428.0,25,EMP_0,GRA_0,750000,3,0,FRE_0,EVE_0,0
429.0,28,EMP_0,GRA_0,300000,5,1,FRE_0,EVE_0,0
430.0,28,EMP_0,GRA_1,300000,6,1,FRE_0,EVE_0,0
431.0,33,EMP_0,GRA_0,1100000,4,0,FRE_0,EVE_0,0
432.0,27,EMP_1,GRA_1,450000,4,0,FRE_0,EVE_0,0
433.0,27,EMP_1,GRA_1,1550000,7,0,FRE_1,EVE_0,1
434.0,26,EMP_1,GRA_0,450000,6,0,FRE_0,EVE_0,0
435.0,31,EMP_0,GRA_1,300000,3,0,FRE_0,EVE_0,0
436.0,27,EMP_0,GRA_0,1050000,4,1,FRE_0,EVE_0,1
437.0,26,EMP_1,GRA_0,450000,5,1,FRE_0,EVE_0,1
438.0,26,EMP_0,GRA_0,1450000,5,0,FRE_1,EVE_1,1
439.0,31,EMP_0,GRA_0,400000,4,0,FRE_0,EVE_0,0
440.0,32,EMP_0,GRA_0,900000,5,0,FRE_0,EVE_0,0
441.0,34,EMP_1,GRA_0,1500000,6,0,FRE_1,EVE_1,1
442.0,28,EMP_1,GRA_0,1200000,3,0,FRE_0,EVE_0,0
443.0,29,EMP_1,GRA_0,1350000,4,0,FRE_0,EVE_1,1
444.0,29,EMP_1,GRA_0,1200000,9,0,FRE_0,EVE_0,0
445.0,33,EMP_0,GRA_0,700000,2,0,FRE_0,EVE_0,0
446.0,34,EMP_1,GRA_0,1500000,3,0,FRE_1,EVE_1,1
447.0,31,EMP_0,GRA_0,400000,5,0,FRE_0,EVE_0,0
448.0,28,EMP_1,GRA_0,500000,3,0,FRE_0,EVE_0,0
449.0,31,EMP_0,GRA_0,1300000,4,0,FRE_0,EVE_0,0
450.0,28,EMP_1,GRA_0,800000,5,1,FRE_0,EVE_0,0
451.0,28,EMP_1,GRA_0,1100000,4,0,FRE_1,EVE_0,0
452.0,32,EMP_0,GRA_0,850000,3,0,FRE_0,EVE_0,0
453.0,34,EMP_1,GRA_0,1500000,4,1,FRE_1,EVE_1,1
454.0,28,EMP_1,GRA_0,1200000,3,0,FRE_0,EVE_0,0
455.0,34,EMP_1,GRA_0,500000,4,0,FRE_0,EVE_0,0
456.0,26,EMP_1,GRA_0,1400000,4,0,FRE_0,EVE_1,1
457.0,28,EMP_0,GRA_0,300000,7,1,FRE_0,EVE_0,0
458.0,31,EMP_1,GRA_0,1350000,3,0,FRE_0,EVE_1,1
459.0,31,EMP_0,GRA_1,300000,3,0,FRE_0,EVE_0,0
460.0,25,EMP_1,GRA_0,1400000,3,0,FRE_0,EVE_1,0
461.0,34,EMP_1,GRA_0,1500000,4,0,FRE_1,EVE_1,1
462.0,34,EMP_1,GRA_0,500000,3,0,FRE_0,EVE_0,0
463.0,28,EMP_1,GRA_0,600000,3,0,FRE_0,EVE_0,1
464.0,25,EMP_1,GRA_1,1150000,3,0,FRE_1,EVE_0,0
465.0,30,EMP_1,GRA_1,550000,4,0,FRE_0,EVE_0,0
466.0,31,EMP_1,GRA_0,1250000,9,1,FRE_0,EVE_0,0
467.0,33,EMP_1,GRA_0,1400000,3,0,FRE_0,EVE_1,1
468.0,33,EMP_1,GRA_0,1500000,7,0,FRE_1,EVE_1,1
469.0,25,EMP_1,GRA_1,1350000,6,0,FRE_0,EVE_1,1
470.0,28,EMP_1,GRA_0,700000,4,0,FRE_0,EVE_0,0
471.0,29,EMP_1,GRA_0,1100000,5,0,FRE_1,EVE_0,0
472.0,28,EMP_0,GRA_0,300000,4,0,FRE_0,EVE_0,0
473.0,32,EMP_0,GRA_0,650000,4,0,FRE_0,EVE_0,0
474.0,31,EMP_1,GRA_0,500000,3,1,FRE_0,EVE_0,1
475.0,27,EMP_0,GRA_0,500000,4,0,FRE_0,EVE_0,0
476.0,35,EMP_1,GRA_1,800000,3,0,FRE_0,EVE_0,1
477.0,31,EMP_0,GRA_0,400000,6,0,FRE_0,EVE_0,0
478.0,28,EMP_1,GRA_0,1350000,3,0,FRE_0,EVE_1,1
479.0,25,EMP_1,GRA_0,1400000,5,1,FRE_1,EVE_1,1
480.0,25,EMP_0,GRA_0,750000,4,0,FRE_0,EVE_0,1
481.0,26,EMP_1,GRA_0,750000,4,1,FRE_0,EVE_0,0
482.0,31,EMP_1,GRA_0,1100000,3,0,FRE_0,EVE_0,0
483.0,35,EMP_1,GRA_1,800000,4,0,FRE_0,EVE_0,0
484.0,27,EMP_1,GRA_1,450000,3,0,FRE_0,EVE_0,0
485.0,28,EMP_0,GRA_0,300000,5,0,FRE_0,EVE_0,0
486.0,28,EMP_1,GRA_0,1100000,4,1,FRE_0,EVE_0,0
487.0,29,EMP_1,GRA_0,1150000,4,1,FRE_0,EVE_1,0
488.0,28,EMP_1,GRA_0,1450000,4,0,FRE_1,EVE_1,1
489.0,30,EMP_1,GRA_1,800000,5,0,FRE_0,EVE_0,1
490.0,34,EMP_0,GRA_0,1300000,5,1,FRE_0,EVE_1,0
491.0,33,EMP_1,GRA_0,1500000,3,0,FRE_1,EVE_1,1
492.0,29,EMP_1,GRA_0,1350000,4,0,FRE_1,EVE_1,1
493.0,29,EMP_1,GRA_0,900000,7,0,FRE_1,EVE_0,0
494.0,28,EMP_0,GRA_0,600000,7,0,FRE_0,EVE_0,0
495.0,26,EMP_0,GRA_0,500000,3,0,FRE_0,EVE_0,0
496.0,29,EMP_1,GRA_0,1350000,5,0,FRE_0,EVE_1,1
497.0,32,EMP_0,GRA_0,350000,5,0,FRE_0,EVE_0,0
498.0,34,EMP_1,GRA_0,500000,7,0,FRE_0,EVE_0,0
499.0,29,EMP_1,GRA_0,500000,8,0,FRE_0,EVE_0,0
500.0,27,EMP_1,GRA_1,450000,3,0,FRE_0,EVE_0,0
501.0,27,EMP_0,GRA_0,750000,5,0,FRE_0,EVE_0,0
502.0,33,EMP_0,GRA_0,700000,3,1,FRE_0,EVE_0,1
503.0,31,EMP_1,GRA_0,1400000,6,0,FRE_0,EVE_1,1
504.0,31,EMP_1,GRA_0,1400000,4,1,FRE_0,EVE_1,1
505.0,34,EMP_1,GRA_0,500000,4,0,FRE_0,EVE_0,0
506.0,31,EMP_1,GRA_0,950000,3,0,FRE_1,EVE_0,0
507.0,33,EMP_1,GRA_0,1400000,5,0,FRE_0,EVE_1,1
508.0,28,EMP_1,GRA_0,750000,6,1,FRE_0,EVE_0,0
509.0,28,EMP_1,GRA_0,1150000,3,0,FRE_0,EVE_0,0
510.0,28,EMP_1,GRA_0,750000,3,0,FRE_0,EVE_0,0
511.0,29,EMP_1,GRA_0,1100000,8,0,FRE_0,EVE_0,0
512.0,31,EMP_0,GRA_0,400000,6,0,FRE_0,EVE_0,0
513.0,25,EMP_1,GRA_1,1150000,5,0,FRE_1,EVE_0,0
514.0,28,EMP_1,GRA_0,1100000,3,0,FRE_0,EVE_0,1
515.0,26,EMP_1,GRA_0,1400000,5,0,FRE_0,EVE_1,1
516.0,25,EMP_1,GRA_0,1400000,4,0,FRE_1,EVE_1,1
517.0,31,EMP_1,GRA_0,500000,6,0,FRE_0,EVE_0,1
518.0,28,EMP_1,GRA_0,500000,5,1,FRE_0,EVE_0,1
519.0,28,EMP_1,GRA_0,800000,3,1,FRE_0,EVE_0,0
520.0,29,EMP_1,GRA_0,350000,4,0,FRE_0,EVE_0,0
521.0,35,EMP_1,GRA_1,800000,6,0,FRE_0,EVE_0,1
522.0,26,EMP_1,GRA_0,1500000,3,0,FRE_1,EVE_1,1
523.0,28,EMP_1,GRA_0,550000,3,0,FRE_0,EVE_0,0
524.0,29,EMP_1,GRA_0,1100000,5,0,FRE_1,EVE_0,0
525.0,28,EMP_1,GRA_0,700000,4,0,FRE_0,EVE_0,0
526.0,32,EMP_0,GRA_0,850000,3,0,FRE_1,EVE_0,0
527.0,28,EMP_1,GRA_0,700000,2,1,FRE_0,EVE_0,0
528.0,28,EMP_1,GRA_0,750000,3,0,FRE_0,EVE_0,0
529.0,29,EMP_1,GRA_0,900000,9,1,FRE_0,EVE_0,1
530.0,34,EMP_1,GRA_1,1300000,5,1,FRE_0,EVE_0,0
531.0,28,EMP_1,GRA_0,700000,4,0,FRE_0,EVE_0,0
532.0,33,EMP_1,GRA_0,1400000,4,0,FRE_0,EVE_1,1
533.0,25,EMP_1,GRA_1,1150000,7,0,FRE_0,EVE_0,0
534.0,25,EMP_1,GRA_0,1400000,3,1,FRE_1,EVE_1,1
535.0,27,EMP_1,GRA_1,450000,5,0,FRE_0,EVE_0,0
536.0,25,EMP_1,GRA_0,1400000,3,0,FRE_1,EVE_1,1
537.0,33,EMP_0,GRA_0,1100000,5,0,FRE_0,EVE_0,0
538.0,28,EMP_0,GRA_0,1200000,3,0,FRE_0,EVE_0,0
539.0,29,EMP_1,GRA_0,1200000,5,1,FRE_0,EVE_0,0
540.0,31,EMP_1,GRA_0,1350000,6,1,FRE_0,EVE_1,1
541.0,32,EMP_0,GRA_0,350000,3,0,FRE_0,EVE_0,0
542.0,31,EMP_1,GRA_0,1100000,4,1,FRE_0,EVE_0,0
543.0,31,EMP_1,GRA_0,1350000,8,0,FRE_0,EVE_1,1
544.0,29,EMP_1,GRA_0,1050000,6,0,FRE_0,EVE_0,0
545.0,28,EMP_1,GRA_0,1200000,5,1,FRE_1,EVE_0,0
546.0,29,EMP_1,GRA_0,1200000,4,0,FRE_0,EVE_0,0
547.0,29,EMP_1,GRA_0,900000,4,0,FRE_1,EVE_0,0
548.0,28,EMP_1,GRA_1,550000,5,0,FRE_0,EVE_0,0
549.0,32,EMP_0,GRA_0,350000,5,0,FRE_0,EVE_0,0
550.0,28,EMP_1,GRA_0,550000,5,1,FRE_0,EVE_0,0
551.0,29,EMP_1,GRA_0,1050000,6,0,FRE_0,EVE_0,0
552.0,34,EMP_1,GRA_0,850000,5,0,FRE_0,EVE_0,1
553.0,34,EMP_1,GRA_0,500000,3,0,FRE_0,EVE_0,0
554.0,34,EMP_1,GRA_0,700000,5,0,FRE_0,EVE_0,1
555.0,28,EMP_0,GRA_0,300000,4,0,FRE_0,EVE_0,0
556.0,33,EMP_0,GRA_0,800000,4,0,FRE_0,EVE_0,0
557.0,32,EMP_0,GRA_0,900000,4,0,FRE_1,EVE_0,0
558.0,28,EMP_0,GRA_0,600000,4,1,FRE_0,EVE_0,0
559.0,27,EMP_1,GRA_1,450000,7,0,FRE_0,EVE_0,0
560.0,28,EMP_1,GRA_0,1200000,5,1,FRE_0,EVE_0,0
561.0,26,EMP_1,GRA_0,1400000,9,0,FRE_0,EVE_1,1
562.0,34,EMP_1,GRA_0,1500000,4,1,FRE_1,EVE_1,1
563.0,34,EMP_1,GRA_0,1500000,5,0,FRE_1,EVE_1,1
564.0,28,EMP_1,GRA_0,1100000,6,0,FRE_0,EVE_0,0
565.0,32,EMP_0,GRA_0,900000,2,0,FRE_1,EVE_0,0
566.0,33,EMP_0,GRA_0,650000,9,1,FRE_0,EVE_0,0
567.0,26,EMP_1,GRA_0,1400000,4,1,FRE_0,EVE_1,1
568.0,25,EMP_0,GRA_0,750000,5,0,FRE_0,EVE_0,0
569.0,28,EMP_1,GRA_0,1450000,4,0,FRE_1,EVE_1,1
570.0,27,EMP_0,GRA_0,750000,5,0,FRE_0,EVE_0,0
571.0,31,EMP_0,GRA_0,1500000,6,0,FRE_1,EVE_1,1
572.0,35,EMP_1,GRA_1,950000,6,0,FRE_1,EVE_0,1
573.0,28,EMP_1,GRA_0,1100000,5,1,FRE_0,EVE_0,0
574.0,27,EMP_0,GRA_0,500000,4,0,FRE_0,EVE_0,0
575.0,26,EMP_0,GRA_0,500000,4,0,FRE_0,EVE_0,0
576.0,25,EMP_1,GRA_0,1400000,4,0,FRE_0,EVE_1,1
577.0,34,EMP_0,GRA_0,1300000,4,0,FRE_0,EVE_0,0
578.0,34,EMP_1,GRA_0,850000,2,0,FRE_0,EVE_0,0
579.0,32,EMP_0,GRA_0,350000,5,0,FRE_0,EVE_0,0
580.0,29,EMP_1,GRA_0,1050000,5,0,FRE_0,EVE_0,0
581.0,28,EMP_1,GRA_0,1200000,3,0,FRE_0,EVE_0,0
582.0,31,EMP_1,GRA_0,900000,5,1,FRE_0,EVE_0,0
583.0,28,EMP_1,GRA_0,750000,5,1,FRE_0,EVE_0,0
584.0,29,EMP_1,GRA_0,1050000,6,1,FRE_0,EVE_1,0
585.0,28,EMP_1,GRA_0,700000,4,1,FRE_0,EVE_0,0
586.0,29,EMP_1,GRA_0,1200000,7,0,FRE_0,EVE_1,0
587.0,26,EMP_1,GRA_0,600000,4,0,FRE_1,EVE_0,0
588.0,25,EMP_1,GRA_0,1700000,4,0,FRE_1,EVE_0,1
589.0,35,EMP_1,GRA_1,800000,4,0,FRE_0,EVE_0,0
590.0,29,EMP_1,GRA_0,1200000,7,1,FRE_0,EVE_0,1
591.0,29,EMP_1,GRA_0,1200000,8,1,FRE_0,EVE_0,0
592.0,28,EMP_1,GRA_0,1150000,7,1,FRE_0,EVE_0,0
593.0,28,EMP_0,GRA_0,600000,7,0,FRE_0,EVE_0,0
594.0,28,EMP_0,GRA_0,300000,5,0,FRE_0,EVE_0,0
595.0,26,EMP_1,GRA_0,600000,5,1,FRE_0,EVE_0,0
596.0,26,EMP_1,GRA_0,1500000,6,0,FRE_1,EVE_1,1
597.0,26,EMP_0,GRA_0,500000,7,1,FRE_0,EVE_0,0
598.0,28,EMP_1,GRA_0,1100000,6,0,FRE_1,EVE_0,0
599.0,25,EMP_1,GRA_1,1150000,5,1,FRE_0,EVE_0,1
600.0,31,EMP_1,GRA_0,1250000,3,0,FRE_0,EVE_0,0
601.0,28,EMP_0,GRA_1,300000,5,0,FRE_0,EVE_0,0
602.0,35,EMP_1,GRA_1,800000,7,1,FRE_0,EVE_0,1
603.0,29,EMP_1,GRA_0,1200000,3,1,FRE_0,EVE_0,1
604.0,34,EMP_1,GRA_1,1300000,3,0,FRE_0,EVE_0,0
605.0,34,EMP_1,GRA_0,850000,4,0,FRE_0,EVE_0,1
606.0,34,EMP_1,GRA_0,1000000,4,0,FRE_0,EVE_0,1
607.0,27,EMP_1,GRA_1,450000,3,0,FRE_0,EVE_0,1
608.0,28,EMP_0,GRA_0,600000,3,0,FRE_0,EVE_0,0
609.0,29,EMP_1,GRA_0,1200000,4,0,FRE_0,EVE_0,0
610.0,34,EMP_0,GRA_0,1300000,3,0,FRE_0,EVE_0,0
611.0,27,EMP_0,GRA_0,1050000,3,0,FRE_0,EVE_0,0
612.0,34,EMP_1,GRA_0,1000000,5,0,FRE_0,EVE_0,0
613.0,32,EMP_0,GRA_0,350000,5,1,FRE_0,EVE_0,0
614.0,34,EMP_1,GRA_0,1500000,5,0,FRE_1,EVE_1,1
615.0,28,EMP_1,GRA_0,700000,7,0,FRE_0,EVE_0,0
616.0,29,EMP_1,GRA_0,1100000,2,0,FRE_0,EVE_0,0
617.0,34,EMP_1,GRA_0,700000,7,1,FRE_0,EVE_0,1
618.0,31,EMP_1,GRA_0,1100000,4,0,FRE_1,EVE_0,0
619.0,29,EMP_1,GRA_0,600000,4,1,FRE_1,EVE_0,0
620.0,26,EMP_1,GRA_0,1500000,6,0,FRE_1,EVE_1,1
621.0,26,EMP_1,GRA_0,500000,8,0,FRE_0,EVE_0,0
622.0,34,EMP_1,GRA_0,1050000,6,0,FRE_0,EVE_0,1
623.0,26,EMP_1,GRA_0,500000,9,0,FRE_0,EVE_0,0
624.0,33,EMP_0,GRA_0,400000,4,0,FRE_0,EVE_0,0
625.0,33,EMP_0,GRA_0,1000000,5,0,FRE_0,EVE_0,0
626.0,28,EMP_1,GRA_0,1150000,4,0,FRE_0,EVE_0,0
627.0,25,EMP_1,GRA_0,1700000,3,0,FRE_1,EVE_0,1
628.0,35,EMP_1,GRA_1,600000,9,0,FRE_0,EVE_0,0
629.0,35,EMP_1,GRA_1,800000,2,0,FRE_0,EVE_1,0
630.0,31,EMP_0,GRA_0,1300000,3,0,FRE_0,EVE_1,1
631.0,31,EMP_0,GRA_0,1300000,5,0,FRE_0,EVE_0,0
632.0,31,EMP_1,GRA_0,1350000,3,1,FRE_0,EVE_1,1
633.0,28,EMP_0,GRA_0,300000,8,0,FRE_0,EVE_0,0
634.0,31,EMP_0,GRA_1,300000,3,1,FRE_0,EVE_0,0
635.0,25,EMP_1,GRA_0,1400000,3,0,FRE_0,EVE_1,1
636.0,28,EMP_1,GRA_0,750000,6,0,FRE_1,EVE_0,0
637.0,35,EMP_0,GRA_0,900000,6,1,FRE_0,EVE_0,0
638.0,31,EMP_1,GRA_0,1100000,3,1,FRE_1,EVE_0,0
639.0,32,EMP_0,GRA_0,800000,4,0,FRE_0,EVE_0,0
640.0,34,EMP_1,GRA_1,1300000,6,0,FRE_1,EVE_0,1
641.0,26,EMP_1,GRA_0,600000,6,1,FRE_0,EVE_0,0
642.0,31,EMP_1,GRA_0,1250000,4,0,FRE_1,EVE_1,0
643.0,29,EMP_1,GRA_0,600000,4,0,FRE_0,EVE_0,1
644.0,33,EMP_0,GRA_0,400000,7,1,FRE_0,EVE_0,1
645.0,33,EMP_0,GRA_0,700000,7,0,FRE_0,EVE_0,1
646.0,26,EMP_0,GRA_0,550000,4,0,FRE_0,EVE_0,1
647.0,31,EMP_1,GRA_0,1100000,5,0,FRE_1,EVE_0,0
648.0,35,EMP_1,GRA_1,800000,3,1,FRE_0,EVE_0,0
649.0,34,EMP_1,GRA_0,1000000,4,0,FRE_0,EVE_0,1
650.0,34,EMP_1,GRA_0,500000,6,0,FRE_0,EVE_0,0
651.0,28,EMP_1,GRA_0,1100000,4,1,FRE_0,EVE_0,0
652.0,28,EMP_1,GRA_0,550000,4,0,FRE_0,EVE_0,0
653.0,28,EMP_1,GRA_0,1100000,4,0,FRE_0,EVE_0,0
654.0,27,EMP_0,GRA_0,1050000,7,1,FRE_0,EVE_0,0
655.0,25,EMP_0,GRA_0,750000,6,0,FRE_0,EVE_0,0
656.0,33,EMP_0,GRA_0,650000,5,1,FRE_0,EVE_0,1
657.0,31,EMP_0,GRA_1,300000,4,0,FRE_0,EVE_0,0
658.0,26,EMP_1,GRA_0,1400000,9,1,FRE_0,EVE_1,1
659.0,28,EMP_1,GRA_0,800000,9,0,FRE_0,EVE_0,1
660.0,26,EMP_1,GRA_0,500000,5,1,FRE_0,EVE_0,1
661.0,27,EMP_0,GRA_0,1050000,6,1,FRE_0,EVE_0,0
662.0,28,EMP_1,GRA_0,1100000,4,0,FRE_0,EVE_0,0
663.0,31,EMP_0,GRA_0,1300000,4,0,FRE_0,EVE_0,0
664.0,34,EMP_1,GRA_0,700000,3,0,FRE_0,EVE_0,0
665.0,35,EMP_1,GRA_1,950000,9,0,FRE_0,EVE_0,1
666.0,33,EMP_0,GRA_0,1750000,6,0,FRE_0,EVE_0,1
667.0,27,EMP_1,GRA_1,350000,5,1,FRE_0,EVE_0,0
668.0,33,EMP_0,GRA_0,1100000,2,1,FRE_0,EVE_1,0
669.0,33,EMP_1,GRA_0,1400000,5,0,FRE_0,EVE_1,1
670.0,31,EMP_1,GRA_0,1350000,5,0,FRE_0,EVE_1,1
671.0,26,EMP_1,GRA_0,600000,5,0,FRE_0,EVE_0,1
672.0,32,EMP_0,GRA_0,900000,4,0,FRE_0,EVE_0,0
673.0,34,EMP_0,GRA_0,1300000,2,0,FRE_0,EVE_0,0
674.0,26,EMP_1,GRA_0,600000,3,0,FRE_0,EVE_0,0
675.0,28,EMP_0,GRA_0,1100000,6,1,FRE_0,EVE_0,0
676.0,30,EMP_1,GRA_1,550000,5,0,FRE_0,EVE_0,0
677.0,26,EMP_1,GRA_0,1400000,3,0,FRE_0,EVE_1,1
678.0,28,EMP_1,GRA_0,1450000,5,0,FRE_1,EVE_1,1
679.0,34,EMP_1,GRA_0,1500000,9,0,FRE_1,EVE_1,1
680.0,34,EMP_1,GRA_0,1500000,5,0,FRE_1,EVE_1,1
681.0,27,EMP_0,GRA_0,900000,4,0,FRE_0,EVE_0,0
682.0,26,EMP_0,GRA_0,1450000,3,0,FRE_1,EVE_1,1
683.0,34,EMP_1,GRA_0,1500000,3,0,FRE_1,EVE_1,1
684.0,25,EMP_1,GRA_1,600000,4,0,FRE_1,EVE_0,0
685.0,28,EMP_1,GRA_0,1250000,5,0,FRE_0,EVE_0,0
686.0,26,EMP_0,GRA_0,500000,8,0,FRE_0,EVE_0,0
687.0,29,EMP_1,GRA_0,1200000,4,0,FRE_0,EVE_0,0
688.0,25,EMP_1,GRA_1,1700000,5,0,FRE_1,EVE_0,1
689.0,29,EMP_1,GRA_0,600000,6,0,FRE_0,EVE_0,0
690.0,26,EMP_1,GRA_0,1750000,3,0,FRE_0,EVE_0,0
691.0,33,EMP_0,GRA_0,1100000,4,0,FRE_0,EVE_0,1
692.0,34,EMP_1,GRA_0,500000,7,1,FRE_0,EVE_0,1
693.0,33,EMP_1,GRA_0,1400000,4,0,FRE_0,EVE_1,1
694.0,28,EMP_1,GRA_0,1200000,4,0,FRE_0,EVE_0,0
695.0,34,EMP_0,GRA_0,1100000,4,0,FRE_0,EVE_0,0
696.0,31,EMP_0,GRA_1,400000,3,0,FRE_0,EVE_0,0
697.0,28,EMP_1,GRA_0,800000,3,0,FRE_0,EVE_0,0
698.0,28,EMP_1,GRA_0,900000,4,1,FRE_0,EVE_0,1
699.0,33,EMP_1,GRA_0,1500000,5,1,FRE_1,EVE_1,1
700.0,28,EMP_1,GRA_0,750000,4,0,FRE_1,EVE_0,0
701.0,28,EMP_1,GRA_0,1250000,7,0,FRE_0,EVE_0,0
702.0,26,EMP_1,GRA_0,600000,4,1,FRE_0,EVE_0,0
703.0,28,EMP_0,GRA_0,1200000,5,1,FRE_0,EVE_0,0
704.0,29,EMP_1,GRA_0,500000,3,0,FRE_0,EVE_0,1
705.0,25,EMP_1,GRA_0,1400000,5,0,FRE_1,EVE_1,0
706.0,28,EMP_1,GRA_0,1100000,7,1,FRE_0,EVE_0,1
707.0,31,EMP_1,GRA_0,1250000,6,0,FRE_0,EVE_0,0
708.0,29,EMP_1,GRA_0,900000,3,0,FRE_0,EVE_0,0
709.0,34,EMP_1,GRA_0,1300000,6,1,FRE_0,EVE_0,0
710.0,34,EMP_1,GRA_0,1300000,4,1,FRE_0,EVE_0,0
711.0,29,EMP_1,GRA_0,600000,4,1,FRE_0,EVE_0,0
712.0,27,EMP_0,GRA_0,850000,2,0,FRE_0,EVE_0,0
713.0,35,EMP_1,GRA_1,950000,5,1,FRE_0,EVE_0,0
714.0,27,EMP_0,GRA_0,500000,2,0,FRE_0,EVE_0,1
715.0,28,EMP_1,GRA_0,700000,5,1,FRE_0,EVE_0,0
716.0,28,EMP_0,GRA_0,600000,5,0,FRE_0,EVE_0,0
717.0,26,EMP_1,GRA_0,750000,5,1,FRE_0,EVE_0,0
718.0,27,EMP_0,GRA_0,500000,4,1,FRE_0,EVE_0,1
719.0,28,EMP_1,GRA_0,650000,5,0,FRE_1,EVE_0,0
720.0,26,EMP_0,GRA_0,500000,3,0,FRE_0,EVE_0,0
721.0,34,EMP_0,GRA_0,1300000,5,0,FRE_1,EVE_0,1
722.0,31,EMP_1,GRA_0,1250000,4,0,FRE_0,EVE_0,0
723.0,28,EMP_0,GRA_0,600000,8,0,FRE_0,EVE_0,0
724.0,35,EMP_0,GRA_0,1100000,5,0,FRE_0,EVE_0,0
725.0,28,EMP_1,GRA_0,800000,4,1,FRE_0,EVE_0,0
726.0,27,EMP_1,GRA_1,450000,4,0,FRE_0,EVE_0,1
727.0,28,EMP_1,GRA_0,1150000,3,1,FRE_0,EVE_0,0
728.0,31,EMP_1,GRA_0,1250000,4,0,FRE_0,EVE_0,1
729.0,28,EMP_0,GRA_0,300000,3,0,FRE_0,EVE_0,0
730.0,34,EMP_1,GRA_0,1500000,4,0,FRE_1,EVE_1,1
731.0,28,EMP_1,GRA_0,1300000,2,1,FRE_0,EVE_0,0
732.0,28,EMP_0,GRA_0,300000,6,0,FRE_0,EVE_0,0
733.0,34,EMP_1,GRA_0,700000,6,0,FRE_0,EVE_0,1
734.0,30,EMP_1,GRA_1,550000,5,1,FRE_0,EVE_0,1
735.0,33,EMP_1,GRA_0,1500000,5,0,FRE_1,EVE_1,1
736.0,34,EMP_1,GRA_0,1300000,4,0,FRE_0,EVE_0,0
737.0,26,EMP_1,GRA_0,1400000,3,1,FRE_0,EVE_1,0
738.0,31,EMP_0,GRA_0,400000,6,0,FRE_0,EVE_0,0
739.0,34,EMP_1,GRA_0,700000,4,1,FRE_1,EVE_0,0
740.0,30,EMP_1,GRA_1,550000,3,0,FRE_0,EVE_0,0
741.0,35,EMP_1,GRA_1,800000,6,0,FRE_0,EVE_0,1
742.0,28,EMP_1,GRA_0,800000,4,0,FRE_0,EVE_0,0
743.0,33,EMP_0,GRA_0,650000,5,0,FRE_1,EVE_0,1
744.0,30,EMP_1,GRA_1,550000,5,0,FRE_0,EVE_0,0
745.0,33,EMP_0,GRA_0,400000,5,1,FRE_0,EVE_0,0
746.0,28,EMP_1,GRA_0,500000,5,1,FRE_0,EVE_0,1
747.0,28,EMP_1,GRA_0,550000,5,0,FRE_0,EVE_0,0
748.0,28,EMP_1,GRA_0,1100000,8,0,FRE_0,EVE_0,0
749.0,33,EMP_0,GRA_0,1750000,4,0,FRE_0,EVE_0,0
750.0,34,EMP_1,GRA_0,1300000,7,0,FRE_0,EVE_0,1
751.0,28,EMP_0,GRA_0,300000,4,0,FRE_0,EVE_0,0
752.0,34,EMP_1,GRA_0,1000000,4,1,FRE_0,EVE_0,0
753.0,27,EMP_0,GRA_0,1050000,2,1,FRE_0,EVE_0,0
754.0,34,EMP_1,GRA_1,1300000,4,0,FRE_0,EVE_0,0
755.0,34,EMP_1,GRA_1,1400000,4,0,FRE_0,EVE_1,0
756.0,35,EMP_1,GRA_1,800000,4,0,FRE_0,EVE_0,0
757.0,28,EMP_1,GRA_0,800000,7,0,FRE_0,EVE_0,1
758.0,28,EMP_0,GRA_0,600000,7,1,FRE_0,EVE_0,0
759.0,32,EMP_0,GRA_0,350000,4,0,FRE_0,EVE_0,0
760.0,26,EMP_1,GRA_0,500000,6,0,FRE_0,EVE_0,0
761.0,34,EMP_1,GRA_0,1000000,4,0,FRE_0,EVE_0,0
762.0,32,EMP_0,GRA_0,800000,6,1,FRE_0,EVE_0,0
763.0,34,EMP_0,GRA_0,1300000,9,1,FRE_0,EVE_0,1
764.0,28,EMP_1,GRA_0,700000,4,1,FRE_0,EVE_0,0
765.0,28,EMP_0,GRA_0,600000,3,0,FRE_1,EVE_0,0
766.0,34,EMP_1,GRA_0,1300000,6,0,FRE_0,EVE_0,1
767.0,28,EMP_1,GRA_0,600000,6,0,FRE_0,EVE_0,0
768.0,29,EMP_1,GRA_0,1200000,4,0,FRE_0,EVE_0,0
769.0,34,EMP_1,GRA_0,700000,4,1,FRE_0,EVE_0,0
770.0,25,EMP_1,GRA_1,1700000,3,0,FRE_1,EVE_0,1
771.0,27,EMP_0,GRA_0,850000,5,0,FRE_0,EVE_0,0
772.0,25,EMP_1,GRA_1,1150000,3,1,FRE_0,EVE_1,0
773.0,33,EMP_1,GRA_0,750000,4,1,FRE_0,EVE_0,0
774.0,28,EMP_1,GRA_0,1250000,4,1,FRE_0,EVE_0,0
775.0,31,EMP_0,GRA_0,1300000,6,0,FRE_0,EVE_0,0
776.0,31,EMP_1,GRA_0,950000,7,0,FRE_1,EVE_0,0
777.0,34,EMP_1,GRA_0,1500000,4,0,FRE_1,EVE_1,1
778.0,31,EMP_0,GRA_0,400000,5,0,FRE_0,EVE_0,0
779.0,28,EMP_1,GRA_0,1100000,4,1,FRE_0,EVE_0,1
780.0,31,EMP_1,GRA_0,1250000,5,1,FRE_0,EVE_0,0
781.0,28,EMP_1,GRA_0,900000,4,0,FRE_1,EVE_0,0
782.0,28,EMP_1,GRA_0,1150000,5,0,FRE_0,EVE_0,0
783.0,32,EMP_0,GRA_0,350000,3,0,FRE_0,EVE_0,0
784.0,34,EMP_1,GRA_0,1050000,5,0,FRE_0,EVE_0,0
785.0,34,EMP_1,GRA_0,700000,5,1,FRE_0,EVE_1,0
786.0,25,EMP_1,GRA_1,1150000,3,0,FRE_0,EVE_0,0
787.0,34,EMP_1,GRA_0,1000000,4,1,FRE_0,EVE_0,1
788.0,28,EMP_1,GRA_0,1200000,3,0,FRE_0,EVE_0,1
789.0,32,EMP_0,GRA_0,850000,7,1,FRE_0,EVE_0,1
790.0,28,EMP_1,GRA_0,700000,4,0,FRE_0,EVE_0,0
791.0,32,EMP_0,GRA_0,650000,5,1,FRE_0,EVE_0,0
792.0,26,EMP_1,GRA_0,500000,5,1,FRE_0,EVE_0,1
793.0,26,EMP_1,GRA_0,1500000,3,0,FRE_1,EVE_1,1
794.0,28,EMP_1,GRA_0,800000,4,1,FRE_0,EVE_1,0
795.0,29,EMP_1,GRA_0,1200000,7,0,FRE_0,EVE_0,0
796.0,26,EMP_1,GRA_0,1400000,5,0,FRE_0,EVE_1,1
797.0,27,EMP_1,GRA_1,350000,4,0,FRE_0,EVE_0,0
798.0,31,EMP_0,GRA_1,300000,4,0,FRE_0,EVE_0,0
799.0,28,EMP_1,GRA_0,500000,4,1,FRE_0,EVE_0,0
800.0,29,EMP_1,GRA_0,900000,5,0,FRE_0,EVE_0,0
801.0,34,EMP_1,GRA_0,850000,3,1,FRE_0,EVE_1,0
802.0,26,EMP_1,GRA_0,500000,4,1,FRE_0,EVE_0,1
803.0,33,EMP_0,GRA_0,600000,7,0,FRE_0,EVE_0,1
804.0,27,EMP_1,GRA_1,350000,5,1,FRE_0,EVE_0,0
805.0,25,EMP_1,GRA_1,600000,4,0,FRE_1,EVE_0,0
806.0,28,EMP_1,GRA_0,1100000,4,0,FRE_0,EVE_0,0
807.0,32,EMP_0,GRA_0,900000,5,0,FRE_1,EVE_0,0
808.0,28,EMP_1,GRA_0,900000,3,0,FRE_0,EVE_0,0
809.0,25,EMP_1,GRA_1,1150000,3,0,FRE_0,EVE_0,0
810.0,28,EMP_1,GRA_0,1100000,4,0,FRE_0,EVE_0,0
811.0,34,EMP_1,GRA_0,1050000,5,0,FRE_0,EVE_0,0
812.0,30,EMP_1,GRA_1,550000,7,0,FRE_0,EVE_0,0
813.0,25,EMP_1,GRA_0,500000,4,1,FRE_0,EVE_0,1
814.0,34,EMP_1,GRA_0,1500000,5,0,FRE_1,EVE_1,1
815.0,28,EMP_1,GRA_0,800000,5,0,FRE_0,EVE_0,0
816.0,32,EMP_0,GRA_0,850000,3,0,FRE_0,EVE_0,1
817.0,28,EMP_1,GRA_0,1150000,3,0,FRE_1,EVE_0,0
818.0,26,EMP_1,GRA_0,500000,6,0,FRE_0,EVE_0,0
819.0,33,EMP_1,GRA_0,550000,5,0,FRE_1,EVE_0,0
820.0,34,EMP_1,GRA_0,1000000,4,0,FRE_0,EVE_0,1
821.0,34,EMP_1,GRA_0,1500000,5,1,FRE_1,EVE_1,1
822.0,28,EMP_1,GRA_0,750000,4,0,FRE_0,EVE_0,0
823.0,28,EMP_1,GRA_0,1200000,6,1,FRE_0,EVE_0,0
824.0,32,EMP_0,GRA_0,650000,3,0,FRE_0,EVE_0,1
825.0,34,EMP_1,GRA_1,1300000,4,0,FRE_0,EVE_0,0
826.0,31,EMP_1,GRA_0,1400000,6,0,FRE_0,EVE_1,1
827.0,28,EMP_1,GRA_0,750000,2,0,FRE_0,EVE_0,1
828.0,34,EMP_1,GRA_0,1500000,4,1,FRE_1,EVE_1,1
829.0,28,EMP_1,GRA_0,550000,4,0,FRE_0,EVE_0,0
830.0,28,EMP_1,GRA_0,800000,7,0,FRE_1,EVE_0,0
831.0,30,EMP_1,GRA_1,800000,3,0,FRE_0,EVE_0,0
832.0,28,EMP_1,GRA_0,1150000,5,0,FRE_0,EVE_0,0
833.0,28,EMP_1,GRA_0,700000,3,0,FRE_0,EVE_0,0
834.0,33,EMP_1,GRA_0,1400000,8,0,FRE_0,EVE_1,0
835.0,28,EMP_1,GRA_0,800000,7,1,FRE_0,EVE_0,1
836.0,26,EMP_0,GRA_0,500000,6,0,FRE_0,EVE_0,0
837.0,35,EMP_1,GRA_1,800000,6,0,FRE_1,EVE_0,1
838.0,27,EMP_1,GRA_1,800000,5,0,FRE_0,EVE_0,0
839.0,31,EMP_0,GRA_0,1200000,6,1,FRE_0,EVE_0,0
840.0,31,EMP_0,GRA_1,400000,3,0,FRE_0,EVE_0,0
841.0,28,EMP_1,GRA_0,800000,6,0,FRE_0,EVE_1,0
842.0,28,EMP_1,GRA_0,650000,5,0,FRE_0,EVE_1,0
843.0,29,EMP_1,GRA_0,900000,7,0,FRE_0,EVE_0,1
844.0,34,EMP_1,GRA_0,700000,6,0,FRE_1,EVE_0,1
845.0,34,EMP_1,GRA_1,1300000,4,0,FRE_0,EVE_0,1
846.0,34,EMP_1,GRA_0,1500000,3,0,FRE_1,EVE_1,1
847.0,34,EMP_1,GRA_0,1300000,4,0,FRE_0,EVE_0,1
848.0,33,EMP_0,GRA_0,400000,5,0,FRE_0,EVE_0,0
849.0,30,EMP_1,GRA_1,800000,4,0,FRE_0,EVE_0,1
850.0,34,EMP_1,GRA_1,750000,4,0,FRE_1,EVE_0,0
851.0,33,EMP_0,GRA_0,650000,4,0,FRE_0,EVE_0,1
852.0,31,EMP_0,GRA_1,350000,3,0,FRE_0,EVE_0,0
853.0,29,EMP_1,GRA_0,500000,7,0,FRE_0,EVE_0,1
854.0,34,EMP_1,GRA_0,1000000,6,1,FRE_0,EVE_0,1
855.0,27,EMP_1,GRA_1,1550000,6,0,FRE_1,EVE_0,1
856.0,31,EMP_1,GRA_0,1400000,4,0,FRE_0,EVE_1,1
857.0,26,EMP_1,GRA_0,600000,4,0,FRE_0,EVE_0,0
858.0,30,EMP_1,GRA_1,550000,5,0,FRE_1,EVE_0,0
859.0,28,EMP_0,GRA_0,600000,4,1,FRE_0,EVE_0,0
860.0,28,EMP_1,GRA_0,1250000,6,0,FRE_0,EVE_1,0
861.0,31,EMP_0,GRA_0,1200000,6,0,FRE_0,EVE_0,0
862.0,28,EMP_0,GRA_0,300000,2,0,FRE_0,EVE_0,0
863.0,27,EMP_0,GRA_0,1050000,5,0,FRE_1,EVE_0,0
864.0,25,EMP_1,GRA_1,1150000,4,0,FRE_0,EVE_0,0
865.0,33,EMP_0,GRA_0,1100000,2,0,FRE_0,EVE_0,0
866.0,28,EMP_1,GRA_0,800000,5,1,FRE_0,EVE_0,0
867.0,30,EMP_1,GRA_1,650000,6,1,FRE_0,EVE_0,1
868.0,28,EMP_0,GRA_0,300000,3,0,FRE_0,EVE_0,0
869.0,28,EMP_1,GRA_0,1200000,5,0,FRE_0,EVE_0,0
870.0,28,EMP_1,GRA_0,1200000,5,0,FRE_0,EVE_0,0
871.0,27,EMP_0,GRA_0,500000,6,0,FRE_0,EVE_0,0
872.0,28,EMP_1,GRA_0,550000,3,0,FRE_0,EVE_0,1
873.0,26,EMP_0,GRA_0,500000,5,0,FRE_0,EVE_0,0
874.0,28,EMP_1,GRA_0,1200000,4,1,FRE_0,EVE_1,0
875.0,27,EMP_0,GRA_0,850000,4,1,FRE_0,EVE_0,0
876.0,28,EMP_1,GRA_0,750000,4,0,FRE_0,EVE_0,0
877.0,26,EMP_1,GRA_0,1400000,3,1,FRE_0,EVE_1,1
878.0,26,EMP_1,GRA_0,1500000,5,0,FRE_1,EVE_1,1
879.0,28,EMP_1,GRA_0,750000,2,0,FRE_0,EVE_0,0
880.0,33,EMP_0,GRA_0,1000000,4,0,FRE_1,EVE_1,0
881.0,29,EMP_1,GRA_0,1100000,4,0,FRE_0,EVE_1,0
882.0,28,EMP_0,GRA_0,1200000,4,0,FRE_0,EVE_0,1
883.0,33,EMP_0,GRA_0,1100000,4,1,FRE_0,EVE_0,0
884.0,28,EMP_1,GRA_0,1100000,5,0,FRE_0,EVE_0,0
885.0,28,EMP_0,GRA_0,600000,4,0,FRE_0,EVE_0,0
886.0,28,EMP_1,GRA_0,1450000,6,0,FRE_1,EVE_1,1
887.0,33,EMP_1,GRA_0,1500000,4,1,FRE_1,EVE_1,1
888.0,33,EMP_1,GRA_0,1400000,5,0,FRE_1,EVE_1,0
889.0,29,EMP_1,GRA_0,1200000,3,1,FRE_0,EVE_1,1
890.0,34,EMP_1,GRA_1,1300000,5,0,FRE_1,EVE_0,1
891.0,27,EMP_1,GRA_1,450000,7,0,FRE_0,EVE_0,0
892.0,25,EMP_1,GRA_0,1700000,4,0,FRE_1,EVE_0,1
893.0,31,EMP_1,GRA_0,1650000,2,0,FRE_1,EVE_0,1
894.0,31,EMP_1,GRA_0,950000,3,0,FRE_1,EVE_0,0
895.0,33,EMP_0,GRA_0,800000,6,0,FRE_0,EVE_0,1
896.0,27,EMP_0,GRA_0,1050000,3,0,FRE_0,EVE_0,0
897.0,29,EMP_1,GRA_0,1100000,4,0,FRE_0,EVE_0,0
898.0,31,EMP_1,GRA_0,1250000,5,0,FRE_0,EVE_0,1
899.0,27,EMP_0,GRA_0,750000,6,0,FRE_0,EVE_0,0
900.0,28,EMP_0,GRA_0,300000,4,0,FRE_0,EVE_0,0
901.0,30,EMP_1,GRA_1,1450000,5,1,FRE_1,EVE_1,1
902.0,28,EMP_1,GRA_0,500000,4,0,FRE_0,EVE_0,0
903.0,25,EMP_1,GRA_0,1700000,3,0,FRE_1,EVE_0,1
904.0,28,EMP_1,GRA_0,700000,5,0,FRE_1,EVE_0,0
905.0,31,EMP_1,GRA_0,1350000,6,0,FRE_0,EVE_1,1
906.0,32,EMP_0,GRA_0,800000,6,0,FRE_1,EVE_0,0
907.0,27,EMP_1,GRA_1,450000,3,0,FRE_0,EVE_0,1
908.0,28,EMP_1,GRA_0,550000,4,1,FRE_0,EVE_0,0
909.0,28,EMP_1,GRA_0,700000,4,1,FRE_0,EVE_1,0
910.0,29,EMP_0,GRA_0,600000,3,0,FRE_0,EVE_0,0
911.0,29,EMP_1,GRA_0,1100000,3,0,FRE_0,EVE_0,0
912.0,32,EMP_0,GRA_0,350000,4,1,FRE_0,EVE_0,0
913.0,28,EMP_1,GRA_0,900000,5,0,FRE_0,EVE_0,0
914.0,28,EMP_1,GRA_0,900000,2,0,FRE_1,EVE_0,0
915.0,34,EMP_1,GRA_0,1300000,3,0,FRE_0,EVE_0,0
916.0,28,EMP_0,GRA_0,300000,6,0,FRE_0,EVE_0,0
917.0,28,EMP_1,GRA_0,500000,3,0,FRE_0,EVE_0,0
918.0,28,EMP_1,GRA_0,700000,4,1,FRE_0,EVE_0,0
919.0,30,EMP_1,GRA_1,650000,3,0,FRE_0,EVE_0,0
920.0,33,EMP_0,GRA_0,600000,4,0,FRE_0,EVE_0,0
921.0,25,EMP_1,GRA_1,1150000,4,0,FRE_0,EVE_0,0
922.0,31,EMP_1,GRA_0,500000,6,1,FRE_0,EVE_0,0
923.0,28,EMP_1,GRA_0,1150000,6,0,FRE_0,EVE_0,0
924.0,27,EMP_1,GRA_1,600000,4,0,FRE_1,EVE_0,0
925.0,25,EMP_1,GRA_0,1750000,4,0,FRE_0,EVE_1,1
926.0,26,EMP_0,GRA_0,1450000,3,1,FRE_1,EVE_1,1
927.0,31,EMP_1,GRA_0,900000,5,1,FRE_1,EVE_0,0
928.0,33,EMP_1,GRA_0,1400000,3,0,FRE_0,EVE_1,1
929.0,29,EMP_1,GRA_0,500000,5,0,FRE_0,EVE_0,1
930.0,26,EMP_1,GRA_0,1250000,3,1,FRE_0,EVE_0,1
931.0,34,EMP_1,GRA_0,1000000,4,0,FRE_0,EVE_0,0
932.0,28,EMP_1,GRA_0,1100000,7,0,FRE_1,EVE_0,0
933.0,26,EMP_1,GRA_0,1300000,5,0,FRE_0,EVE_0,0
934.0,34,EMP_1,GRA_0,700000,5,0,FRE_0,EVE_0,1
935.0,34,EMP_1,GRA_0,1300000,4,1,FRE_0,EVE_0,1
936.0,29,EMP_1,GRA_0,500000,3,1,FRE_0,EVE_0,0
937.0,32,EMP_0,GRA_0,650000,5,0,FRE_1,EVE_0,0
938.0,33,EMP_0,GRA_0,400000,4,0,FRE_0,EVE_0,0
939.0,34,EMP_1,GRA_0,700000,4,0,FRE_1,EVE_0,1
940.0,29,EMP_1,GRA_0,1200000,5,0,FRE_0,EVE_0,0
941.0,31,EMP_1,GRA_0,1400000,6,1,FRE_0,EVE_1,0
942.0,28,EMP_1,GRA_0,800000,4,0,FRE_0,EVE_0,0
943.0,25,EMP_1,GRA_0,1700000,5,0,FRE_1,EVE_0,1
944.0,33,EMP_0,GRA_0,400000,6,0,FRE_0,EVE_0,1
945.0,28,EMP_1,GRA_0,900000,9,1,FRE_0,EVE_1,0
946.0,29,EMP_1,GRA_0,1050000,5,0,FRE_0,EVE_0,0
947.0,28,EMP_1,GRA_0,800000,5,0,FRE_1,EVE_0,0
948.0,25,EMP_1,GRA_1,1150000,3,1,FRE_0,EVE_0,0
949.0,31,EMP_1,GRA_0,1250000,7,0,FRE_0,EVE_0,0
950.0,33,EMP_0,GRA_0,400000,5,0,FRE_0,EVE_0,0
951.0,30,EMP_1,GRA_1,1450000,3,1,FRE_1,EVE_1,1
952.0,31,EMP_1,GRA_0,950000,4,1,FRE_0,EVE_0,1
953.0,35,EMP_1,GRA_1,800000,6,0,FRE_0,EVE_0,1
954.0,29,EMP_1,GRA_0,500000,4,0,FRE_0,EVE_0,1
955.0,28,EMP_0,GRA_0,1200000,8,0,FRE_1,EVE_0,1
956.0,29,EMP_1,GRA_0,500000,3,0,FRE_0,EVE_0,0
957.0,29,EMP_1,GRA_0,1050000,4,0,FRE_0,EVE_0,0
958.0,28,EMP_0,GRA_0,300000,3,1,FRE_0,EVE_0,0
959.0,32,EMP_0,GRA_0,800000,6,1,FRE_0,EVE_0,1
960.0,34,EMP_1,GRA_0,1300000,5,1,FRE_0,EVE_0,0
961.0,31,EMP_1,GRA_0,1400000,4,0,FRE_1,EVE_1,1
962.0,25,EMP_1,GRA_0,1750000,3,0,FRE_0,EVE_1,1
963.0,27,EMP_0,GRA_0,850000,3,0,FRE_0,EVE_0,0
964.0,33,EMP_0,GRA_0,700000,6,1,FRE_0,EVE_0,1
965.0,31,EMP_0,GRA_0,400000,5,0,FRE_0,EVE_0,0
966.0,29,EMP_1,GRA_0,350000,9,1,FRE_0,EVE_0,0
967.0,34,EMP_0,GRA_0,1300000,4,0,FRE_0,EVE_0,1
968.0,31,EMP_0,GRA_1,300000,6,0,FRE_0,EVE_0,0
969.0,30,EMP_1,GRA_1,550000,3,0,FRE_0,EVE_0,0
970.0,28,EMP_1,GRA_0,1250000,6,0,FRE_1,EVE_0,0
971.0,31,EMP_0,GRA_1,350000,4,1,FRE_0,EVE_0,0
972.0,26,EMP_1,GRA_0,1400000,6,0,FRE_0,EVE_1,1
973.0,34,EMP_1,GRA_0,1500000,7,0,FRE_1,EVE_1,1
974.0,25,EMP_1,GRA_0,1400000,7,0,FRE_0,EVE_1,1
975.0,28,EMP_1,GRA_0,550000,5,0,FRE_0,EVE_0,0
976.0,34,EMP_1,GRA_0,500000,5,0,FRE_0,EVE_0,0
977.0,28,EMP_1,GRA_0,700000,4,1,FRE_0,EVE_0,0
978.0,34,EMP_1,GRA_0,1050000,5,1,FRE_0,EVE_0,0
979.0,34,EMP_1,GRA_0,700000,6,0,FRE_0,EVE_0,1
980.0,29,EMP_1,GRA_0,1200000,8,0,FRE_1,EVE_0,0
981.0,28,EMP_1,GRA_0,1250000,3,0,FRE_0,EVE_0,0
982.0,25,EMP_1,GRA_0,1800000,4,1,FRE_1,EVE_0,1
983.0,26,EMP_1,GRA_0,600000,6,0,FRE_0,EVE_0,0
984.0,31,EMP_1,GRA_0,1250000,3,0,FRE_0,EVE_0,1
985.0,28,EMP_1,GRA_0,550000,5,0,FRE_0,EVE_0,0
986.0,34,EMP_1,GRA_0,1500000,3,1,FRE_1,EVE_1,1
987.0,33,EMP_0,GRA_0,700000,7,0,FRE_1,EVE_0,1
988.0,28,EMP_1,GRA_0,800000,4,1,FRE_0,EVE_0,0
989.0,29,EMP_1,GRA_0,500000,3,0,FRE_0,EVE_0,0
990.0,29,EMP_1,GRA_0,500000,5,0,FRE_0,EVE_0,0
991.0,28,EMP_1,GRA_0,700000,7,0,FRE_1,EVE_0,0
992.0,27,EMP_0,GRA_0,500000,5,0,FRE_0,EVE_0,0
993.0,33,EMP_0,GRA_0,1000000,3,0,FRE_0,EVE_0,0
994.0,29,EMP_1,GRA_0,1050000,5,1,FRE_0,EVE_0,1
995.0,31,EMP_0,GRA_1,350000,4,1,FRE_0,EVE_0,0
996.0,31,EMP_1,GRA_0,900000,3,0,FRE_0,EVE_0,0
997.0,27,EMP_0,GRA_0,1050000,4,0,FRE_0,EVE_0,0
998.0,34,EMP_0,GRA_0,1300000,5,1,FRE_0,EVE_0,1
999.0,34,EMP_1,GRA_0,1050000,5,0,FRE_1,EVE_0,0
1000.0,25,EMP_1,GRA_1,1150000,4,1,FRE_0,EVE_0,0
1001.0,29,EMP_1,GRA_0,1050000,7,0,FRE_0,EVE_0,0
1002.0,28,EMP_1,GRA_0,1150000,7,0,FRE_0,EVE_0,0
1003.0,31,EMP_0,GRA_0,400000,3,0,FRE_0,EVE_0,0
1004.0,26,EMP_1,GRA_0,1500000,4,0,FRE_1,EVE_1,1
1005.0,28,EMP_0,GRA_0,300000,5,0,FRE_0,EVE_0,0
1006.0,28,EMP_1,GRA_0,550000,4,0,FRE_1,EVE_0,0
1007.0,34,EMP_1,GRA_0,500000,4,0,FRE_0,EVE_0,0
1008.0,27,EMP_0,GRA_0,850000,6,0,FRE_1,EVE_0,0
1009.0,31,EMP_0,GRA_0,400000,9,0,FRE_0,EVE_0,0
1010.0,25,EMP_1,GRA_1,1150000,6,0,FRE_0,EVE_0,1
1011.0,29,EMP_1,GRA_0,1200000,4,0,FRE_1,EVE_0,0
1012.0,33,EMP_0,GRA_0,600000,8,0,FRE_0,EVE_0,1
1013.0,33,EMP_0,GRA_0,1000000,4,0,FRE_0,EVE_1,0
1014.0,34,EMP_1,GRA_0,1500000,3,0,FRE_1,EVE_1,1
1015.0,25,EMP_1,GRA_1,1150000,7,0,FRE_0,EVE_0,0
1016.0,28,EMP_1,GRA_0,800000,4,0,FRE_0,EVE_0,0
1017.0,26,EMP_1,GRA_0,600000,3,0,FRE_1,EVE_0,0
1018.0,26,EMP_1,GRA_0,500000,7,0,FRE_0,EVE_0,0
1019.0,28,EMP_1,GRA_0,1450000,6,0,FRE_1,EVE_1,1
1020.0,28,EMP_1,GRA_0,550000,5,0,FRE_1,EVE_0,0
1021.0,28,EMP_1,GRA_0,500000,5,1,FRE_0,EVE_0,0
1022.0,29,EMP_1,GRA_0,1350000,4,0,FRE_0,EVE_1,1
1023.0,26,EMP_1,GRA_0,750000,3,1,FRE_0,EVE_0,0
1024.0,28,EMP_0,GRA_0,600000,3,0,FRE_0,EVE_0,0
1025.0,29,EMP_1,GRA_0,600000,6,0,FRE_0,EVE_0,0
1026.0,34,EMP_1,GRA_0,500000,5,0,FRE_0,EVE_0,0
1027.0,29,EMP_1,GRA_0,1200000,4,0,FRE_0,EVE_0,0
1028.0,26,EMP_1,GRA_0,1400000,5,0,FRE_0,EVE_1,1
1029.0,32,EMP_0,GRA_0,800000,5,0,FRE_1,EVE_0,0
1030.0,34,EMP_1,GRA_0,1000000,4,0,FRE_0,EVE_0,0
1031.0,28,EMP_1,GRA_0,500000,5,0,FRE_0,EVE_0,1
1032.0,25,EMP_1,GRA_0,1400000,5,0,FRE_0,EVE_1,1
1033.0,31,EMP_1,GRA_0,1350000,5,0,FRE_0,EVE_1,1
1034.0,28,EMP_0,GRA_0,300000,3,0,FRE_0,EVE_0,0
1035.0,31,EMP_0,GRA_1,300000,5,0,FRE_0,EVE_0,0
1036.0,32,EMP_0,GRA_0,850000,4,1,FRE_0,EVE_0,0
1037.0,32,EMP_0,GRA_0,850000,4,0,FRE_1,EVE_0,0
1038.0,29,EMP_1,GRA_0,600000,3,0,FRE_0,EVE_0,0
1039.0,31,EMP_1,GRA_0,1350000,3,0,FRE_0,EVE_1,1
1040.0,30,EMP_1,GRA_1,1450000,6,0,FRE_1,EVE_1,1
1041.0,25,EMP_1,GRA_0,1400000,4,1,FRE_1,EVE_1,1
1042.0,28,EMP_0,GRA_0,1200000,6,1,FRE_0,EVE_0,0
1043.0,28,EMP_1,GRA_0,700000,4,1,FRE_0,EVE_0,0
1044.0,27,EMP_0,GRA_0,500000,7,0,FRE_0,EVE_0,0
1045.0,28,EMP_1,GRA_0,900000,8,0,FRE_0,EVE_0,0
1046.0,29,EMP_1,GRA_0,1200000,6,1,FRE_0,EVE_0,0
1047.0,31,EMP_1,GRA_0,1250000,6,0,FRE_0,EVE_0,0
1048.0,25,EMP_1,GRA_1,1350000,5,1,FRE_0,EVE_1,1
1049.0,25,EMP_1,GRA_1,1700000,3,0,FRE_1,EVE_0,1
1050.0,34,EMP_1,GRA_0,1000000,6,0,FRE_0,EVE_0,1
1051.0,29,EMP_1,GRA_0,1050000,3,0,FRE_1,EVE_0,0
1052.0,33,EMP_0,GRA_0,400000,7,1,FRE_0,EVE_0,1
1053.0,34,EMP_1,GRA_0,700000,3,1,FRE_0,EVE_0,0
1054.0,28,EMP_1,GRA_0,800000,4,0,FRE_1,EVE_0,0
1055.0,31,EMP_1,GRA_0,1750000,7,0,FRE_0,EVE_0,0
1056.0,29,EMP_1,GRA_0,900000,7,0,FRE_0,EVE_0,1
1057.0,28,EMP_0,GRA_0,600000,7,1,FRE_0,EVE_0,1
1058.0,28,EMP_0,GRA_0,300000,5,0,FRE_0,EVE_0,0
1059.0,29,EMP_1,GRA_0,1050000,2,1,FRE_1,EVE_0,0
1060.0,26,EMP_1,GRA_0,500000,2,1,FRE_0,EVE_0,0
1061.0,26,EMP_1,GRA_0,1500000,5,0,FRE_1,EVE_1,1
1062.0,28,EMP_1,GRA_0,1750000,5,1,FRE_0,EVE_1,0
1063.0,34,EMP_1,GRA_0,1500000,4,1,FRE_1,EVE_1,1
1064.0,30,EMP_1,GRA_1,750000,3,1,FRE_0,EVE_0,1
1065.0,28,EMP_1,GRA_0,1450000,5,0,FRE_1,EVE_1,1
1066.0,33,EMP_1,GRA_0,550000,4,0,FRE_0,EVE_0,1
1067.0,29,EMP_1,GRA_0,1350000,4,0,FRE_0,EVE_1,1
1068.0,29,EMP_1,GRA_0,1200000,5,0,FRE_0,EVE_0,0
1069.0,28,EMP_1,GRA_0,900000,6,1,FRE_1,EVE_0,0
1070.0,28,EMP_1,GRA_0,650000,2,1,FRE_0,EVE_0,1
1071.0,26,EMP_1,GRA_0,500000,2,0,FRE_0,EVE_0,0
1072.0,28,EMP_1,GRA_0,800000,2,0,FRE_0,EVE_0,0
1073.0,34,EMP_1,GRA_1,750000,3,0,FRE_1,EVE_0,0
1074.0,26,EMP_1,GRA_0,500000,5,0,FRE_0,EVE_0,0
1075.0,34,EMP_1,GRA_0,1000000,5,1,FRE_0,EVE_0,0
1076.0,28,EMP_1,GRA_0,800000,7,0,FRE_0,EVE_0,0
1077.0,28,EMP_1,GRA_0,700000,4,0,FRE_0,EVE_0,0
1078.0,30,EMP_1,GRA_1,650000,7,0,FRE_0,EVE_0,0
1079.0,26,EMP_1,GRA_0,1400000,5,0,FRE_0,EVE_1,1
1080.0,28,EMP_1,GRA_0,1200000,5,0,FRE_1,EVE_0,1
1081.0,32,EMP_0,GRA_0,800000,3,1,FRE_1,EVE_0,0
1082.0,35,EMP_0,GRA_0,1100000,8,0,FRE_1,EVE_0,1
1083.0,25,EMP_1,GRA_1,600000,4,0,FRE_1,EVE_1,0
1084.0,28,EMP_1,GRA_0,1250000,6,0,FRE_0,EVE_0,0
1085.0,25,EMP_1,GRA_1,1700000,5,0,FRE_1,EVE_0,1
1086.0,34,EMP_1,GRA_0,1050000,4,1,FRE_0,EVE_0,0
1087.0,29,EMP_1,GRA_0,1200000,5,0,FRE_0,EVE_1,0
1088.0,28,EMP_1,GRA_0,550000,4,0,FRE_0,EVE_0,0
1089.0,34,EMP_1,GRA_0,1000000,4,0,FRE_1,EVE_0,0
1090.0,28,EMP_1,GRA_0,600000,5,0,FRE_1,EVE_0,1
1091.0,32,EMP_0,GRA_0,850000,7,0,FRE_1,EVE_1,1
1092.0,31,EMP_1,GRA_0,1250000,3,0,FRE_0,EVE_0,0
1093.0,35,EMP_1,GRA_1,950000,4,0,FRE_0,EVE_0,1
1094.0,29,EMP_1,GRA_0,1100000,4,0,FRE_0,EVE_0,0
1095.0,27,EMP_0,GRA_0,500000,4,0,FRE_0,EVE_0,1
1096.0,31,EMP_1,GRA_0,950000,5,1,FRE_0,EVE_0,0
1097.0,27,EMP_0,GRA_0,750000,4,0,FRE_1,EVE_0,0
1098.0,31,EMP_0,GRA_0,400000,6,1,FRE_0,EVE_0,1
1099.0,31,EMP_1,GRA_0,1250000,7,1,FRE_0,EVE_0,0
1100.0,34,EMP_1,GRA_0,1500000,4,1,FRE_1,EVE_1,1
1101.0,34,EMP_1,GRA_0,1050000,3,0,FRE_0,EVE_0,0
1102.0,28,EMP_0,GRA_0,1200000,5,0,FRE_0,EVE_0,0
1103.0,31,EMP_1,GRA_0,900000,5,0,FRE_0,EVE_0,0
1104.0,27,EMP_0,GRA_0,850000,4,1,FRE_0,EVE_0,0
1105.0,34,EMP_1,GRA_0,850000,4,0,FRE_0,EVE_0,0
1106.0,28,EMP_1,GRA_0,700000,4,0,FRE_1,EVE_0,0
1107.0,26,EMP_1,GRA_0,1300000,4,0,FRE_0,EVE_0,1
1108.0,32,EMP_0,GRA_0,350000,2,0,FRE_0,EVE_0,0
1109.0,33,EMP_1,GRA_0,1400000,6,1,FRE_0,EVE_1,1
1110.0,31,EMP_1,GRA_0,1100000,4,0,FRE_0,EVE_0,0
1111.0,32,EMP_0,GRA_0,350000,6,0,FRE_0,EVE_0,0
1112.0,31,EMP_1,GRA_0,950000,6,0,FRE_0,EVE_0,0
1113.0,27,EMP_1,GRA_1,350000,4,1,FRE_0,EVE_0,0
1114.0,34,EMP_0,GRA_0,1100000,2,0,FRE_0,EVE_0,0
1115.0,34,EMP_1,GRA_0,1500000,6,0,FRE_1,EVE_1,1
1116.0,28,EMP_1,GRA_0,1200000,4,0,FRE_0,EVE_0,0
1117.0,31,EMP_1,GRA_0,950000,4,0,FRE_0,EVE_0,0
1118.0,31,EMP_1,GRA_0,900000,7,0,FRE_0,EVE_1,0
1119.0,28,EMP_1,GRA_0,1250000,6,1,FRE_0,EVE_0,0
1120.0,25,EMP_1,GRA_1,600000,3,1,FRE_0,EVE_0,0
1121.0,28,EMP_1,GRA_0,500000,4,0,FRE_0,EVE_0,1
1122.0,26,EMP_1,GRA_0,1250000,4,0,FRE_0,EVE_0,0
1123.0,28,EMP_1,GRA_0,800000,7,0,FRE_0,EVE_0,0
1124.0,27,EMP_0,GRA_0,850000,4,1,FRE_1,EVE_1,1
1125.0,27,EMP_0,GRA_0,850000,3,0,FRE_0,EVE_1,0
1126.0,26,EMP_1,GRA_0,1300000,5,0,FRE_0,EVE_0,0
1127.0,25,EMP_1,GRA_0,1400000,5,0,FRE_0,EVE_1,1
1128.0,33,EMP_1,GRA_0,550000,5,0,FRE_0,EVE_0,1
1129.0,29,EMP_1,GRA_0,1150000,5,1,FRE_1,EVE_0,0
1130.0,25,EMP_1,GRA_0,1400000,5,0,FRE_1,EVE_1,1
1131.0,27,EMP_0,GRA_0,1050000,3,0,FRE_1,EVE_0,1
1132.0,29,EMP_1,GRA_0,1050000,2,0,FRE_0,EVE_0,0
1133.0,29,EMP_1,GRA_0,1200000,3,0,FRE_0,EVE_0,1
1134.0,34,EMP_1,GRA_0,1500000,5,1,FRE_1,EVE_1,1
1135.0,27,EMP_1,GRA_1,350000,7,0,FRE_0,EVE_0,0
1136.0,26,EMP_1,GRA_0,1500000,2,0,FRE_1,EVE_1,1
1137.0,28,EMP_1,GRA_0,800000,3,0,FRE_0,EVE_0,0
1138.0,25,EMP_1,GRA_1,1350000,6,0,FRE_0,EVE_1,1
1139.0,33,EMP_0,GRA_0,800000,6,1,FRE_0,EVE_0,1
1140.0,31,EMP_0,GRA_0,1500000,7,0,FRE_1,EVE_1,0
1141.0,34,EMP_1,GRA_0,1500000,5,1,FRE_1,EVE_1,1
1142.0,31,EMP_0,GRA_1,350000,3,0,FRE_0,EVE_0,0
1143.0,34,EMP_1,GRA_0,500000,4,0,FRE_0,EVE_0,0
1144.0,28,EMP_0,GRA_0,300000,3,0,FRE_0,EVE_0,0
1145.0,26,EMP_1,GRA_0,1400000,9,1,FRE_0,EVE_1,1
1146.0,34,EMP_0,GRA_0,1300000,8,0,FRE_0,EVE_0,1
1147.0,34,EMP_1,GRA_0,500000,4,0,FRE_0,EVE_0,0
1148.0,25,EMP_1,GRA_1,1150000,8,0,FRE_0,EVE_0,0
1149.0,34,EMP_1,GRA_1,1400000,5,1,FRE_0,EVE_1,1
1150.0,28,EMP_1,GRA_0,800000,2,0,FRE_0,EVE_0,1
1151.0,32,EMP_0,GRA_0,850000,6,0,FRE_0,EVE_0,0
1152.0,33,EMP_0,GRA_0,650000,3,0,FRE_0,EVE_0,1
1153.0,29,EMP_1,GRA_0,900000,6,0,FRE_1,EVE_0,1
1154.0,29,EMP_1,GRA_0,1100000,7,1,FRE_1,EVE_0,1
1155.0,31,EMP_0,GRA_0,400000,7,0,FRE_0,EVE_0,0
1156.0,31,EMP_0,GRA_1,400000,4,1,FRE_0,EVE_0,0
1157.0,25,EMP_1,GRA_0,1700000,4,1,FRE_1,EVE_0,1
1158.0,34,EMP_1,GRA_0,1300000,5,0,FRE_0,EVE_0,0
1159.0,28,EMP_1,GRA_0,1400000,3,0,FRE_0,EVE_1,1
1160.0,27,EMP_0,GRA_0,900000,4,0,FRE_0,EVE_0,0
1161.0,29,EMP_1,GRA_0,1050000,4,0,FRE_0,EVE_0,1
1162.0,29,EMP_1,GRA_0,1200000,4,0,FRE_0,EVE_0,0
1163.0,33,EMP_0,GRA_0,600000,4,0,FRE_0,EVE_0,0
1164.0,27,EMP_0,GRA_0,850000,5,0,FRE_0,EVE_0,0
1165.0,28,EMP_0,GRA_0,300000,8,0,FRE_0,EVE_0,0
1166.0,34,EMP_1,GRA_0,1000000,7,0,FRE_0,EVE_0,1
1167.0,27,EMP_0,GRA_0,1050000,4,0,FRE_0,EVE_0,1
1168.0,33,EMP_1,GRA_0,1400000,4,0,FRE_0,EVE_1,1
1169.0,33,EMP_1,GRA_0,1400000,6,1,FRE_0,EVE_1,1
1170.0,25,EMP_1,GRA_1,1150000,5,0,FRE_0,EVE_0,1
1171.0,31,EMP_1,GRA_0,1400000,3,0,FRE_1,EVE_1,1
1172.0,28,EMP_1,GRA_0,800000,2,0,FRE_0,EVE_0,0
1173.0,31,EMP_1,GRA_0,1400000,6,1,FRE_0,EVE_1,0
1174.0,29,EMP_1,GRA_0,1200000,3,0,FRE_0,EVE_0,1
1175.0,28,EMP_1,GRA_0,1450000,4,0,FRE_1,EVE_1,1
1176.0,30,EMP_1,GRA_1,550000,4,0,FRE_0,EVE_0,0
1177.0,31,EMP_0,GRA_0,400000,3,0,FRE_0,EVE_0,0
1178.0,28,EMP_0,GRA_0,300000,4,0,FRE_0,EVE_0,0
1179.0,28,EMP_1,GRA_0,650000,4,0,FRE_0,EVE_0,0
1180.0,33,EMP_1,GRA_0,1500000,5,1,FRE_1,EVE_1,1
1181.0,32,EMP_0,GRA_0,350000,7,0,FRE_0,EVE_0,0
1182.0,31,EMP_1,GRA_0,500000,5,0,FRE_0,EVE_0,0
1183.0,33,EMP_0,GRA_0,400000,6,0,FRE_0,EVE_0,0
1184.0,29,EMP_1,GRA_0,1050000,3,0,FRE_0,EVE_0,1
1185.0,35,EMP_1,GRA_1,800000,5,0,FRE_0,EVE_0,1
1186.0,31,EMP_0,GRA_1,350000,3,1,FRE_0,EVE_0,0
1187.0,29,EMP_1,GRA_0,1200000,7,1,FRE_0,EVE_0,0
1188.0,29,EMP_1,GRA_0,600000,5,1,FRE_0,EVE_0,0
1189.0,32,EMP_0,GRA_0,800000,9,0,FRE_0,EVE_1,1
1190.0,32,EMP_0,GRA_0,350000,9,1,FRE_0,EVE_0,0
1191.0,31,EMP_1,GRA_0,1250000,6,0,FRE_1,EVE_0,1
1192.0,28,EMP_0,GRA_0,300000,8,0,FRE_0,EVE_0,0
1193.0,31,EMP_1,GRA_0,1400000,4,1,FRE_0,EVE_1,0
1194.0,25,EMP_1,GRA_0,1700000,2,1,FRE_1,EVE_0,1
1195.0,31,EMP_0,GRA_0,1200000,5,1,FRE_0,EVE_0,1
1196.0,29,EMP_1,GRA_0,600000,5,0,FRE_0,EVE_0,0
1197.0,28,EMP_1,GRA_0,800000,5,0,FRE_0,EVE_0,0
1198.0,27,EMP_0,GRA_0,500000,5,0,FRE_0,EVE_0,0
1199.0,26,EMP_0,GRA_0,500000,5,1,FRE_0,EVE_0,0
1200.0,26,EMP_1,GRA_0,1300000,4,0,FRE_0,EVE_0,0
1201.0,25,EMP_1,GRA_1,600000,6,0,FRE_0,EVE_0,0
1202.0,34,EMP_1,GRA_1,1400000,7,1,FRE_0,EVE_1,1
1203.0,35,EMP_1,GRA_1,800000,5,0,FRE_0,EVE_0,0
1204.0,28,EMP_1,GRA_0,800000,3,0,FRE_0,EVE_0,1
1205.0,27,EMP_0,GRA_0,850000,5,1,FRE_0,EVE_1,0
1206.0,26,EMP_1,GRA_0,600000,7,0,FRE_0,EVE_0,0
1207.0,31,EMP_1,GRA_0,1350000,5,0,FRE_0,EVE_1,1
1208.0,28,EMP_1,GRA_0,750000,6,0,FRE_1,EVE_0,0
1209.0,25,EMP_1,GRA_0,1400000,6,0,FRE_1,EVE_1,1
1210.0,34,EMP_1,GRA_0,1000000,9,0,FRE_0,EVE_0,0
1211.0,32,EMP_0,GRA_0,350000,7,0,FRE_0,EVE_0,0
1212.0,31,EMP_1,GRA_0,1250000,4,0,FRE_0,EVE_0,0
1213.0,26,EMP_1,GRA_0,1500000,3,0,FRE_1,EVE_1,1
1214.0,28,EMP_1,GRA_0,800000,6,1,FRE_0,EVE_0,0
1215.0,34,EMP_1,GRA_0,700000,3,0,FRE_1,EVE_0,0
1216.0,28,EMP_1,GRA_0,700000,7,0,FRE_0,EVE_0,0
1217.0,28,EMP_1,GRA_0,1150000,2,1,FRE_1,EVE_0,0
1218.0,28,EMP_1,GRA_0,550000,8,0,FRE_0,EVE_0,0
1219.0,29,EMP_1,GRA_0,1050000,5,0,FRE_0,EVE_0,0
1220.0,34,EMP_1,GRA_0,1000000,6,1,FRE_0,EVE_0,1
1221.0,31,EMP_1,GRA_0,1350000,4,0,FRE_0,EVE_1,1
1222.0,28,EMP_1,GRA_0,1100000,6,0,FRE_0,EVE_0,0
1223.0,32,EMP_0,GRA_0,350000,4,0,FRE_0,EVE_0,0
1224.0,34,EMP_0,GRA_0,1300000,6,0,FRE_0,EVE_1,1
1225.0,28,EMP_1,GRA_0,1350000,5,0,FRE_0,EVE_1,1
1226.0,26,EMP_1,GRA_0,1400000,3,0,FRE_0,EVE_1,1
1227.0,32,EMP_0,GRA_0,900000,6,0,FRE_0,EVE_0,0
1228.0,31,EMP_1,GRA_0,1750000,4,0,FRE_0,EVE_0,0
1229.0,32,EMP_0,GRA_0,350000,3,1,FRE_0,EVE_0,0
1230.0,31,EMP_1,GRA_0,1400000,3,0,FRE_1,EVE_1,1
1231.0,30,EMP_1,GRA_1,650000,3,1,FRE_0,EVE_0,0
1232.0,31,EMP_0,GRA_0,400000,4,0,FRE_0,EVE_0,0
1233.0,28,EMP_0,GRA_0,300000,3,0,FRE_0,EVE_0,0
1234.0,35,EMP_1,GRA_1,800000,3,0,FRE_1,EVE_0,0
1235.0,34,EMP_1,GRA_0,700000,5,1,FRE_0,EVE_0,0
1236.0,34,EMP_1,GRA_0,1000000,3,1,FRE_0,EVE_0,0
1237.0,33,EMP_1,GRA_0,1400000,3,0,FRE_0,EVE_1,1
1238.0,33,EMP_1,GRA_0,550000,4,0,FRE_1,EVE_0,0
1239.0,28,EMP_1,GRA_0,800000,5,0,FRE_0,EVE_0,0
1240.0,29,EMP_1,GRA_0,1200000,5,0,FRE_1,EVE_0,1
1241.0,35,EMP_1,GRA_1,800000,7,1,FRE_0,EVE_1,1
1242.0,25,EMP_1,GRA_1,1150000,5,0,FRE_0,EVE_0,0
1243.0,31,EMP_1,GRA_0,1250000,6,0,FRE_0,EVE_0,1
1244.0,34,EMP_0,GRA_0,1300000,5,0,FRE_0,EVE_0,0
1245.0,28,EMP_1,GRA_0,600000,3,0,FRE_0,EVE_0,0
1246.0,29,EMP_1,GRA_0,1100000,4,0,FRE_0,EVE_0,0
1247.0,25,EMP_1,GRA_1,600000,4,1,FRE_1,EVE_0,0
1248.0,31,EMP_0,GRA_0,400000,2,0,FRE_0,EVE_0,0
1249.0,29,EMP_1,GRA_0,500000,2,0,FRE_0,EVE_0,0
1250.0,32,EMP_0,GRA_0,800000,7,0,FRE_0,EVE_0,0
1251.0,32,EMP_0,GRA_0,900000,4,0,FRE_1,EVE_0,0
1252.0,33,EMP_1,GRA_0,550000,5,1,FRE_0,EVE_0,1
1253.0,35,EMP_1,GRA_1,950000,3,0,FRE_1,EVE_0,1
1254.0,35,EMP_0,GRA_0,900000,7,1,FRE_1,EVE_0,1
1255.0,28,EMP_1,GRA_0,1100000,6,1,FRE_0,EVE_0,0
1256.0,28,EMP_1,GRA_0,900000,4,0,FRE_0,EVE_0,1
1257.0,34,EMP_1,GRA_0,1050000,4,0,FRE_0,EVE_0,0
1258.0,31,EMP_0,GRA_0,1500000,4,0,FRE_1,EVE_1,1
1259.0,34,EMP_1,GRA_0,1500000,5,1,FRE_1,EVE_1,0
1260.0,25,EMP_1,GRA_0,1700000,5,0,FRE_1,EVE_0,1
1261.0,28,EMP_0,GRA_0,300000,6,0,FRE_0,EVE_0,1
1262.0,31,EMP_1,GRA_0,1250000,6,0,FRE_0,EVE_1,0
1263.0,33,EMP_1,GRA_0,1400000,6,0,FRE_1,EVE_1,1
1264.0,31,EMP_1,GRA_0,1250000,6,1,FRE_0,EVE_0,0
1265.0,28,EMP_1,GRA_0,1450000,9,0,FRE_1,EVE_1,1
1266.0,28,EMP_1,GRA_0,750000,5,0,FRE_0,EVE_0,0
1267.0,28,EMP_1,GRA_0,700000,7,1,FRE_1,EVE_1,1
1268.0,25,EMP_1,GRA_0,1400000,7,0,FRE_0,EVE_1,1
1269.0,28,EMP_0,GRA_0,600000,9,0,FRE_0,EVE_0,1
1270.0,25,EMP_1,GRA_1,1700000,5,1,FRE_1,EVE_1,0
1271.0,28,EMP_1,GRA_0,1150000,8,0,FRE_1,EVE_0,0
1272.0,28,EMP_1,GRA_0,800000,6,1,FRE_1,EVE_0,0
1273.0,33,EMP_1,GRA_0,1400000,2,1,FRE_0,EVE_1,1
1274.0,28,EMP_0,GRA_0,300000,5,0,FRE_0,EVE_0,0
1275.0,31,EMP_1,GRA_0,1350000,4,0,FRE_0,EVE_1,1
1276.0,25,EMP_0,GRA_0,750000,3,1,FRE_0,EVE_0,0
1277.0,25,EMP_1,GRA_1,1700000,4,0,FRE_1,EVE_0,1
1278.0,34,EMP_1,GRA_0,1000000,5,0,FRE_1,EVE_0,0
1279.0,28,EMP_1,GRA_0,700000,5,0,FRE_0,EVE_0,0
1280.0,32,EMP_0,GRA_0,800000,5,1,FRE_0,EVE_0,1
1281.0,34,EMP_1,GRA_0,1050000,5,1,FRE_0,EVE_0,0
1282.0,30,EMP_1,GRA_1,1450000,7,1,FRE_1,EVE_1,1
1283.0,33,EMP_0,GRA_0,1100000,8,0,FRE_0,EVE_0,1
1284.0,27,EMP_1,GRA_1,1000000,3,1,FRE_0,EVE_0,0
1285.0,34,EMP_1,GRA_0,1500000,7,1,FRE_1,EVE_1,1
1286.0,31,EMP_0,GRA_0,1300000,2,0,FRE_1,EVE_0,1
1287.0,29,EMP_1,GRA_0,1200000,3,0,FRE_0,EVE_1,0
1288.0,34,EMP_1,GRA_1,1300000,6,0,FRE_0,EVE_0,1
1289.0,34,EMP_1,GRA_0,1000000,6,0,FRE_0,EVE_0,1
1290.0,28,EMP_0,GRA_0,600000,4,0,FRE_0,EVE_0,0
1291.0,28,EMP_0,GRA_0,300000,6,0,FRE_0,EVE_0,0
1292.0,28,EMP_1,GRA_0,1150000,6,1,FRE_0,EVE_0,0
1293.0,25,EMP_1,GRA_1,600000,3,0,FRE_0,EVE_0,1
1294.0,26,EMP_1,GRA_0,450000,7,0,FRE_0,EVE_0,1
1295.0,28,EMP_0,GRA_0,1200000,5,0,FRE_0,EVE_0,1
1296.0,28,EMP_1,GRA_0,700000,4,1,FRE_0,EVE_0,0
1297.0,30,EMP_1,GRA_1,550000,8,0,FRE_0,EVE_0,0
1298.0,25,EMP_1,GRA_0,1800000,7,1,FRE_1,EVE_0,1
1299.0,25,EMP_1,GRA_0,1400000,4,0,FRE_0,EVE_1,1
1300.0,27,EMP_1,GRA_1,600000,6,0,FRE_0,EVE_0,1
1301.0,33,EMP_0,GRA_0,650000,4,0,FRE_0,EVE_1,1
1302.0,26,EMP_1,GRA_0,750000,5,0,FRE_0,EVE_0,0
1303.0,34,EMP_1,GRA_0,1000000,6,1,FRE_0,EVE_0,1
1304.0,26,EMP_1,GRA_0,1500000,4,0,FRE_1,EVE_1,1
1305.0,25,EMP_1,GRA_0,1400000,3,0,FRE_0,EVE_1,1
1306.0,31,EMP_1,GRA_0,500000,2,0,FRE_0,EVE_0,0
1307.0,31,EMP_0,GRA_0,1200000,2,1,FRE_0,EVE_0,0
1308.0,31,EMP_1,GRA_0,900000,4,1,FRE_0,EVE_0,1
1309.0,28,EMP_1,GRA_0,1150000,7,0,FRE_0,EVE_0,0
1310.0,28,EMP_1,GRA_0,700000,3,0,FRE_0,EVE_0,1
1311.0,35,EMP_1,GRA_1,800000,4,1,FRE_0,EVE_0,0
1312.0,31,EMP_1,GRA_0,1100000,4,0,FRE_0,EVE_0,0
1313.0,28,EMP_0,GRA_0,300000,4,0,FRE_0,EVE_0,0
1314.0,33,EMP_1,GRA_0,550000,5,1,FRE_0,EVE_0,0
1315.0,28,EMP_1,GRA_0,1100000,4,0,FRE_0,EVE_0,0
1316.0,30,EMP_1,GRA_1,750000,3,1,FRE_0,EVE_0,1
1317.0,29,EMP_1,GRA_0,1200000,5,0,FRE_0,EVE_0,0
1318.0,28,EMP_1,GRA_0,700000,4,0,FRE_0,EVE_0,0
1319.0,31,EMP_1,GRA_0,1250000,6,0,FRE_0,EVE_0,0
1320.0,28,EMP_1,GRA_0,1100000,6,0,FRE_0,EVE_0,0
1321.0,26,EMP_1,GRA_0,1500000,4,0,FRE_1,EVE_1,1
1322.0,33,EMP_1,GRA_0,550000,4,1,FRE_0,EVE_0,0
1323.0,29,EMP_1,GRA_0,350000,5,1,FRE_0,EVE_0,0
1324.0,27,EMP_1,GRA_1,1000000,6,0,FRE_0,EVE_0,0
1325.0,34,EMP_1,GRA_0,500000,5,0,FRE_0,EVE_0,0
1326.0,31,EMP_1,GRA_0,1350000,3,0,FRE_1,EVE_1,1
1327.0,34,EMP_1,GRA_0,1300000,6,0,FRE_0,EVE_0,1
1328.0,28,EMP_1,GRA_0,700000,6,1,FRE_0,EVE_0,0
1329.0,28,EMP_1,GRA_0,1150000,6,1,FRE_0,EVE_0,0
1330.0,31,EMP_1,GRA_0,1400000,3,0,FRE_1,EVE_1,1
1331.0,34,EMP_1,GRA_0,1000000,6,0,FRE_0,EVE_0,1
1332.0,28,EMP_1,GRA_0,1250000,7,0,FRE_0,EVE_0,0
1333.0,34,EMP_1,GRA_0,1500000,5,0,FRE_1,EVE_1,1
1334.0,27,EMP_0,GRA_0,500000,4,1,FRE_0,EVE_0,0
1335.0,31,EMP_0,GRA_0,1200000,7,0,FRE_0,EVE_0,0
1336.0,29,EMP_1,GRA_0,350000,3,0,FRE_0,EVE_0,1
1337.0,33,EMP_0,GRA_0,1000000,6,0,FRE_1,EVE_0,0
1338.0,28,EMP_0,GRA_0,300000,7,1,FRE_0,EVE_0,0
1339.0,31,EMP_0,GRA_1,400000,5,0,FRE_0,EVE_0,0
1340.0,28,EMP_1,GRA_0,700000,7,1,FRE_0,EVE_0,0
1341.0,25,EMP_1,GRA_0,1700000,3,0,FRE_1,EVE_0,1
1342.0,26,EMP_1,GRA_0,500000,4,0,FRE_0,EVE_0,0
1343.0,28,EMP_1,GRA_0,750000,3,0,FRE_0,EVE_0,0
1344.0,34,EMP_1,GRA_0,700000,4,0,FRE_0,EVE_0,0
1345.0,34,EMP_1,GRA_0,1000000,8,0,FRE_0,EVE_0,1
1346.0,28,EMP_1,GRA_0,500000,3,1,FRE_0,EVE_0,0
1347.0,34,EMP_1,GRA_0,850000,5,1,FRE_0,EVE_0,0
1348.0,34,EMP_1,GRA_0,1000000,5,1,FRE_1,EVE_0,0
1349.0,27,EMP_1,GRA_1,350000,4,0,FRE_0,EVE_0,0
1350.0,29,EMP_1,GRA_0,1200000,4,0,FRE_0,EVE_0,0
1351.0,31,EMP_0,GRA_0,1500000,6,0,FRE_1,EVE_1,1
1352.0,33,EMP_0,GRA_0,1000000,4,1,FRE_0,EVE_0,0
1353.0,29,EMP_1,GRA_0,900000,5,0,FRE_0,EVE_0,0
1354.0,33,EMP_0,GRA_0,1100000,4,0,FRE_0,EVE_0,1
1355.0,34,EMP_0,GRA_0,1300000,6,0,FRE_0,EVE_0,1
1356.0,28,EMP_1,GRA_0,1300000,4,1,FRE_0,EVE_0,0
1357.0,31,EMP_0,GRA_1,400000,4,1,FRE_0,EVE_0,0
1358.0,28,EMP_1,GRA_0,1200000,9,0,FRE_0,EVE_0,1
1359.0,29,EMP_1,GRA_0,1050000,9,0,FRE_0,EVE_0,0
1360.0,29,EMP_1,GRA_0,1200000,9,0,FRE_0,EVE_0,1
1361.0,30,EMP_1,GRA_1,1450000,2,1,FRE_1,EVE_1,1
1362.0,28,EMP_1,GRA_0,800000,4,0,FRE_0,EVE_0,0
1363.0,35,EMP_0,GRA_0,1100000,3,0,FRE_0,EVE_0,1
1364.0,34,EMP_1,GRA_0,1000000,3,1,FRE_0,EVE_0,0
1365.0,28,EMP_1,GRA_0,1450000,6,1,FRE_1,EVE_1,1
1366.0,27,EMP_0,GRA_0,900000,5,1,FRE_0,EVE_1,0
1367.0,31,EMP_1,GRA_0,1250000,8,0,FRE_0,EVE_0,0
1368.0,25,EMP_1,GRA_1,1150000,4,0,FRE_0,EVE_0,0
1369.0,28,EMP_1,GRA_0,1250000,2,0,FRE_1,EVE_0,0
1370.0,33,EMP_0,GRA_0,1000000,7,1,FRE_0,EVE_0,1
1371.0,29,EMP_1,GRA_0,1200000,5,1,FRE_0,EVE_0,0
1372.0,29,EMP_1,GRA_0,900000,7,0,FRE_0,EVE_0,0
1373.0,34,EMP_0,GRA_0,1300000,4,0,FRE_0,EVE_0,0
1374.0,29,EMP_1,GRA_0,900000,7,0,FRE_1,EVE_0,0
1375.0,27,EMP_0,GRA_0,500000,4,0,FRE_0,EVE_0,0
1376.0,27,EMP_0,GRA_0,500000,8,0,FRE_0,EVE_0,0
1377.0,32,EMP_0,GRA_0,850000,9,0,FRE_1,EVE_0,1
1378.0,33,EMP_0,GRA_0,400000,5,0,FRE_0,EVE_0,0
1379.0,31,EMP_1,GRA_0,900000,4,1,FRE_0,EVE_0,0
1380.0,31,EMP_1,GRA_0,1400000,6,0,FRE_0,EVE_1,1
1381.0,28,EMP_1,GRA_0,750000,4,0,FRE_1,EVE_1,0
1382.0,28,EMP_1,GRA_0,1450000,5,0,FRE_1,EVE_1,1
1383.0,34,EMP_1,GRA_0,1050000,4,0,FRE_0,EVE_0,1
1384.0,28,EMP_1,GRA_0,1250000,5,0,FRE_0,EVE_0,0
1385.0,28,EMP_1,GRA_0,1150000,4,0,FRE_0,EVE_0,0
1386.0,30,EMP_1,GRA_1,550000,3,1,FRE_0,EVE_0,0
1387.0,35,EMP_0,GRA_0,1100000,3,0,FRE_0,EVE_0,0
1388.0,31,EMP_0,GRA_0,1300000,6,0,FRE_0,EVE_0,1
1389.0,31,EMP_0,GRA_0,400000,3,0,FRE_0,EVE_0,0
1390.0,32,EMP_0,GRA_0,850000,3,0,FRE_0,EVE_0,0
1391.0,25,EMP_1,GRA_1,1150000,6,0,FRE_0,EVE_0,1
1392.0,28,EMP_1,GRA_0,1250000,4,0,FRE_1,EVE_0,0
1393.0,28,EMP_0,GRA_0,300000,6,1,FRE_0,EVE_0,0
1394.0,28,EMP_1,GRA_0,1200000,5,0,FRE_0,EVE_0,1
1395.0,33,EMP_0,GRA_0,400000,8,0,FRE_0,EVE_0,1
1396.0,28,EMP_1,GRA_0,600000,3,0,FRE_0,EVE_0,0
1397.0,33,EMP_0,GRA_0,650000,4,1,FRE_0,EVE_0,0
1398.0,31,EMP_1,GRA_0,1400000,6,0,FRE_1,EVE_1,1
1399.0,34,EMP_1,GRA_0,1750000,5,0,FRE_0,EVE_0,0
1400.0,34,EMP_1,GRA_0,850000,3,1,FRE_0,EVE_0,0
1401.0,31,EMP_1,GRA_0,1350000,3,0,FRE_0,EVE_1,1
1402.0,35,EMP_1,GRA_1,800000,5,0,FRE_0,EVE_0,0
1403.0,31,EMP_1,GRA_0,1400000,4,0,FRE_0,EVE_1,1
1404.0,31,EMP_0,GRA_0,400000,3,0,FRE_0,EVE_0,0
1405.0,31,EMP_0,GRA_0,1500000,7,0,FRE_1,EVE_1,1
1406.0,28,EMP_1,GRA_0,750000,3,1,FRE_0,EVE_0,0
1407.0,32,EMP_0,GRA_0,900000,6,1,FRE_0,EVE_0,0
1408.0,34,EMP_1,GRA_0,1050000,6,0,FRE_0,EVE_1,1
1409.0,28,EMP_1,GRA_0,900000,7,0,FRE_0,EVE_0,0
1410.0,29,EMP_1,GRA_0,500000,2,0,FRE_0,EVE_0,0
1411.0,34,EMP_1,GRA_0,1050000,7,0,FRE_0,EVE_0,1
1412.0,25,EMP_1,GRA_1,1150000,8,0,FRE_1,EVE_0,0
1413.0,25,EMP_1,GRA_1,1700000,3,1,FRE_1,EVE_0,0
1414.0,31,EMP_1,GRA_0,900000,3,0,FRE_0,EVE_0,0
1415.0,35,EMP_0,GRA_0,900000,4,1,FRE_0,EVE_0,1
1416.0,29,EMP_1,GRA_0,1150000,5,0,FRE_1,EVE_0,0
1417.0,28,EMP_1,GRA_0,1200000,9,0,FRE_0,EVE_0,0
1418.0,34,EMP_1,GRA_0,1300000,3,0,FRE_0,EVE_0,0
1419.0,28,EMP_1,GRA_0,1150000,5,0,FRE_0,EVE_0,0
1420.0,26,EMP_1,GRA_0,600000,3,0,FRE_0,EVE_0,0
1421.0,27,EMP_0,GRA_0,500000,6,0,FRE_0,EVE_0,0
1422.0,28,EMP_0,GRA_0,600000,6,0,FRE_0,EVE_0,0
1423.0,26,EMP_1,GRA_0,1400000,5,0,FRE_1,EVE_1,1
1424.0,27,EMP_1,GRA_1,1550000,6,1,FRE_1,EVE_0,1
1425.0,29,EMP_1,GRA_0,1100000,6,0,FRE_1,EVE_0,0
1426.0,28,EMP_1,GRA_0,1150000,4,1,FRE_0,EVE_0,0
1427.0,25,EMP_1,GRA_1,1150000,4,0,FRE_0,EVE_0,0
1428.0,31,EMP_0,GRA_0,400000,5,0,FRE_0,EVE_0,0
1429.0,34,EMP_1,GRA_0,500000,3,0,FRE_0,EVE_0,0
1430.0,26,EMP_1,GRA_0,1250000,4,1,FRE_0,EVE_1,0
1431.0,25,EMP_1,GRA_1,1350000,3,1,FRE_1,EVE_1,0
1432.0,28,EMP_1,GRA_0,500000,4,0,FRE_0,EVE_0,0
1433.0,28,EMP_0,GRA_0,300000,4,1,FRE_0,EVE_0,1
1434.0,26,EMP_1,GRA_0,1500000,2,1,FRE_1,EVE_1,1
1435.0,28,EMP_1,GRA_0,900000,4,0,FRE_1,EVE_0,1
1436.0,25,EMP_1,GRA_1,1150000,4,0,FRE_0,EVE_0,0
1437.0,28,EMP_0,GRA_0,1200000,5,0,FRE_0,EVE_0,0
1438.0,32,EMP_0,GRA_0,850000,3,1,FRE_0,EVE_0,0
1439.0,28,EMP_1,GRA_0,800000,6,0,FRE_0,EVE_1,1
1440.0,33,EMP_1,GRA_0,1200000,2,0,FRE_0,EVE_0,0
1441.0,25,EMP_1,GRA_0,1400000,5,0,FRE_1,EVE_1,1
1442.0,29,EMP_1,GRA_0,1100000,4,0,FRE_0,EVE_0,1
1443.0,26,EMP_0,GRA_0,550000,4,0,FRE_0,EVE_0,0
1444.0,31,EMP_1,GRA_0,950000,5,0,FRE_1,EVE_1,0
1445.0,30,EMP_1,GRA_1,550000,7,0,FRE_1,EVE_0,0
1446.0,28,EMP_1,GRA_0,1100000,4,1,FRE_0,EVE_0,0
1447.0,31,EMP_0,GRA_0,400000,5,0,FRE_0,EVE_0,0
1448.0,30,EMP_1,GRA_1,800000,4,1,FRE_1,EVE_0,0
1449.0,28,EMP_1,GRA_0,1250000,6,0,FRE_0,EVE_1,0
1450.0,29,EMP_1,GRA_0,500000,4,0,FRE_0,EVE_0,0
1451.0,28,EMP_1,GRA_0,1100000,4,1,FRE_0,EVE_0,1
1452.0,25,EMP_0,GRA_0,750000,2,0,FRE_0,EVE_1,1
1453.0,26,EMP_0,GRA_0,500000,4,0,FRE_0,EVE_0,0
1454.0,34,EMP_1,GRA_0,700000,7,0,FRE_0,EVE_0,1
1455.0,34,EMP_1,GRA_0,1500000,7,0,FRE_1,EVE_1,1
1456.0,29,EMP_1,GRA_0,1100000,4,1,FRE_0,EVE_0,0
1457.0,34,EMP_1,GRA_1,1400000,3,1,FRE_0,EVE_1,1
1458.0,28,EMP_1,GRA_0,500000,9,0,FRE_0,EVE_0,1
1459.0,28,EMP_1,GRA_0,1200000,6,0,FRE_0,EVE_0,0
1460.0,33,EMP_1,GRA_0,1200000,7,0,FRE_0,EVE_0,1
1461.0,34,EMP_1,GRA_0,1300000,7,0,FRE_0,EVE_0,1
1462.0,29,EMP_1,GRA_0,350000,8,1,FRE_0,EVE_0,1
1463.0,34,EMP_1,GRA_0,1500000,6,0,FRE_1,EVE_1,1
1464.0,25,EMP_1,GRA_0,1400000,9,1,FRE_0,EVE_1,1
1465.0,33,EMP_0,GRA_0,1000000,4,0,FRE_0,EVE_0,0
1466.0,28,EMP_0,GRA_0,300000,6,0,FRE_0,EVE_0,0
1467.0,29,EMP_1,GRA_0,1050000,7,1,FRE_0,EVE_0,0
1468.0,31,EMP_0,GRA_0,400000,6,0,FRE_0,EVE_0,0
1469.0,25,EMP_1,GRA_1,1700000,4,0,FRE_1,EVE_0,1
1470.0,29,EMP_1,GRA_0,1050000,6,1,FRE_1,EVE_0,0
1471.0,29,EMP_1,GRA_0,500000,4,0,FRE_0,EVE_0,0
1472.0,26,EMP_1,GRA_0,500000,6,0,FRE_0,EVE_0,0
1473.0,34,EMP_1,GRA_0,1000000,3,0,FRE_0,EVE_0,0
1474.0,28,EMP_1,GRA_0,1100000,2,1,FRE_0,EVE_0,1
1475.0,28,EMP_0,GRA_0,600000,3,0,FRE_0,EVE_0,1
1476.0,26,EMP_1,GRA_0,1400000,7,1,FRE_0,EVE_1,1
1477.0,31,EMP_1,GRA_0,1350000,3,0,FRE_0,EVE_1,1
1478.0,35,EMP_0,GRA_0,1100000,5,0,FRE_0,EVE_0,0
1479.0,35,EMP_1,GRA_1,800000,7,0,FRE_0,EVE_0,1
1480.0,31,EMP_0,GRA_0,1200000,7,1,FRE_0,EVE_0,0
1481.0,29,EMP_1,GRA_0,1050000,3,0,FRE_0,EVE_0,0
1482.0,31,EMP_0,GRA_0,1300000,4,1,FRE_0,EVE_0,1
1483.0,28,EMP_1,GRA_0,550000,4,0,FRE_0,EVE_0,0
1484.0,28,EMP_0,GRA_0,1200000,5,0,FRE_0,EVE_0,0
1485.0,29,EMP_1,GRA_0,900000,5,0,FRE_0,EVE_0,1
1486.0,28,EMP_0,GRA_0,600000,8,0,FRE_1,EVE_0,0
1487.0,31,EMP_1,GRA_0,1650000,7,1,FRE_1,EVE_0,1
1488.0,31,EMP_1,GRA_0,1350000,3,0,FRE_0,EVE_1,1
1489.0,25,EMP_1,GRA_0,1400000,4,0,FRE_0,EVE_1,1
1490.0,28,EMP_1,GRA_0,800000,3,0,FRE_0,EVE_0,0
1491.0,26,EMP_1,GRA_0,1400000,5,0,FRE_0,EVE_1,1
1492.0,26,EMP_1,GRA_0,1300000,4,1,FRE_0,EVE_1,0
1493.0,28,EMP_0,GRA_0,300000,3,1,FRE_0,EVE_0,0
1494.0,35,EMP_0,GRA_0,1100000,4,1,FRE_0,EVE_0,0
1495.0,28,EMP_1,GRA_0,1450000,4,0,FRE_1,EVE_1,1
1496.0,32,EMP_0,GRA_0,850000,5,1,FRE_1,EVE_0,0
1497.0,31,EMP_0,GRA_0,400000,3,0,FRE_0,EVE_0,0
1498.0,28,EMP_1,GRA_0,800000,6,0,FRE_0,EVE_0,0
1499.0,29,EMP_1,GRA_0,1200000,5,0,FRE_0,EVE_0,0
1500.0,28,EMP_1,GRA_0,1150000,7,0,FRE_0,EVE_0,0
1501.0,29,EMP_1,GRA_0,1050000,7,0,FRE_0,EVE_0,0
1502.0,28,EMP_1,GRA_0,1250000,5,0,FRE_1,EVE_0,0
1503.0,31,EMP_0,GRA_0,1200000,5,1,FRE_0,EVE_0,0
1504.0,33,EMP_1,GRA_0,750000,5,0,FRE_0,EVE_0,0
1505.0,29,EMP_1,GRA_0,1100000,4,1,FRE_0,EVE_1,1
1506.0,25,EMP_1,GRA_1,1150000,4,0,FRE_0,EVE_0,1
1507.0,28,EMP_1,GRA_0,1150000,6,1,FRE_0,EVE_0,0
1508.0,27,EMP_1,GRA_1,800000,5,1,FRE_0,EVE_0,0
1509.0,31,EMP_1,GRA_0,1250000,7,0,FRE_0,EVE_0,0
1510.0,34,EMP_1,GRA_0,1000000,5,0,FRE_0,EVE_0,0
1511.0,35,EMP_1,GRA_1,800000,5,0,FRE_0,EVE_0,0
1512.0,26,EMP_1,GRA_0,1300000,3,0,FRE_0,EVE_0,0
1513.0,28,EMP_1,GRA_0,800000,3,1,FRE_0,EVE_0,0
1514.0,28,EMP_0,GRA_0,1200000,7,1,FRE_0,EVE_0,0
1515.0,26,EMP_1,GRA_0,1250000,6,1,FRE_0,EVE_0,0
1516.0,34,EMP_0,GRA_0,1300000,4,0,FRE_0,EVE_0,0
1517.0,34,EMP_1,GRA_0,1500000,3,1,FRE_1,EVE_1,1
1518.0,33,EMP_0,GRA_0,1000000,5,0,FRE_1,EVE_0,0
1519.0,27,EMP_0,GRA_0,500000,4,1,FRE_0,EVE_0,0
1520.0,31,EMP_1,GRA_0,900000,8,0,FRE_0,EVE_1,0
1521.0,31,EMP_0,GRA_0,1200000,6,0,FRE_0,EVE_0,0
1522.0,28,EMP_1,GRA_0,800000,5,1,FRE_0,EVE_0,1
1523.0,28,EMP_0,GRA_0,300000,7,0,FRE_0,EVE_0,0
1524.0,30,EMP_1,GRA_1,550000,4,0,FRE_0,EVE_0,1
1525.0,28,EMP_1,GRA_0,600000,3,1,FRE_0,EVE_0,0
1526.0,32,EMP_0,GRA_0,900000,5,1,FRE_0,EVE_0,1
1527.0,28,EMP_1,GRA_0,750000,6,0,FRE_1,EVE_0,0
1528.0,29,EMP_0,GRA_0,600000,4,0,FRE_0,EVE_0,0
1529.0,34,EMP_1,GRA_0,700000,7,1,FRE_0,EVE_0,1
1530.0,28,EMP_1,GRA_0,700000,2,1,FRE_0,EVE_0,1
1531.0,28,EMP_0,GRA_1,300000,4,1,FRE_0,EVE_0,0
1532.0,28,EMP_1,GRA_0,800000,4,1,FRE_0,EVE_0,0
1533.0,30,EMP_1,GRA_1,1450000,5,0,FRE_1,EVE_1,1
1534.0,33,EMP_0,GRA_0,400000,2,0,FRE_0,EVE_0,0
1535.0,29,EMP_1,GRA_0,1100000,6,0,FRE_0,EVE_0,0
1536.0,34,EMP_1,GRA_0,1000000,3,0,FRE_0,EVE_0,0
1537.0,25,EMP_1,GRA_0,1700000,4,0,FRE_1,EVE_0,1
1538.0,26,EMP_1,GRA_0,500000,5,0,FRE_0,EVE_0,0
1539.0,28,EMP_1,GRA_0,750000,5,0,FRE_0,EVE_0,0
1540.0,32,EMP_0,GRA_0,350000,6,0,FRE_0,EVE_0,0
1541.0,32,EMP_0,GRA_0,850000,9,0,FRE_0,EVE_0,0
1542.0,32,EMP_0,GRA_0,800000,5,0,FRE_0,EVE_0,0
1543.0,27,EMP_0,GRA_0,1050000,4,0,FRE_0,EVE_0,0
1544.0,34,EMP_1,GRA_0,500000,7,0,FRE_0,EVE_0,1
1545.0,28,EMP_0,GRA_0,300000,4,0,FRE_0,EVE_0,0
1546.0,26,EMP_1,GRA_0,600000,3,0,FRE_0,EVE_0,0
1547.0,31,EMP_1,GRA_0,1350000,5,0,FRE_0,EVE_1,1
1548.0,29,EMP_1,GRA_0,350000,6,1,FRE_0,EVE_0,0
1549.0,29,EMP_1,GRA_0,1100000,4,0,FRE_0,EVE_0,0
1550.0,34,EMP_1,GRA_0,1300000,6,0,FRE_0,EVE_0,1
1551.0,28,EMP_1,GRA_0,700000,4,1,FRE_0,EVE_0,1
1552.0,31,EMP_1,GRA_0,900000,5,0,FRE_1,EVE_0,0
1553.0,27,EMP_0,GRA_0,850000,5,0,FRE_0,EVE_0,0
1554.0,30,EMP_1,GRA_1,550000,3,0,FRE_1,EVE_1,0
1555.0,28,EMP_1,GRA_0,1150000,6,1,FRE_0,EVE_0,0
1556.0,34,EMP_0,GRA_0,1300000,4,0,FRE_0,EVE_0,0
1557.0,33,EMP_0,GRA_0,650000,6,1,FRE_0,EVE_0,1
1558.0,26,EMP_1,GRA_0,1400000,6,0,FRE_0,EVE_1,1
1559.0,29,EMP_1,GRA_0,1150000,4,1,FRE_0,EVE_0,0
1560.0,29,EMP_1,GRA_0,350000,9,0,FRE_0,EVE_0,0
1561.0,28,EMP_1,GRA_0,1200000,6,0,FRE_1,EVE_0,0
1562.0,25,EMP_1,GRA_0,1400000,4,0,FRE_0,EVE_1,1
1563.0,35,EMP_1,GRA_1,800000,4,0,FRE_0,EVE_0,1
1564.0,25,EMP_1,GRA_1,1350000,4,0,FRE_0,EVE_1,1
1565.0,34,EMP_1,GRA_0,700000,4,1,FRE_1,EVE_0,0
1566.0,26,EMP_1,GRA_0,1400000,3,0,FRE_0,EVE_1,1
1567.0,32,EMP_0,GRA_0,800000,4,1,FRE_0,EVE_0,0
1568.0,28,EMP_1,GRA_0,800000,4,1,FRE_1,EVE_0,0
1569.0,34,EMP_1,GRA_0,1500000,2,0,FRE_1,EVE_1,1
1570.0,31,EMP_1,GRA_0,1400000,6,0,FRE_0,EVE_1,1
1571.0,32,EMP_0,GRA_0,800000,3,1,FRE_0,EVE_0,0
1572.0,28,EMP_1,GRA_0,1100000,4,1,FRE_0,EVE_0,0
1573.0,31,EMP_0,GRA_0,1500000,5,1,FRE_1,EVE_1,1
1574.0,27,EMP_0,GRA_0,500000,2,1,FRE_0,EVE_0,1
1575.0,34,EMP_1,GRA_0,1500000,5,0,FRE_1,EVE_1,1
1576.0,28,EMP_1,GRA_0,550000,6,0,FRE_1,EVE_0,0
1577.0,35,EMP_1,GRA_1,800000,5,0,FRE_0,EVE_0,0
1578.0,29,EMP_1,GRA_0,1050000,3,0,FRE_0,EVE_0,1
1579.0,27,EMP_1,GRA_1,1000000,3,0,FRE_0,EVE_0,0
1580.0,34,EMP_1,GRA_0,700000,4,0,FRE_0,EVE_0,0
1581.0,28,EMP_1,GRA_0,1100000,4,0,FRE_0,EVE_0,0
1582.0,32,EMP_0,GRA_0,350000,9,1,FRE_0,EVE_0,0
1583.0,33,EMP_1,GRA_0,550000,3,1,FRE_0,EVE_0,1
1584.0,25,EMP_1,GRA_0,1700000,5,0,FRE_1,EVE_0,1
1585.0,28,EMP_0,GRA_0,300000,5,0,FRE_0,EVE_0,0
1586.0,28,EMP_1,GRA_0,1100000,4,0,FRE_0,EVE_0,0
1587.0,27,EMP_0,GRA_0,850000,2,0,FRE_0,EVE_1,0
1588.0,26,EMP_1,GRA_0,1500000,6,0,FRE_1,EVE_1,1
,34,EMP_1,GRA_0,1368593,4,0,FRE_0,EVE_0,1
,33,EMP_1,GRA_0,1223389,3,0,FRE_0,EVE_0,1
,33,EMP_1,GRA_0,1222183,4,0,FRE_0,EVE_0,1
,33,EMP_1,GRA_0,1249032,3,0,FRE_0,EVE_1,1
,25,EMP_1,GRA_0,1477425,5,0,FRE_0,EVE_0,1
,33,EMP_1,GRA_0,1260091,4,0,FRE_0,EVE_0,1
,33,EMP_1,GRA_0,1218929,5,0,FRE_0,EVE_0,1
,34,EMP_1,GRA_0,1181052,4,0,FRE_0,EVE_0,1
,34,EMP_1,GRA_0,1104725,4,0,FRE_0,EVE_0,1
,33,EMP_1,GRA_0,1148947,4,0,FRE_0,EVE_0,1
,33,EMP_1,GRA_0,1164530,4,0,FRE_0,EVE_0,1
,33,EMP_1,GRA_0,1515494,4,0,FRE_0,EVE_0,1
,33,EMP_1,GRA_0,1250180,4,0,FRE_0,EVE_1,1
,34,EMP_1,GRA_0,1320834,5,0,FRE_0,EVE_1,1
,34,EMP_1,GRA_0,1434873,4,0,FRE_0,EVE_0,1
,27,EMP_1,GRA_0,1427309,4,0,FRE_0,EVE_0,1
,34,EMP_1,GRA_0,1371370,4,0,FRE_0,EVE_0,1
,25,EMP_1,GRA_0,1368514,5,0,FRE_0,EVE_0,1
,33,EMP_1,GRA_0,1545136,3,0,FRE_0,EVE_1,1
,35,EMP_1,GRA_0,1482115,4,0,FRE_0,EVE_0,1
,33,EMP_1,GRA_0,1131521,3,0,FRE_0,EVE_0,1
,26,EMP_1,GRA_0,1551957,3,0,FRE_1,EVE_1,1
,33,EMP_1,GRA_0,1116777,4,0,FRE_0,EVE_0,1
,26,EMP_1,GRA_0,1348546,5,0,FRE_0,EVE_1,1
,33,EMP_1,GRA_0,1387423,4,0,FRE_0,EVE_0,1
,33,EMP_1,GRA_0,1348581,5,0,FRE_0,EVE_1,1
,34,EMP_1,GRA_0,1313376,4,0,FRE_0,EVE_0,1
,34,EMP_1,GRA_0,1402309,4,0,FRE_0,EVE_0,1
,34,EMP_1,GRA_0,968369,4,0,FRE_0,EVE_0,1
,33,EMP_1,GRA_0,1190052,4,0,FRE_0,EVE_0,1
,26,EMP_1,GRA_0,1548025,4,0,FRE_0,EVE_0,1
,35,EMP_1,GRA_0,1743177,4,0,FRE_0,EVE_1,1
,26,EMP_1,GRA_0,1522868,4,0,FRE_0,EVE_0,1
,32,EMP_1,GRA_0,982603,3,0,FRE_0,EVE_0,1
,32,EMP_1,GRA_0,1095456,3,0,FRE_0,EVE_0,1
,32,EMP_1,GRA_0,1463750,3,0,FRE_0,EVE_0,1
,33,EMP_1,GRA_0,1225881,3,0,FRE_0,EVE_1,1
,33,EMP_1,GRA_0,485097,4,0,FRE_0,EVE_0,1
,34,EMP_1,GRA_0,1537366,4,0,FRE_0,EVE_1,1
,33,EMP_1,GRA_0,1315892,5,0,FRE_0,EVE_0,1
,33,EMP_1,GRA_0,1342492,4,0,FRE_0,EVE_0,1
,34,EMP_1,GRA_0,1588057,4,0,FRE_0,EVE_0,1
,26,EMP_1,GRA_0,1630163,5,0,FRE_0,EVE_0,1
,34,EMP_1,GRA_0,1066729,4,0,FRE_0,EVE_0,1
,33,EMP_1,GRA_0,1314165,4,0,FRE_0,EVE_0,1
,34,EMP_1,GRA_0,1238272,5,0,FRE_0,EVE_0,1
,33,EMP_1,GRA_0,1354255,3,0,FRE_0,EVE_0,1
,26,EMP_1,GRA_0,1659046,4,0,FRE_0,EVE_0,1
,34,EMP_1,GRA_0,1422923,4,0,FRE_0,EVE_1,1
,33,EMP_1,GRA_0,1336628,4,0,FRE_0,EVE_0,1
,27,EMP_1,GRA_0,1412107,4,0,FRE_0,EVE_1,1
,33,EMP_1,GRA_0,1460830,4,0,FRE_0,EVE_0,1
,34,EMP_1,GRA_0,1482449,4,0,FRE_0,EVE_0,1
,33,EMP_1,GRA_0,1159564,4,0,FRE_0,EVE_0,1
,33,EMP_1,GRA_0,1434693,4,0,FRE_0,EVE_0,1
,26,EMP_1,GRA_0,1179897,4,0,FRE_0,EVE_0,1
,33,EMP_1,GRA_0,1375326,5,0,FRE_0,EVE_1,1
,34,EMP_1,GRA_0,1390519,4,0,FRE_0,EVE_0,1
,26,EMP_1,GRA_0,1411986,4,0,FRE_0,EVE_1,1
,33,EMP_1,GRA_0,1326849,4,0,FRE_0,EVE_0,1
,33,EMP_1,GRA_0,1060596,4,0,FRE_0,EVE_0,1
,35,EMP_1,GRA_0,1264894,5,0,FRE_0,EVE_0,1
,34,EMP_1,GRA_0,1295050,4,0,FRE_0,EVE_0,1
,34,EMP_1,GRA_0,1717624,4,0,FRE_0,EVE_0,1
,32,EMP_1,GRA_0,1477964,4,0,FRE_0,EVE_0,1
,33,EMP_1,GRA_0,1293820,4,0,FRE_0,EVE_0,1
,34,EMP_1,GRA_0,1375432,4,0,FRE_0,EVE_0,1
,33,EMP_1,GRA_0,1408172,3,0,FRE_0,EVE_0,1
,35,EMP_1,GRA_0,1514761,4,0,FRE_0,EVE_0,1
,33,EMP_1,GRA_0,1287398,4,0,FRE_0,EVE_0,1
,26,EMP_1,GRA_0,1800000,5,0,FRE_1,EVE_1,1
,34,EMP_1,GRA_0,1523600,4,0,FRE_0,EVE_0,1
,33,EMP_1,GRA_0,1083618,4,0,FRE_0,EVE_1,1
,33,EMP_1,GRA_0,1219425,4,0,FRE_0,EVE_0,1
,33,EMP_1,GRA_0,1371512,4,0,FRE_0,EVE_0,1
,26,EMP_1,GRA_0,1026496,5,0,FRE_1,EVE_1,1
,33,EMP_1,GRA_0,1492021,3,0,FRE_1,EVE_1,1
,26,EMP_1,GRA_0,1519458,3,0,FRE_0,EVE_1,1
,33,EMP_1,GRA_0,1245281,4,0,FRE_0,EVE_0,1
,32,EMP_1,GRA_0,1071353,4,0,FRE_0,EVE_0,1
,32,EMP_1,GRA_0,1388291,4,0,FRE_0,EVE_0,1
,33,EMP_1,GRA_0,1225613,4,0,FRE_0,EVE_0,1
,35,EMP_1,GRA_0,1392964,4,0,FRE_0,EVE_1,1
,26,EMP_1,GRA_0,1769088,4,0,FRE_1,EVE_1,1
,34,EMP_1,GRA_0,1238071,4,0,FRE_0,EVE_0,1
,32,EMP_0,GRA_0,1219083,3,0,FRE_0,EVE_0,1
,34,EMP_1,GRA_0,1024128,4,0,FRE_0,EVE_1,1
,34,EMP_1,GRA_0,1494623,4,0,FRE_0,EVE_0,1
,33,EMP_1,GRA_0,1600686,4,0,FRE_0,EVE_1,1
,33,EMP_1,GRA_0,1114528,4,0,FRE_0,EVE_0,1
,26,EMP_1,GRA_0,1554101,4,0,FRE_0,EVE_0,1
,26,EMP_1,GRA_0,1540401,4,0,FRE_0,EVE_0,1
,33,EMP_1,GRA_0,1312329,4,0,FRE_0,EVE_0,1
,33,EMP_1,GRA_0,1383794,3,0,FRE_0,EVE_0,1
,33,EMP_1,GRA_0,1308318,4,0,FRE_0,EVE_0,1
,34,EMP_1,GRA_0,1541467,4,0,FRE_0,EVE_1,1
,26,EMP_1,GRA_0,1473052,5,0,FRE_1,EVE_1,1
,27,EMP_1,GRA_0,1271973,4,0,FRE_0,EVE_0,1
,25,EMP_1,GRA_0,1516278,3,0,FRE_0,EVE_1,1
,33,EMP_1,GRA_0,1475835,4,0,FRE_0,EVE_0,1
,33,EMP_1,GRA_0,1392340,3,0,FRE_0,EVE_1,1
,26,EMP_1,GRA_0,1329589,4,0,FRE_0,EVE_1,1
,26,EMP_1,GRA_0,1409438,3,0,FRE_0,EVE_1,1
,32,EMP_1,GRA_0,1580175,4,0,FRE_0,EVE_0,1
,25,EMP_1,GRA_0,1531513,3,0,FRE_0,EVE_1,1
,34,EMP_1,GRA_0,1115089,4,0,FRE_0,EVE_0,1
,34,EMP_1,GRA_0,818967,3,0,FRE_0,EVE_0,1
,33,EMP_1,GRA_0,1166048,4,0,FRE_0,EVE_0,1
,27,EMP_1,GRA_0,1421496,4,0,FRE_0,EVE_0,1
,33,EMP_1,GRA_0,1233473,3,0,FRE_0,EVE_1,1
,33,EMP_1,GRA_0,1421481,4,0,FRE_0,EVE_1,1
,34,EMP_1,GRA_0,1043088,4,0,FRE_0,EVE_0,1
,33,EMP_1,GRA_0,1610626,4,0,FRE_0,EVE_1,1
,33,EMP_1,GRA_0,1341310,5,0,FRE_0,EVE_0,1
,26,EMP_1,GRA_0,720693,5,0,FRE_0,EVE_0,1
,33,EMP_1,GRA_0,1582809,3,0,FRE_0,EVE_0,1
,25,EMP_1,GRA_0,1575517,4,0,FRE_1,EVE_1,1
,33,EMP_1,GRA_0,1405065,4,0,FRE_0,EVE_0,1
,33,EMP_1,GRA_0,1367927,3,0,FRE_0,EVE_1,1
,34,EMP_1,GRA_0,1257734,4,0,FRE_0,EVE_0,1
,33,EMP_1,GRA_0,1271232,4,0,FRE_0,EVE_0,1
,33,EMP_1,GRA_0,1119059,3,0,FRE_0,EVE_0,1
,34,EMP_1,GRA_0,1292815,4,0,FRE_0,EVE_0,1
,34,EMP_1,GRA_0,1265052,4,0,FRE_0,EVE_0,1
,35,EMP_1,GRA_0,1154647,4,0,FRE_0,EVE_0,1
,33,EMP_1,GRA_0,1411305,4,0,FRE_0,EVE_0,1
,25,EMP_1,GRA_0,1480542,5,0,FRE_0,EVE_1,1
,33,EMP_1,GRA_0,1212029,4,0,FRE_0,EVE_0,1
,27,EMP_1,GRA_0,1406923,4,0,FRE_0,EVE_0,1
,26,EMP_1,GRA_0,1338892,4,0,FRE_0,EVE_0,1
,33,EMP_1,GRA_0,1188200,3,0,FRE_0,EVE_1,1
,26,EMP_1,GRA_0,1372261,4,0,FRE_0,EVE_0,1
,34,EMP_1,GRA_0,1468518,4,0,FRE_0,EVE_0,1
,33,EMP_1,GRA_0,1090579,4,0,FRE_0,EVE_0,1
,34,EMP_1,GRA_0,1483757,4,0,FRE_0,EVE_0,1
,34,EMP_1,GRA_0,1048904,4,0,FRE_0,EVE_0,1
,33,EMP_1,GRA_0,1231450,4,0,FRE_0,EVE_0,1
,26,EMP_1,GRA_0,1349178,5,0,FRE_1,EVE_1,1
,25,EMP_1,GRA_0,1437544,5,0,FRE_1,EVE_1,1
,33,EMP_1,GRA_0,693055,4,0,FRE_0,EVE_0,1
,33,EMP_1,GRA_0,1272235,4,0,FRE_0,EVE_0,1
,26,EMP_1,GRA_0,1486560,3,0,FRE_1,EVE_1,1
,33,EMP_1,GRA_0,1535102,4,0,FRE_0,EVE_0,1
,32,EMP_1,GRA_0,1180044,4,0,FRE_0,EVE_0,1
,34,EMP_1,GRA_0,1163528,3,0,FRE_0,EVE_0,1
,33,EMP_1,GRA_0,1464468,4,0,FRE_0,EVE_0,1
,33,EMP_1,GRA_0,932514,3,0,FRE_0,EVE_1,1
,33,EMP_1,GRA_0,1251983,4,0,FRE_0,EVE_0,1
,34,EMP_1,GRA_0,1202409,3,0,FRE_0,EVE_0,1
,32,EMP_1,GRA_0,1294823,3,0,FRE_0,EVE_0,1
,33,EMP_1,GRA_0,1489589,4,0,FRE_0,EVE_0,1
,33,EMP_1,GRA_0,1175338,4,0,FRE_0,EVE_0,1
,34,EMP_1,GRA_0,1435909,3,0,FRE_0,EVE_1,1
,26,EMP_1,GRA_0,1308305,4,0,FRE_0,EVE_0,1
,33,EMP_1,GRA_0,1159546,4,0,FRE_0,EVE_0,1
,26,EMP_1,GRA_0,1464176,5,0,FRE_1,EVE_1,1
,34,EMP_1,GRA_0,1390227,4,0,FRE_0,EVE_0,1
,33,EMP_1,GRA_0,1409087,4,0,FRE_0,EVE_0,1
,34,EMP_1,GRA_0,1128684,4,0,FRE_0,EVE_0,1
,34,EMP_1,GRA_0,1311567,3,0,FRE_0,EVE_0,1
,32,EMP_1,GRA_0,1386564,4,0,FRE_0,EVE_0,1
,34,EMP_1,GRA_0,1176723,4,0,FRE_0,EVE_0,1
,33,EMP_1,GRA_0,1541488,4,0,FRE_0,EVE_0,1
,32,EMP_1,GRA_0,1482247,3,0,FRE_0,EVE_1,1
,33,EMP_1,GRA_0,1039975,4,0,FRE_0,EVE_0,1
,33,EMP_1,GRA_0,1419017,4,0,FRE_0,EVE_0,1
,34,EMP_1,GRA_0,1507488,4,0,FRE_0,EVE_0,1
,32,EMP_1,GRA_0,1122506,3,0,FRE_0,EVE_0,1
,27,EMP_1,GRA_0,1603295,4,0,FRE_0,EVE_1,1
,26,EMP_1,GRA_0,1402948,5,0,FRE_0,EVE_1,1
,34,EMP_1,GRA_0,1334054,4,0,FRE_0,EVE_0,1
,34,EMP_1,GRA_0,1122105,4,0,FRE_0,EVE_0,1
,26,EMP_1,GRA_0,1483703,4,0,FRE_0,EVE_0,1
,33,EMP_1,GRA_0,1541202,4,0,FRE_0,EVE_0,1
,27,EMP_1,GRA_0,1453153,5,0,FRE_0,EVE_0,1
,33,EMP_1,GRA_0,1339805,4,0,FRE_0,EVE_0,1
,34,EMP_1,GRA_0,1295969,4,0,FRE_0,EVE_0,1
,33,EMP_1,GRA_0,1325038,5,0,FRE_0,EVE_0,1
,33,EMP_1,GRA_0,1460051,4,0,FRE_0,EVE_0,1
,33,EMP_1,GRA_0,1172490,3,0,FRE_0,EVE_1,1
,25,EMP_1,GRA_0,1427804,5,0,FRE_0,EVE_0,1
,26,EMP_1,GRA_0,1362420,3,0,FRE_0,EVE_0,1
,25,EMP_1,GRA_0,1309928,4,0,FRE_0,EVE_0,1
,26,EMP_1,GRA_0,1293136,4,0,FRE_0,EVE_1,1
,26,EMP_1,GRA_0,1206149,4,0,FRE_0,EVE_1,1
,32,EMP_1,GRA_0,1433769,5,0,FRE_0,EVE_0,1
,33,EMP_1,GRA_0,1300392,3,0,FRE_0,EVE_0,1
,35,EMP_1,GRA_0,1437274,4,0,FRE_0,EVE_0,1
,33,EMP_1,GRA_0,1128727,4,0,FRE_0,EVE_0,1
,32,EMP_1,GRA_0,1455758,4,0,FRE_0,EVE_1,1
,34,EMP_1,GRA_0,1495317,4,0,FRE_0,EVE_0,1
,26,EMP_1,GRA_0,1496219,4,0,FRE_0,EVE_0,1
,34,EMP_1,GRA_0,1403829,4,0,FRE_0,EVE_0,1
,34,EMP_1,GRA_0,1294444,4,0,FRE_0,EVE_0,1
,25,EMP_1,GRA_0,1531673,4,0,FRE_0,EVE_1,1
,34,EMP_1,GRA_0,1143546,3,0,FRE_0,EVE_0,1
,33,EMP_1,GRA_0,1464943,4,0,FRE_0,EVE_0,1
,34,EMP_1,GRA_0,1217614,4,0,FRE_0,EVE_0,1
,32,EMP_0,GRA_0,1320019,4,0,FRE_0,EVE_0,1
,33,EMP_1,GRA_0,1301117,4,0,FRE_0,EVE_0,1
,26,EMP_1,GRA_0,1328485,5,0,FRE_0,EVE_0,1
,33,EMP_1,GRA_0,1346573,3,0,FRE_0,EVE_0,1
,33,EMP_1,GRA_0,1386832,4,0,FRE_0,EVE_0,1
,25,EMP_1,GRA_0,806756,5,0,FRE_0,EVE_0,1
,33,EMP_1,GRA_0,1371942,3,0,FRE_0,EVE_1,1
,33,EMP_1,GRA_0,1219569,4,0,FRE_0,EVE_0,1
,33,EMP_1,GRA_0,1131190,4,0,FRE_0,EVE_1,1
,26,EMP_1,GRA_0,460782,4,0,FRE_0,EVE_0,1
,33,EMP_1,GRA_0,1547842,4,0,FRE_0,EVE_0,1
,33,EMP_1,GRA_0,1454601,4,0,FRE_0,EVE_1,1
,34,EMP_1,GRA_0,1126028,5,0,FRE_0,EVE_0,1
,34,EMP_1,GRA_0,1335233,4,0,FRE_0,EVE_0,1
,26,EMP_1,GRA_0,1327802,3,0,FRE_1,EVE_1,1
,33,EMP_1,GRA_0,1195889,4,0,FRE_0,EVE_0,1
,34,EMP_1,GRA_0,1207577,4,0,FRE_0,EVE_0,1
,26,EMP_1,GRA_0,1509734,4,0,FRE_0,EVE_0,1
,33,EMP_1,GRA_0,1439729,5,0,FRE_0,EVE_0,1
,33,EMP_1,GRA_0,1445985,4,0,FRE_0,EVE_0,1
,33,EMP_1,GRA_0,932488,4,0,FRE_0,EVE_0,1
,32,EMP_1,GRA_0,1278403,3,0,FRE_0,EVE_1,1
,33,EMP_1,GRA_0,1356274,4,0,FRE_0,EVE_0,1
,26,EMP_1,GRA_0,1376049,5,0,FRE_0,EVE_0,1
,26,EMP_1,GRA_0,1173863,3,0,FRE_0,EVE_1,1
,34,EMP_1,GRA_0,1120987,4,0,FRE_0,EVE_1,1
,33,EMP_1,GRA_0,1435842,4,0,FRE_0,EVE_0,1
,33,EMP_1,GRA_0,1360315,4,0,FRE_0,EVE_0,1
,25,EMP_1,GRA_0,1518733,3,0,FRE_0,EVE_1,1
,34,EMP_1,GRA_0,1276641,4,0,FRE_0,EVE_0,1
,34,EMP_1,GRA_0,1379300,4,0,FRE_0,EVE_1,1
,25,EMP_1,GRA_0,1510429,5,0,FRE_1,EVE_1,1
,34,EMP_1,GRA_0,1313024,4,0,FRE_0,EVE_0,1
,33,EMP_1,GRA_0,1287748,4,0,FRE_0,EVE_1,1
,33,EMP_1,GRA_0,1062301,4,0,FRE_0,EVE_0,1
,33,EMP_1,GRA_0,1075068,4,0,FRE_0,EVE_0,1
,34,EMP_1,GRA_0,1362113,4,0,FRE_0,EVE_0,1
,26,EMP_1,GRA_0,1367913,4,0,FRE_1,EVE_1,1
,27,EMP_1,GRA_0,1260642,4,0,FRE_0,EVE_0,1
,34,EMP_1,GRA_0,1186476,4,0,FRE_0,EVE_1,1
,33,EMP_1,GRA_0,1047217,4,0,FRE_0,EVE_1,1
,26,EMP_1,GRA_0,1339240,5,0,FRE_0,EVE_1,1
,32,EMP_1,GRA_0,1252702,5,0,FRE_0,EVE_0,1
,33,EMP_1,GRA_0,1549332,4,0,FRE_0,EVE_0,1
,33,EMP_1,GRA_0,1144553,4,0,FRE_0,EVE_0,1
,33,EMP_1,GRA_0,1380137,5,0,FRE_0,EVE_1,1
,33,EMP_1,GRA_0,1198261,3,0,FRE_0,EVE_0,1
,33,EMP_1,GRA_0,1383550,4,0,FRE_0,EVE_0,1
,33,EMP_1,GRA_0,1354185,4,0,FRE_0,EVE_0,1
,32,EMP_1,GRA_0,1314597,4,0,FRE_0,EVE_0,1
,26,EMP_1,GRA_0,1448750,4,0,FRE_0,EVE_0,1
,34,EMP_1,GRA_0,1275065,4,0,FRE_0,EVE_0,1
,33,EMP_1,GRA_0,1369881,4,0,FRE_0,EVE_0,1
,32,EMP_1,GRA_0,963643,4,0,FRE_0,EVE_0,1
,33,EMP_1,GRA_0,572478,4,0,FRE_0,EVE_0,1
,33,EMP_1,GRA_0,1140342,4,0,FRE_0,EVE_0,1
,33,EMP_1,GRA_0,1281047,4,0,FRE_0,EVE_0,1
,25,EMP_1,GRA_0,1539768,4,0,FRE_0,EVE_1,1
,33,EMP_1,GRA_0,1223226,4,0,FRE_0,EVE_0,1
,34,EMP_1,GRA_0,1557980,4,0,FRE_0,EVE_1,1
,25,EMP_1,GRA_0,1530831,4,0,FRE_0,EVE_0,1
,33,EMP_1,GRA_0,1272804,3,0,FRE_0,EVE_1,1
,35,EMP_1,GRA_0,1221250,4,0,FRE_0,EVE_0,1
,35,EMP_1,GRA_0,1470705,4,0,FRE_0,EVE_1,1
,25,EMP_1,GRA_0,1437154,5,0,FRE_0,EVE_0,1
,34,EMP_1,GRA_0,1156731,4,0,FRE_0,EVE_0,1
,34,EMP_1,GRA_0,1400743,3,0,FRE_0,EVE_0,1
,26,EMP_1,GRA_0,1491409,4,0,FRE_0,EVE_0,1
,34,EMP_1,GRA_0,1469766,5,0,FRE_0,EVE_1,1
,33,EMP_1,GRA_0,1371669,5,0,FRE_0,EVE_1,1
,26,EMP_1,GRA_0,1550164,3,0,FRE_0,EVE_0,1
,33,EMP_1,GRA_0,1411825,3,0,FRE_0,EVE_0,1
,26,EMP_1,GRA_0,1282542,4,0,FRE_0,EVE_0,1
,25,EMP_1,GRA_0,1423446,5,0,FRE_1,EVE_1,1
,26,EMP_1,GRA_0,1423482,5,0,FRE_1,EVE_1,1
,26,EMP_1,GRA_0,1454834,4,0,FRE_0,EVE_0,1
,27,EMP_1,GRA_0,1395068,4,0,FRE_0,EVE_0,1
,33,EMP_1,GRA_0,1185627,3,0,FRE_0,EVE_1,1
,33,EMP_1,GRA_0,1357765,4,0,FRE_0,EVE_0,1
,35,EMP_1,GRA_0,1194907,4,0,FRE_0,EVE_0,1
,33,EMP_1,GRA_0,1364735,4,0,FRE_0,EVE_0,1
,35,EMP_1,GRA_0,1660872,4,0,FRE_0,EVE_0,1
,34,EMP_1,GRA_0,1454915,5,0,FRE_0,EVE_1,1
,33,EMP_1,GRA_0,1554818,4,0,FRE_0,EVE_0,1
,25,EMP_1,GRA_0,1420479,5,0,FRE_1,EVE_1,1
,26,EMP_1,GRA_0,1380876,5,0,FRE_0,EVE_0,1
,35,EMP_1,GRA_0,1142932,4,0,FRE_0,EVE_0,1
,34,EMP_1,GRA_0,1416399,4,0,FRE_0,EVE_0,1
,34,EMP_1,GRA_0,1310008,3,0,FRE_0,EVE_1,1
,33,EMP_1,GRA_0,1395099,5,0,FRE_0,EVE_0,1
,26,EMP_1,GRA_0,1693650,5,0,FRE_0,EVE_0,1
,32,EMP_0,GRA_0,1379023,3,0,FRE_0,EVE_0,1
,34,EMP_1,GRA_0,1229079,4,0,FRE_0,EVE_1,1
,26,EMP_1,GRA_0,1514113,5,0,FRE_0,EVE_0,1
,33,EMP_1,GRA_0,1518804,4,0,FRE_0,EVE_1,1
,27,EMP_1,GRA_0,652178,4,0,FRE_0,EVE_0,1
,33,EMP_1,GRA_0,1395442,4,0,FRE_0,EVE_0,1
,34,EMP_1,GRA_0,1394288,5,0,FRE_0,EVE_1,1
,33,EMP_1,GRA_0,1146544,4,0,FRE_0,EVE_0,1
,33,EMP_1,GRA_0,1457986,4,0,FRE_0,EVE_0,1
,34,EMP_1,GRA_0,1253644,5,0,FRE_0,EVE_0,1
,33,EMP_1,GRA_0,1512583,3,0,FRE_0,EVE_0,1
,33,EMP_1,GRA_0,1177492,4,0,FRE_0,EVE_0,1
,32,EMP_1,GRA_0,1518874,4,0,FRE_0,EVE_0,1
,26,EMP_1,GRA_0,658244,5,0,FRE_0,EVE_0,1
,33,EMP_1,GRA_0,1327022,4,0,FRE_0,EVE_0,1
,34,EMP_1,GRA_0,1465286,4,0,FRE_0,EVE_0,1
,33,EMP_1,GRA_0,1242122,5,0,FRE_0,EVE_1,1
,26,EMP_1,GRA_0,1425657,4,0,FRE_0,EVE_1,1
,33,EMP_1,GRA_0,1440648,5,0,FRE_0,EVE_0,1
,34,EMP_1,GRA_0,1327417,4,0,FRE_0,EVE_0,1
,27,EMP_1,GRA_0,1263456,4,0,FRE_0,EVE_0,1
,33,EMP_1,GRA_0,1048946,4,0,FRE_0,EVE_0,1
,34,EMP_1,GRA_0,1410921,4,0,FRE_0,EVE_0,1
,26,EMP_1,GRA_0,1186374,5,0,FRE_0,EVE_1,1
,33,EMP_1,GRA_0,1220034,3,0,FRE_0,EVE_0,1
,26,EMP_1,GRA_0,1550522,5,0,FRE_0,EVE_1,1
,26,EMP_1,GRA_0,1715148,4,0,FRE_0,EVE_0,1
,34,EMP_1,GRA_0,1273412,4,0,FRE_0,EVE_0,1
,33,EMP_1,GRA_0,1321252,4,0,FRE_0,EVE_0,1
,25,EMP_1,GRA_0,1414436,5,0,FRE_0,EVE_1,1
,34,EMP_1,GRA_0,1114214,4,0,FRE_0,EVE_0,1
,33,EMP_1,GRA_0,1099336,5,0,FRE_0,EVE_1,1
,33,EMP_1,GRA_0,1158269,4,0,FRE_0,EVE_0,1
,26,EMP_1,GRA_0,1333908,4,0,FRE_0,EVE_1,1
,34,EMP_1,GRA_0,1448127,4,0,FRE_0,EVE_0,1
,26,EMP_1,GRA_0,1648248,4,0,FRE_0,EVE_1,1
,34,EMP_1,GRA_0,1189013,4,0,FRE_0,EVE_0,1
,25,EMP_1,GRA_0,1380661,5,0,FRE_0,EVE_0,1
,33,EMP_1,GRA_0,1385603,4,0,FRE_0,EVE_0,1
,34,EMP_1,GRA_0,1116178,4,0,FRE_0,EVE_0,1
,33,EMP_1,GRA_0,1186959,4,0,FRE_0,EVE_0,1
,33,EMP_1,GRA_0,1064714,4,0,FRE_0,EVE_0,1
,34,EMP_1,GRA_0,1182872,4,0,FRE_0,EVE_1,1
,33,EMP_1,GRA_0,1345802,5,0,FRE_0,EVE_0,1
,32,EMP_1,GRA_0,1091379,4,0,FRE_0,EVE_0,1
,26,EMP_1,GRA_0,1583001,5,0,FRE_0,EVE_0,1
,34,EMP_1,GRA_0,1327994,4,0,FRE_0,EVE_0,1
,33,EMP_1,GRA_0,1338086,4,0,FRE_0,EVE_0,1
,27,EMP_1,GRA_0,1328692,4,0,FRE_0,EVE_1,1
,25,EMP_1,GRA_0,1374195,4,0,FRE_0,EVE_0,1
,33,EMP_1,GRA_0,1275717,4,0,FRE_0,EVE_0,1
,33,EMP_1,GRA_0,1244586,4,0,FRE_0,EVE_0,1
,34,EMP_1,GRA_0,1384045,4,0,FRE_0,EVE_0,1
,32,EMP_1,GRA_0,1327916,4,0,FRE_0,EVE_0,1
,33,EMP_1,GRA_0,997876,3,0,FRE_0,EVE_1,1
,33,EMP_1,GRA_0,1435889,4,0,FRE_0,EVE_0,1
,33,EMP_1,GRA_0,1325761,3,0,FRE_0,EVE_1,1
,35,EMP_1,GRA_0,1306192,4,0,FRE_0,EVE_0,1
,33,EMP_1,GRA_0,1408740,4,0,FRE_0,EVE_0,1
,33,EMP_1,GRA_0,1150232,4,0,FRE_0,EVE_0,1
,34,EMP_1,GRA_0,1295225,4,0,FRE_0,EVE_0,1
,33,EMP_1,GRA_0,1368505,5,0,FRE_0,EVE_1,1
,35,EMP_1,GRA_0,1202410,4,0,FRE_0,EVE_0,1
,34,EMP_1,GRA_0,1396183,3,0,FRE_0,EVE_1,1
,33,EMP_1,GRA_0,1212572,4,0,FRE_0,EVE_0,1
,33,EMP_1,GRA_0,1241763,4,0,FRE_0,EVE_1,1
,33,EMP_1,GRA_0,1289762,5,0,FRE_0,EVE_0,1
,26,EMP_1,GRA_0,1429953,5,0,FRE_0,EVE_1,1
,34,EMP_1,GRA_0,1192014,4,0,FRE_0,EVE_0,1
,27,EMP_1,GRA_0,1423786,5,0,FRE_0,EVE_0,1
,34,EMP_1,GRA_0,1172006,4,0,FRE_0,EVE_0,1
,26,EMP_1,GRA_0,1601039,3,0,FRE_0,EVE_1,1
,26,EMP_1,GRA_0,1435225,3,0,FRE_0,EVE_0,1
,33,EMP_1,GRA_0,1518815,4,0,FRE_0,EVE_0,1
,33,EMP_1,GRA_0,1285387,4,0,FRE_0,EVE_0,1
,34,EMP_1,GRA_0,1367379,4,0,FRE_0,EVE_0,1
,34,EMP_1,GRA_0,1064955,4,0,FRE_0,EVE_0,1
,34,EMP_1,GRA_0,1293284,4,0,FRE_0,EVE_1,1
,34,EMP_1,GRA_0,1405473,3,0,FRE_0,EVE_1,1
,26,EMP_1,GRA_0,1394796,3,0,FRE_1,EVE_1,1
,25,EMP_1,GRA_0,1483560,5,0,FRE_0,EVE_1,1
,25,EMP_1,GRA_0,1463963,4,0,FRE_0,EVE_0,1
,26,EMP_1,GRA_0,1265436,3,0,FRE_0,EVE_1,1
,25,EMP_1,GRA_0,1464345,4,0,FRE_0,EVE_0,1
,26,EMP_1,GRA_0,1401804,5,0,FRE_0,EVE_1,1
,34,EMP_1,GRA_0,1219558,4,0,FRE_0,EVE_0,1
,33,EMP_1,GRA_0,1446752,4,0,FRE_0,EVE_0,1
,33,EMP_1,GRA_0,1487776,4,0,FRE_0,EVE_0,1
,26,EMP_1,GRA_0,1677429,5,0,FRE_0,EVE_1,1
,33,EMP_1,GRA_0,1249162,4,0,FRE_0,EVE_0,1
,33,EMP_1,GRA_0,1313556,3,0,FRE_0,EVE_0,1
,34,EMP_1,GRA_0,1341909,4,0,FRE_0,EVE_0,1
,34,EMP_1,GRA_0,1566304,4,0,FRE_0,EVE_0,1
,34,EMP_1,GRA_0,1195349,4,0,FRE_0,EVE_0,1
,33,EMP_1,GRA_0,1302315,3,0,FRE_0,EVE_1,1
,33,EMP_1,GRA_0,1382872,3,0,FRE_0,EVE_1,1
,34,EMP_1,GRA_0,1005557,4,0,FRE_0,EVE_0,1
,34,EMP_1,GRA_0,1363111,5,0,FRE_0,EVE_0,1
,26,EMP_1,GRA_0,1304193,4,0,FRE_0,EVE_0,1
,35,EMP_1,GRA_0,1211021,3,0,FRE_0,EVE_0,1
,34,EMP_1,GRA_0,1466700,3,0,FRE_0,EVE_1,1
,34,EMP_1,GRA_0,1136903,4,0,FRE_0,EVE_0,1
,33,EMP_1,GRA_0,1412423,4,0,FRE_0,EVE_0,1
,34,EMP_1,GRA_0,1381529,4,0,FRE_0,EVE_1,1
,25,EMP_1,GRA_0,1512930,4,0,FRE_0,EVE_1,1
,33,EMP_1,GRA_0,1242214,4,0,FRE_0,EVE_1,1
,34,EMP_1,GRA_0,1253294,4,0,FRE_0,EVE_0,1
,27,EMP_1,GRA_0,1548918,5,0,FRE_1,EVE_1,1
,34,EMP_1,GRA_0,1395973,3,0,FRE_0,EVE_1,1
,34,EMP_1,GRA_0,1346832,4,0,FRE_0,EVE_0,1
,34,EMP_1,GRA_0,1329378,4,0,FRE_0,EVE_0,1
,34,EMP_1,GRA_0,1467421,4,0,FRE_0,EVE_0,1
,33,EMP_1,GRA_0,1142897,3,0,FRE_0,EVE_0,1
,33,EMP_1,GRA_0,1376746,4,0,FRE_0,EVE_0,1
,34,EMP_1,GRA_0,1398469,3,0,FRE_0,EVE_1,1
,33,EMP_1,GRA_0,1266362,4,0,FRE_0,EVE_0,1
,32,EMP_1,GRA_0,1608533,4,0,FRE_0,EVE_0,1
,33,EMP_1,GRA_0,1228263,4,0,FRE_0,EVE_0,1
,33,EMP_1,GRA_0,1352779,4,0,FRE_0,EVE_0,1
,33,EMP_1,GRA_0,1522350,5,0,FRE_0,EVE_0,1
,34,EMP_1,GRA_0,1317756,4,0,FRE_0,EVE_0,1
,25,EMP_1,GRA_0,1418331,5,0,FRE_1,EVE_1,1
,34,EMP_1,GRA_0,1040837,4,0,FRE_0,EVE_0,1
,34,EMP_1,GRA_0,1180242,4,0,FRE_0,EVE_0,1
,25,EMP_1,GRA_0,1665800,5,0,FRE_1,EVE_1,1
,33,EMP_1,GRA_0,1301407,3,0,FRE_0,EVE_1,1
,34,EMP_1,GRA_0,482302,4,0,FRE_0,EVE_0,1
,33,EMP_1,GRA_0,1180511,3,0,FRE_0,EVE_0,1
,34,EMP_1,GRA_0,1126841,4,0,FRE_0,EVE_0,1
,27,EMP_1,GRA_0,1436336,5,0,FRE_0,EVE_1,1
,34,EMP_1,GRA_0,1237309,4,0,FRE_0,EVE_0,1
,32,EMP_1,GRA_0,1374665,3,0,FRE_0,EVE_1,1
,25,EMP_1,GRA_0,1327126,5,0,FRE_0,EVE_1,1
,33,EMP_1,GRA_0,1313612,4,0,FRE_0,EVE_0,1
,33,EMP_1,GRA_0,1422753,4,0,FRE_0,EVE_0,1
,33,EMP_1,GRA_0,1425201,4,0,FRE_0,EVE_0,1
,34,EMP_1,GRA_0,1419663,4,0,FRE_0,EVE_0,1
,32,EMP_1,GRA_0,1524431,3,0,FRE_0,EVE_0,1
,32,EMP_1,GRA_0,1261794,4,0,FRE_0,EVE_0,1
,35,EMP_1,GRA_0,1586002,5,0,FRE_0,EVE_0,1
,26,EMP_1,GRA_0,1269323,4,0,FRE_0,EVE_0,1
,26,EMP_1,GRA_0,1438404,5,0,FRE_0,EVE_1,1
,26,EMP_1,GRA_0,1479604,5,0,FRE_0,EVE_0,1
,34,EMP_1,GRA_0,1211493,4,0,FRE_0,EVE_0,1
,33,EMP_1,GRA_0,1380549,4,0,FRE_0,EVE_0,1
,25,EMP_1,GRA_0,1416970,5,0,FRE_0,EVE_1,1
,25,EMP_1,GRA_0,1281320,4,0,FRE_0,EVE_1,1
,33,EMP_1,GRA_0,1274221,4,0,FRE_0,EVE_0,1
,25,EMP_1,GRA_0,1314299,5,0,FRE_1,EVE_1,1
,27,EMP_1,GRA_0,1209765,4,0,FRE_0,EVE_0,1
,32,EMP_1,GRA_0,1301381,3,0,FRE_0,EVE_1,1
,34,EMP_1,GRA_0,1327284,4,0,FRE_0,EVE_0,1
,34,EMP_1,GRA_0,1414885,4,0,FRE_0,EVE_0,1
,34,EMP_1,GRA_0,1126667,5,0,FRE_0,EVE_1,1
,25,EMP_1,GRA_0,1410755,4,0,FRE_0,EVE_1,1
,34,EMP_1,GRA_0,1121747,4,0,FRE_0,EVE_0,1
,34,EMP_1,GRA_0,1084583,4,0,FRE_0,EVE_0,1
,34,EMP_1,GRA_0,1559329,4,0,FRE_0,EVE_0,1
,25,EMP_1,GRA_0,1579007,4,0,FRE_0,EVE_0,1
,33,EMP_1,GRA_0,1407955,4,0,FRE_0,EVE_0,1
,33,EMP_1,GRA_0,1106745,4,0,FRE_0,EVE_0,1
,26,EMP_1,GRA_0,1281924,5,0,FRE_0,EVE_1,1
,33,EMP_1,GRA_0,1676239,4,0,FRE_0,EVE_0,1
,25,EMP_1,GRA_0,1516342,5,0,FRE_1,EVE_1,1
