Unnamed: 0,Age,Employment Type,GraduateOrNot,AnnualIncome,FamilyMembers,ChronicDiseases,FrequentFlyer,EverTravelledAbroad,TravelInsurance
1557,32,EMP_0,GRA_0,800000,7,0,FRE_0,EVE_0,0
1634,34,EMP_1,GRA_0,1000000,5,0,FRE_0,EVE_0,0
105,28,EMP_1,GRA_0,750000,3,0,FRE_0,EVE_0,0
1253,25,EMP_1,GRA_0,1700000,3,0,FRE_1,EVE_0,1
1761,30,EMP_1,GRA_1,500000,7,1,FRE_0,EVE_0,0
1177,34,EMP_1,GRA_0,700000,2,1,FRE_1,EVE_0,0
833,31,EMP_0,GRA_0,1500000,3,0,FRE_1,EVE_1,1
478,29,EMP_1,GRA_0,900000,4,0,FRE_0,EVE_0,0
1819,25,EMP_1,GRA_0,1400000,3,0,FRE_0,EVE_1,1
1043,30,EMP_1,GRA_1,500000,8,0,FRE_0,EVE_0,0
159,27,EMP_0,GRA_0,900000,7,1,FRE_0,EVE_0,0
82,28,EMP_1,GRA_0,1250000,4,1,FRE_0,EVE_0,0
1822,35,EMP_1,GRA_1,800000,5,0,FRE_0,EVE_0,0
134,28,EMP_1,GRA_0,600000,5,0,FRE_1,EVE_0,0
1290,31,EMP_1,GRA_0,1400000,5,0,FRE_1,EVE_1,1
1625,28,EMP_0,GRA_0,300000,3,1,FRE_0,EVE_0,1
799,31,EMP_0,GRA_0,1200000,3,0,FRE_0,EVE_0,0
1852,28,EMP_1,GRA_0,1200000,6,1,FRE_0,EVE_0,0
131,28,EMP_1,GRA_0,750000,4,0,FRE_0,EVE_0,0
1205,33,EMP_0,GRA_0,700000,3,0,FRE_0,EVE_0,0
1128,33,EMP_0,GRA_0,700000,4,0,FRE_0,EVE_0,0
853,31,EMP_0,GRA_0,400000,6,1,FRE_0,EVE_0,0
1336,28,EMP_1,GRA_0,900000,3,0,FRE_0,EVE_0,0
1029,31,EMP_0,GRA_1,300000,3,0,FRE_0,EVE_0,0
87,28,EMP_0,GRA_0,300000,6,0,FRE_0,EVE_0,0
1493,32,EMP_0,GRA_0,900000,6,1,FRE_0,EVE_0,0
986,25,EMP_1,GRA_0,1400000,3,0,FRE_0,EVE_1,1
1832,29,EMP_1,GRA_0,1050000,5,0,FRE_0,EVE_0,0
168,27,EMP_0,GRA_0,850000,7,1,FRE_0,EVE_0,0
1594,25,EMP_1,GRA_0,1400000,5,1,FRE_0,EVE_1,1
528,25,EMP_1,GRA_1,1150000,5,0,FRE_0,EVE_0,0
697,25,EMP_1,GRA_0,1400000,3,1,FRE_0,EVE_1,1
153,25,EMP_1,GRA_1,600000,5,0,FRE_1,EVE_0,0
221,28,EMP_1,GRA_0,1200000,6,1,FRE_0,EVE_0,0
1425,28,EMP_0,GRA_0,600000,4,0,FRE_0,EVE_0,0
480,34,EMP_1,GRA_0,1050000,7,0,FRE_1,EVE_0,1
1475,28,EMP_0,GRA_0,300000,4,0,FRE_0,EVE_0,0
1076,31,EMP_1,GRA_0,1350000,4,0,FRE_0,EVE_1,1
903,28,EMP_0,GRA_0,600000,4,0,FRE_0,EVE_0,0
1444,31,EMP_1,GRA_0,900000,6,0,FRE_0,EVE_0,0
1690,35,EMP_1,GRA_1,800000,6,1,FRE_0,EVE_1,1
229,34,EMP_1,GRA_0,1000000,2,0,FRE_0,EVE_0,0
479,34,EMP_0,GRA_0,1300000,4,1,FRE_0,EVE_0,0
554,32,EMP_0,GRA_0,800000,6,0,FRE_0,EVE_0,0
953,29,EMP_1,GRA_0,1750000,6,0,FRE_0,EVE_0,0
1334,25,EMP_0,GRA_0,750000,3,0,FRE_0,EVE_1,1
1192,33,EMP_0,GRA_0,1100000,3,0,FRE_0,EVE_0,1
476,33,EMP_1,GRA_0,1400000,4,1,FRE_0,EVE_1,1
111,28,EMP_1,GRA_0,800000,5,0,FRE_0,EVE_0,0
839,26,EMP_1,GRA_0,1250000,4,0,FRE_0,EVE_0,1
819,28,EMP_1,GRA_0,1150000,4,1,FRE_0,EVE_0,0
1154,34,EMP_1,GRA_0,1000000,5,1,FRE_0,EVE_0,0
1222,29,EMP_1,GRA_0,1350000,3,1,FRE_1,EVE_1,0
2,34,EMP_1,GRA_0,500000,4,1,FRE_0,EVE_0,1
1325,30,EMP_1,GRA_1,800000,4,0,FRE_0,EVE_0,1
1647,34,EMP_1,GRA_0,850000,5,1,FRE_1,EVE_0,0
892,29,EMP_1,GRA_0,1050000,4,0,FRE_0,EVE_0,0
752,28,EMP_1,GRA_1,550000,6,0,FRE_0,EVE_0,1
703,27,EMP_0,GRA_0,500000,6,0,FRE_0,EVE_0,0
539,33,EMP_0,GRA_1,400000,4,0,FRE_0,EVE_0,0
409,28,EMP_1,GRA_0,700000,5,0,FRE_0,EVE_0,0
781,27,EMP_0,GRA_0,500000,5,0,FRE_0,EVE_0,1
1964,28,EMP_0,GRA_0,1100000,4,0,FRE_0,EVE_0,0
1494,25,EMP_0,GRA_0,750000,6,0,FRE_0,EVE_0,1
1718,34,EMP_1,GRA_0,700000,3,0,FRE_0,EVE_0,1
1090,29,EMP_1,GRA_0,1100000,5,1,FRE_0,EVE_0,0
103,26,EMP_1,GRA_0,1400000,5,0,FRE_0,EVE_1,1
1331,31,EMP_1,GRA_0,1250000,5,0,FRE_0,EVE_0,1
191,30,EMP_1,GRA_1,650000,3,0,FRE_0,EVE_1,0
1302,28,EMP_1,GRA_1,550000,3,0,FRE_0,EVE_0,1
1116,28,EMP_0,GRA_0,600000,9,0,FRE_1,EVE_0,1
943,29,EMP_1,GRA_0,1200000,5,1,FRE_0,EVE_0,0
1095,34,EMP_0,GRA_0,1100000,9,0,FRE_0,EVE_0,1
909,26,EMP_1,GRA_0,1400000,4,1,FRE_0,EVE_1,1
451,28,EMP_1,GRA_0,800000,4,0,FRE_0,EVE_0,0
1579,28,EMP_1,GRA_0,1200000,3,1,FRE_1,EVE_0,0
416,31,EMP_1,GRA_0,1400000,7,0,FRE_0,EVE_1,1
1392,27,EMP_0,GRA_0,1050000,2,0,FRE_0,EVE_0,1
268,34,EMP_1,GRA_0,500000,6,0,FRE_0,EVE_0,1
1173,32,EMP_0,GRA_0,850000,7,0,FRE_0,EVE_1,1
312,32,EMP_0,GRA_0,850000,7,0,FRE_0,EVE_0,0
1262,27,EMP_0,GRA_0,500000,4,0,FRE_0,EVE_0,1
1293,28,EMP_0,GRA_0,300000,6,1,FRE_0,EVE_0,0
1196,28,EMP_0,GRA_0,300000,2,0,FRE_0,EVE_0,0
1698,29,EMP_1,GRA_0,500000,4,0,FRE_0,EVE_0,0
694,34,EMP_0,GRA_0,1100000,6,1,FRE_0,EVE_0,1
1202,31,EMP_1,GRA_0,1400000,4,0,FRE_0,EVE_1,1
1134,31,EMP_1,GRA_0,1250000,7,0,FRE_0,EVE_0,1
1071,27,EMP_0,GRA_0,750000,8,0,FRE_0,EVE_0,0
3,28,EMP_1,GRA_0,700000,3,1,FRE_0,EVE_0,0
742,34,EMP_1,GRA_0,1050000,7,1,FRE_0,EVE_0,1
880,28,EMP_1,GRA_0,750000,6,0,FRE_1,EVE_0,0
1920,32,EMP_0,GRA_0,800000,5,0,FRE_0,EVE_0,0
1378,34,EMP_0,GRA_0,1300000,2,1,FRE_0,EVE_0,0
12,32,EMP_0,GRA_0,850000,6,0,FRE_0,EVE_0,1
1046,33,EMP_0,GRA_0,400000,5,1,FRE_0,EVE_0,0
805,29,EMP_1,GRA_0,1050000,3,1,FRE_1,EVE_0,0
862,28,EMP_0,GRA_0,300000,3,1,FRE_0,EVE_0,0
503,31,EMP_0,GRA_0,1300000,5,0,FRE_0,EVE_0,0
1948,35,EMP_1,GRA_1,800000,6,0,FRE_1,EVE_0,1
563,33,EMP_1,GRA_0,550000,3,1,FRE_0,EVE_0,1
457,25,EMP_1,GRA_1,1150000,4,0,FRE_0,EVE_0,0
1763,29,EMP_1,GRA_0,1050000,3,0,FRE_0,EVE_0,0
1799,26,EMP_0,GRA_0,1450000,3,0,FRE_1,EVE_1,1
617,30,EMP_1,GRA_1,550000,5,0,FRE_1,EVE_0,1
769,30,EMP_1,GRA_1,800000,3,0,FRE_0,EVE_0,0
511,31,EMP_1,GRA_0,1250000,3,0,FRE_0,EVE_1,0
1604,29,EMP_1,GRA_0,1050000,7,0,FRE_0,EVE_0,0
1415,31,EMP_0,GRA_0,1300000,3,1,FRE_0,EVE_0,1
508,28,EMP_1,GRA_0,900000,6,0,FRE_0,EVE_0,1
215,33,EMP_0,GRA_0,1100000,5,0,FRE_0,EVE_0,0
1923,26,EMP_1,GRA_0,750000,3,0,FRE_0,EVE_0,0
1361,26,EMP_1,GRA_0,1400000,4,0,FRE_0,EVE_1,1
605,28,EMP_1,GRA_0,1250000,5,0,FRE_0,EVE_1,1
1759,25,EMP_0,GRA_0,750000,2,0,FRE_1,EVE_0,0
1869,31,EMP_0,GRA_0,1500000,2,0,FRE_1,EVE_1,1
1319,26,EMP_1,GRA_0,600000,6,0,FRE_1,EVE_0,0
869,33,EMP_1,GRA_0,1400000,3,0,FRE_0,EVE_1,1
700,28,EMP_1,GRA_0,1450000,4,0,FRE_1,EVE_1,1
1406,33,EMP_0,GRA_0,1100000,4,0,FRE_0,EVE_0,0
43,28,EMP_1,GRA_0,1200000,4,0,FRE_1,EVE_0,1
891,29,EMP_1,GRA_0,1050000,5,1,FRE_0,EVE_0,0
259,33,EMP_0,GRA_0,400000,3,1,FRE_0,EVE_0,1
1469,28,EMP_0,GRA_0,300000,6,0,FRE_0,EVE_0,0
715,28,EMP_1,GRA_0,1200000,5,0,FRE_0,EVE_0,0
1118,33,EMP_0,GRA_0,1100000,2,0,FRE_1,EVE_0,0
1407,31,EMP_1,GRA_0,1250000,4,0,FRE_0,EVE_0,0
582,29,EMP_1,GRA_0,1100000,3,0,FRE_0,EVE_0,0
1169,25,EMP_1,GRA_0,1400000,7,0,FRE_0,EVE_1,1
431,28,EMP_1,GRA_0,500000,6,0,FRE_0,EVE_0,0
1563,31,EMP_1,GRA_0,1250000,7,0,FRE_0,EVE_0,0
1876,34,EMP_1,GRA_0,1500000,4,1,FRE_1,EVE_1,1
273,34,EMP_1,GRA_0,1000000,6,0,FRE_1,EVE_0,1
1804,28,EMP_1,GRA_0,1100000,5,0,FRE_0,EVE_0,0
6,31,EMP_0,GRA_0,1300000,4,0,FRE_0,EVE_0,0
1977,25,EMP_1,GRA_1,1350000,6,0,FRE_0,EVE_1,1
1713,28,EMP_1,GRA_0,800000,4,0,FRE_0,EVE_0,0
118,31,EMP_0,GRA_0,1500000,4,1,FRE_1,EVE_1,1
1605,26,EMP_1,GRA_0,450000,4,0,FRE_0,EVE_0,0
515,27,EMP_0,GRA_0,850000,7,0,FRE_1,EVE_0,0
955,34,EMP_1,GRA_0,1300000,6,0,FRE_0,EVE_0,1
1159,31,EMP_1,GRA_0,1250000,3,0,FRE_0,EVE_0,0
1274,34,EMP_1,GRA_0,1000000,3,0,FRE_0,EVE_0,0
190,27,EMP_0,GRA_0,900000,5,0,FRE_0,EVE_0,0
1851,28,EMP_1,GRA_1,550000,6,0,FRE_0,EVE_0,1
1476,33,EMP_1,GRA_0,1750000,6,0,FRE_0,EVE_0,1
1417,35,EMP_1,GRA_1,800000,5,0,FRE_0,EVE_0,0
289,26,EMP_1,GRA_0,500000,3,0,FRE_0,EVE_0,0
1478,28,EMP_0,GRA_0,1100000,4,1,FRE_0,EVE_0,0
1324,33,EMP_0,GRA_0,400000,9,1,FRE_0,EVE_0,1
1629,34,EMP_1,GRA_0,1000000,5,0,FRE_1,EVE_0,0
1273,29,EMP_1,GRA_0,1200000,4,0,FRE_1,EVE_0,0
80,26,EMP_1,GRA_0,1300000,4,1,FRE_0,EVE_0,0
1636,28,EMP_1,GRA_0,1400000,4,0,FRE_1,EVE_1,0
1839,32,EMP_0,GRA_0,350000,3,0,FRE_0,EVE_1,0
1873,34,EMP_1,GRA_0,1000000,3,0,FRE_0,EVE_0,0
1510,26,EMP_1,GRA_0,500000,3,0,FRE_0,EVE_0,0
1756,29,EMP_1,GRA_0,900000,3,0,FRE_0,EVE_0,1
530,29,EMP_1,GRA_0,900000,3,0,FRE_0,EVE_0,0
1517,26,EMP_1,GRA_0,1400000,4,1,FRE_0,EVE_1,1
340,27,EMP_1,GRA_1,800000,7,1,FRE_0,EVE_0,0
549,28,EMP_0,GRA_1,300000,5,1,FRE_0,EVE_0,0
46,25,EMP_1,GRA_0,1400000,4,0,FRE_0,EVE_1,1
789,28,EMP_1,GRA_0,750000,4,0,FRE_0,EVE_0,1
1526,30,EMP_1,GRA_1,550000,5,1,FRE_0,EVE_0,1
1805,29,EMP_1,GRA_0,1200000,4,0,FRE_0,EVE_0,0
1106,34,EMP_1,GRA_0,1300000,4,0,FRE_0,EVE_0,0
1266,33,EMP_1,GRA_0,1400000,8,1,FRE_0,EVE_1,1
1785,25,EMP_1,GRA_1,1150000,2,0,FRE_0,EVE_1,0
1449,29,EMP_1,GRA_0,1100000,4,1,FRE_0,EVE_0,0
1866,28,EMP_0,GRA_0,300000,7,1,FRE_0,EVE_0,0
660,28,EMP_0,GRA_0,300000,4,0,FRE_0,EVE_0,0
1345,28,EMP_1,GRA_0,700000,2,1,FRE_0,EVE_0,0
776,25,EMP_1,GRA_0,1400000,6,0,FRE_1,EVE_1,1
1816,34,EMP_1,GRA_0,1000000,3,0,FRE_1,EVE_0,0
1165,28,EMP_1,GRA_0,1150000,2,0,FRE_0,EVE_0,1
1956,32,EMP_0,GRA_0,350000,3,1,FRE_0,EVE_1,1
1088,28,EMP_1,GRA_0,1250000,9,1,FRE_0,EVE_0,0
61,32,EMP_0,GRA_0,800000,3,0,FRE_1,EVE_0,1
737,28,EMP_1,GRA_0,700000,4,1,FRE_0,EVE_0,1
1370,28,EMP_1,GRA_0,800000,6,0,FRE_0,EVE_0,0
795,32,EMP_0,GRA_0,350000,3,0,FRE_0,EVE_0,0
1649,28,EMP_1,GRA_0,1150000,4,1,FRE_0,EVE_0,0
1967,34,EMP_1,GRA_0,700000,3,1,FRE_0,EVE_0,0
263,35,EMP_1,GRA_1,800000,4,0,FRE_0,EVE_0,0
1694,31,EMP_0,GRA_0,400000,5,0,FRE_0,EVE_0,0
1440,34,EMP_1,GRA_0,850000,5,0,FRE_0,EVE_0,0
607,28,EMP_1,GRA_0,550000,8,1,FRE_0,EVE_0,0
676,29,EMP_1,GRA_0,1200000,7,1,FRE_0,EVE_0,0
338,28,EMP_1,GRA_0,600000,3,0,FRE_0,EVE_0,0
811,26,EMP_1,GRA_0,450000,3,0,FRE_0,EVE_0,0
686,33,EMP_1,GRA_0,1500000,3,0,FRE_1,EVE_1,1
41,33,EMP_1,GRA_0,550000,5,0,FRE_0,EVE_0,0
1360,34,EMP_1,GRA_0,1300000,2,0,FRE_0,EVE_0,0
1432,28,EMP_1,GRA_0,700000,3,0,FRE_0,EVE_0,1
52,31,EMP_1,GRA_0,1250000,4,0,FRE_0,EVE_1,0
149,28,EMP_1,GRA_0,800000,5,1,FRE_0,EVE_0,0
115,29,EMP_1,GRA_0,900000,4,0,FRE_0,EVE_0,0
630,28,EMP_1,GRA_0,1100000,9,0,FRE_0,EVE_0,0
1048,25,EMP_1,GRA_0,500000,5,1,FRE_0,EVE_0,0
796,28,EMP_0,GRA_0,300000,7,0,FRE_0,EVE_0,0
547,26,EMP_1,GRA_0,1400000,4,1,FRE_0,EVE_1,1
1287,34,EMP_1,GRA_0,500000,4,0,FRE_0,EVE_0,0
1715,28,EMP_1,GRA_0,800000,6,1,FRE_0,EVE_0,0
732,30,EMP_1,GRA_1,800000,4,0,FRE_0,EVE_0,0
1646,28,EMP_1,GRA_0,1250000,3,1,FRE_0,EVE_0,1
365,25,EMP_1,GRA_1,1700000,3,0,FRE_1,EVE_0,1
1578,27,EMP_0,GRA_0,500000,6,1,FRE_0,EVE_0,0
941,34,EMP_1,GRA_0,1000000,5,0,FRE_0,EVE_0,0
1823,25,EMP_1,GRA_0,1800000,6,0,FRE_1,EVE_0,1
403,28,EMP_1,GRA_0,800000,8,1,FRE_0,EVE_0,0
1729,35,EMP_0,GRA_0,900000,7,0,FRE_0,EVE_0,1
1981,27,EMP_0,GRA_0,850000,3,0,FRE_0,EVE_0,1
807,27,EMP_0,GRA_0,1050000,3,0,FRE_1,EVE_0,1
218,26,EMP_1,GRA_0,1500000,7,0,FRE_1,EVE_1,0
1016,29,EMP_1,GRA_0,350000,9,1,FRE_0,EVE_0,0
994,28,EMP_1,GRA_0,550000,6,1,FRE_0,EVE_0,0
1133,35,EMP_0,GRA_0,1100000,3,1,FRE_0,EVE_0,1
669,26,EMP_1,GRA_0,600000,3,0,FRE_1,EVE_0,0
154,28,EMP_1,GRA_0,700000,4,0,FRE_1,EVE_0,0
1522,31,EMP_0,GRA_1,400000,3,0,FRE_0,EVE_0,0
512,29,EMP_1,GRA_0,1100000,5,0,FRE_1,EVE_0,0
1150,28,EMP_1,GRA_0,600000,3,0,FRE_0,EVE_0,1
1105,26,EMP_0,GRA_0,1450000,7,0,FRE_1,EVE_1,1
430,26,EMP_1,GRA_0,1300000,7,0,FRE_0,EVE_0,1
1678,31,EMP_1,GRA_0,1350000,7,0,FRE_1,EVE_1,1
1055,25,EMP_1,GRA_0,1700000,5,0,FRE_1,EVE_0,1
151,29,EMP_1,GRA_0,1200000,7,0,FRE_0,EVE_0,1
1144,31,EMP_0,GRA_1,300000,4,0,FRE_0,EVE_0,0
125,29,EMP_1,GRA_0,500000,3,1,FRE_0,EVE_0,1
895,28,EMP_1,GRA_0,600000,5,0,FRE_0,EVE_1,1
66,30,EMP_1,GRA_1,800000,6,0,FRE_1,EVE_0,0
936,33,EMP_0,GRA_0,800000,3,0,FRE_0,EVE_0,0
671,29,EMP_1,GRA_0,1100000,3,1,FRE_0,EVE_0,0
1316,31,EMP_1,GRA_0,1400000,3,0,FRE_0,EVE_1,1
1887,31,EMP_1,GRA_0,900000,5,0,FRE_0,EVE_0,0
1049,29,EMP_1,GRA_0,900000,7,0,FRE_0,EVE_0,0
1671,29,EMP_1,GRA_0,1350000,8,0,FRE_0,EVE_1,1
307,28,EMP_1,GRA_0,1150000,8,1,FRE_0,EVE_0,0
620,29,EMP_1,GRA_0,1050000,4,0,FRE_1,EVE_0,0
1162,34,EMP_1,GRA_1,1400000,4,0,FRE_0,EVE_1,1
10,31,EMP_0,GRA_0,400000,9,1,FRE_0,EVE_0,0
1899,31,EMP_1,GRA_0,1250000,4,1,FRE_0,EVE_0,0
291,34,EMP_1,GRA_0,1300000,3,0,FRE_1,EVE_0,0
864,26,EMP_1,GRA_0,600000,6,0,FRE_1,EVE_0,0
590,28,EMP_1,GRA_0,500000,5,0,FRE_0,EVE_0,0
908,34,EMP_1,GRA_0,1300000,3,0,FRE_0,EVE_1,0
991,30,EMP_1,GRA_1,1450000,7,0,FRE_1,EVE_1,1
959,31,EMP_1,GRA_0,500000,6,0,FRE_0,EVE_0,0
209,25,EMP_1,GRA_1,1700000,3,1,FRE_1,EVE_0,0
735,28,EMP_0,GRA_0,300000,4,0,FRE_0,EVE_0,0
68,29,EMP_1,GRA_0,350000,4,0,FRE_0,EVE_0,0
768,34,EMP_1,GRA_0,1500000,5,0,FRE_1,EVE_1,1
1224,33,EMP_1,GRA_0,1400000,7,0,FRE_0,EVE_1,1
1959,28,EMP_1,GRA_1,550000,6,0,FRE_0,EVE_0,0
442,29,EMP_1,GRA_0,1100000,9,0,FRE_0,EVE_0,0
394,28,EMP_1,GRA_0,1200000,4,0,FRE_0,EVE_0,1
1676,27,EMP_0,GRA_0,1050000,7,0,FRE_0,EVE_0,1
36,31,EMP_0,GRA_1,300000,9,1,FRE_0,EVE_0,0
1098,28,EMP_1,GRA_0,1150000,6,1,FRE_0,EVE_0,0
1209,34,EMP_1,GRA_0,1500000,5,1,FRE_1,EVE_1,1
1466,29,EMP_1,GRA_0,1200000,7,0,FRE_0,EVE_0,0
682,26,EMP_1,GRA_0,1500000,5,1,FRE_1,EVE_1,1
1508,25,EMP_1,GRA_1,1700000,5,0,FRE_1,EVE_1,1
1659,29,EMP_1,GRA_0,500000,3,0,FRE_0,EVE_0,0
271,35,EMP_0,GRA_0,900000,3,1,FRE_0,EVE_0,0
522,35,EMP_1,GRA_1,800000,6,1,FRE_0,EVE_0,1
644,32,EMP_0,GRA_0,800000,4,0,FRE_0,EVE_0,0
1321,31,EMP_0,GRA_1,300000,7,0,FRE_0,EVE_0,0
782,28,EMP_1,GRA_0,1200000,4,0,FRE_0,EVE_0,0
483,28,EMP_1,GRA_0,1150000,4,0,FRE_0,EVE_0,0
1689,27,EMP_0,GRA_0,500000,5,0,FRE_0,EVE_0,0
1349,26,EMP_1,GRA_0,1400000,3,0,FRE_0,EVE_1,1
1301,28,EMP_1,GRA_1,550000,3,0,FRE_0,EVE_0,0
1344,25,EMP_1,GRA_0,1700000,3,0,FRE_1,EVE_0,1
1033,31,EMP_1,GRA_0,1250000,4,0,FRE_0,EVE_0,0
1750,28,EMP_1,GRA_0,700000,5,0,FRE_0,EVE_0,0
328,34,EMP_1,GRA_0,700000,6,0,FRE_1,EVE_1,1
385,34,EMP_1,GRA_0,1000000,5,0,FRE_0,EVE_0,0
238,29,EMP_1,GRA_0,600000,3,1,FRE_0,EVE_0,0
495,31,EMP_0,GRA_0,1200000,4,0,FRE_0,EVE_0,0
1216,27,EMP_1,GRA_1,800000,6,0,FRE_0,EVE_0,1
1264,31,EMP_0,GRA_0,400000,6,0,FRE_0,EVE_0,0
611,28,EMP_1,GRA_0,500000,6,1,FRE_0,EVE_0,0
1420,33,EMP_0,GRA_0,700000,3,0,FRE_0,EVE_0,0
756,28,EMP_0,GRA_1,300000,6,0,FRE_0,EVE_0,0
1430,25,EMP_1,GRA_0,1400000,6,0,FRE_0,EVE_1,1
1539,33,EMP_1,GRA_0,550000,7,1,FRE_1,EVE_0,1
471,26,EMP_1,GRA_0,1250000,3,0,FRE_0,EVE_0,0
112,30,EMP_1,GRA_1,800000,4,0,FRE_0,EVE_0,0
1193,34,EMP_1,GRA_1,950000,3,0,FRE_0,EVE_0,0
410,28,EMP_1,GRA_1,550000,4,0,FRE_0,EVE_0,0
863,29,EMP_1,GRA_0,1100000,3,0,FRE_0,EVE_0,0
1985,34,EMP_1,GRA_0,1000000,6,0,FRE_1,EVE_1,1
342,28,EMP_1,GRA_0,1100000,2,0,FRE_0,EVE_0,1
1491,26,EMP_1,GRA_0,1400000,7,1,FRE_1,EVE_1,1
77,31,EMP_0,GRA_1,400000,4,0,FRE_0,EVE_0,0
1374,28,EMP_0,GRA_0,300000,6,1,FRE_0,EVE_0,0
743,29,EMP_1,GRA_0,500000,6,0,FRE_0,EVE_0,0
536,30,EMP_1,GRA_1,500000,3,0,FRE_0,EVE_0,0
537,29,EMP_1,GRA_0,600000,8,1,FRE_0,EVE_0,1
1489,29,EMP_1,GRA_0,1350000,4,0,FRE_0,EVE_1,1
1577,28,EMP_0,GRA_1,300000,4,0,FRE_0,EVE_0,0
1727,28,EMP_1,GRA_0,1100000,4,0,FRE_0,EVE_0,0
1734,34,EMP_1,GRA_0,1050000,4,1,FRE_0,EVE_0,0
1380,28,EMP_1,GRA_0,500000,5,1,FRE_0,EVE_0,1
1212,34,EMP_1,GRA_1,1300000,5,0,FRE_0,EVE_0,0
1413,28,EMP_1,GRA_0,1150000,6,0,FRE_0,EVE_0,0
1696,28,EMP_1,GRA_0,800000,2,1,FRE_0,EVE_0,0
1241,33,EMP_0,GRA_0,1100000,8,0,FRE_0,EVE_0,1
907,26,EMP_1,GRA_0,1400000,6,0,FRE_0,EVE_1,1
445,27,EMP_0,GRA_0,1050000,6,1,FRE_0,EVE_0,0
1615,30,EMP_1,GRA_1,650000,5,0,FRE_0,EVE_0,0
1151,34,EMP_1,GRA_0,700000,7,0,FRE_0,EVE_0,1
163,32,EMP_0,GRA_0,350000,5,0,FRE_0,EVE_0,0
4,28,EMP_1,GRA_0,700000,8,1,FRE_1,EVE_0,0
623,28,EMP_1,GRA_0,1100000,3,0,FRE_0,EVE_0,0
1079,34,EMP_1,GRA_0,1000000,3,0,FRE_0,EVE_0,0
1166,34,EMP_1,GRA_0,1300000,3,0,FRE_0,EVE_0,0
364,31,EMP_0,GRA_0,1200000,6,0,FRE_0,EVE_0,0
1198,33,EMP_0,GRA_0,400000,4,0,FRE_0,EVE_0,0
245,28,EMP_1,GRA_0,1150000,3,0,FRE_0,EVE_0,0
1158,34,EMP_1,GRA_0,700000,2,0,FRE_0,EVE_0,0
635,28,EMP_1,GRA_1,550000,4,0,FRE_0,EVE_0,0
1791,28,EMP_1,GRA_0,1200000,5,0,FRE_0,EVE_0,0
822,29,EMP_1,GRA_0,1200000,4,0,FRE_0,EVE_0,0
1252,34,EMP_1,GRA_0,1050000,5,0,FRE_0,EVE_0,0
1395,35,EMP_0,GRA_0,1100000,2,1,FRE_0,EVE_0,0
1326,34,EMP_1,GRA_0,700000,5,0,FRE_0,EVE_0,0
1426,26,EMP_0,GRA_0,500000,6,1,FRE_0,EVE_0,0
1385,27,EMP_0,GRA_0,500000,4,0,FRE_0,EVE_0,0
873,32,EMP_0,GRA_0,350000,3,0,FRE_0,EVE_0,1
1609,27,EMP_0,GRA_0,500000,3,1,FRE_0,EVE_0,0
834,33,EMP_1,GRA_0,1400000,5,1,FRE_1,EVE_1,1
1675,33,EMP_1,GRA_0,750000,7,1,FRE_0,EVE_0,1
1847,28,EMP_0,GRA_0,1200000,3,0,FRE_0,EVE_0,1
932,27,EMP_0,GRA_0,1050000,5,1,FRE_0,EVE_0,1
285,33,EMP_1,GRA_0,750000,4,0,FRE_0,EVE_0,0
1240,28,EMP_1,GRA_0,700000,5,0,FRE_1,EVE_0,0
1114,33,EMP_0,GRA_0,1000000,3,0,FRE_0,EVE_1,0
1745,34,EMP_1,GRA_0,850000,4,0,FRE_0,EVE_1,0
1014,26,EMP_0,GRA_0,550000,5,0,FRE_0,EVE_0,1
578,34,EMP_1,GRA_0,1000000,4,0,FRE_0,EVE_0,0
1924,33,EMP_1,GRA_0,750000,3,1,FRE_0,EVE_0,0
1021,28,EMP_1,GRA_0,1150000,4,0,FRE_0,EVE_0,1
612,28,EMP_1,GRA_0,550000,9,0,FRE_0,EVE_0,0
545,26,EMP_1,GRA_0,600000,6,1,FRE_0,EVE_0,0
510,31,EMP_1,GRA_0,950000,5,0,FRE_0,EVE_0,0
324,28,EMP_0,GRA_0,300000,5,0,FRE_0,EVE_0,0
1423,33,EMP_1,GRA_0,550000,8,0,FRE_0,EVE_0,0
1551,28,EMP_1,GRA_0,1300000,6,0,FRE_0,EVE_0,0
1474,28,EMP_0,GRA_0,300000,5,1,FRE_0,EVE_0,0
489,30,EMP_1,GRA_1,800000,9,0,FRE_0,EVE_0,0
1112,35,EMP_1,GRA_1,800000,4,0,FRE_0,EVE_0,0
1156,28,EMP_1,GRA_0,1300000,6,0,FRE_0,EVE_0,1
1403,28,EMP_1,GRA_0,750000,2,0,FRE_0,EVE_0,1
1737,27,EMP_0,GRA_0,1050000,7,0,FRE_0,EVE_0,0
939,31,EMP_1,GRA_0,500000,8,0,FRE_0,EVE_0,1
744,29,EMP_1,GRA_0,1050000,5,1,FRE_0,EVE_1,0
456,26,EMP_1,GRA_0,1500000,5,1,FRE_1,EVE_1,1
1268,33,EMP_0,GRA_0,1000000,5,0,FRE_0,EVE_1,1
1122,34,EMP_1,GRA_0,700000,5,0,FRE_1,EVE_0,1
1343,26,EMP_1,GRA_0,1500000,5,1,FRE_1,EVE_1,1
1812,28,EMP_1,GRA_0,800000,6,0,FRE_0,EVE_1,0
1664,25,EMP_1,GRA_1,1150000,4,0,FRE_1,EVE_0,0
1366,31,EMP_0,GRA_1,1750000,2,0,FRE_0,EVE_0,0
432,34,EMP_1,GRA_0,500000,5,0,FRE_0,EVE_0,0
275,26,EMP_1,GRA_0,1400000,4,1,FRE_0,EVE_1,1
1707,35,EMP_1,GRA_1,800000,4,0,FRE_0,EVE_0,0
874,28,EMP_1,GRA_0,550000,4,0,FRE_0,EVE_0,0
801,31,EMP_1,GRA_0,500000,4,1,FRE_0,EVE_0,1
1523,27,EMP_0,GRA_0,750000,5,0,FRE_0,EVE_0,0
1965,30,EMP_1,GRA_1,550000,3,0,FRE_0,EVE_0,1
1882,31,EMP_1,GRA_0,1350000,9,1,FRE_0,EVE_1,1
1982,33,EMP_1,GRA_0,1500000,4,0,FRE_1,EVE_1,1
911,27,EMP_0,GRA_0,1050000,5,0,FRE_1,EVE_0,0
317,32,EMP_0,GRA_0,800000,6,0,FRE_0,EVE_0,1
934,28,EMP_1,GRA_0,800000,5,0,FRE_1,EVE_0,0
1536,26,EMP_1,GRA_0,600000,7,1,FRE_0,EVE_0,0
109,25,EMP_1,GRA_0,1700000,3,0,FRE_1,EVE_0,1
136,29,EMP_1,GRA_0,500000,6,0,FRE_0,EVE_0,1
1127,30,EMP_1,GRA_1,650000,6,0,FRE_1,EVE_0,0
7,31,EMP_1,GRA_0,1350000,3,0,FRE_1,EVE_1,1
1591,28,EMP_0,GRA_0,300000,3,0,FRE_0,EVE_0,0
778,27,EMP_0,GRA_0,850000,6,0,FRE_0,EVE_0,0
1304,34,EMP_1,GRA_0,1050000,5,0,FRE_0,EVE_0,1
101,33,EMP_1,GRA_0,1500000,3,1,FRE_1,EVE_1,1
1234,34,EMP_0,GRA_0,1300000,4,0,FRE_0,EVE_0,0
439,28,EMP_1,GRA_0,800000,3,0,FRE_0,EVE_0,0
1544,29,EMP_1,GRA_0,1200000,8,0,FRE_0,EVE_0,0
579,33,EMP_0,GRA_0,400000,3,0,FRE_0,EVE_0,0
1000,28,EMP_0,GRA_0,300000,4,0,FRE_0,EVE_0,0
1497,33,EMP_0,GRA_0,400000,6,0,FRE_0,EVE_0,1
216,34,EMP_1,GRA_0,1050000,8,0,FRE_0,EVE_0,1
175,30,EMP_1,GRA_1,800000,3,0,FRE_0,EVE_0,0
1121,34,EMP_1,GRA_0,1000000,6,1,FRE_0,EVE_0,1
915,28,EMP_0,GRA_0,600000,2,0,FRE_1,EVE_0,0
513,27,EMP_0,GRA_0,850000,5,1,FRE_0,EVE_0,0
1644,28,EMP_1,GRA_0,1100000,7,0,FRE_0,EVE_0,1
704,33,EMP_0,GRA_0,700000,8,0,FRE_0,EVE_0,1
477,34,EMP_1,GRA_0,1500000,6,1,FRE_1,EVE_1,1
921,33,EMP_0,GRA_0,400000,4,0,FRE_0,EVE_0,0
423,25,EMP_1,GRA_0,1400000,5,0,FRE_0,EVE_1,1
1337,28,EMP_1,GRA_0,1250000,4,0,FRE_0,EVE_0,0
1849,28,EMP_1,GRA_0,1250000,7,0,FRE_0,EVE_0,0
1470,33,EMP_0,GRA_0,1100000,4,0,FRE_0,EVE_0,0
344,32,EMP_0,GRA_0,800000,4,0,FRE_1,EVE_1,0
746,27,EMP_0,GRA_0,500000,3,1,FRE_0,EVE_0,0
882,26,EMP_1,GRA_0,600000,4,1,FRE_0,EVE_0,0
1328,28,EMP_1,GRA_0,900000,2,0,FRE_1,EVE_0,0
1119,28,EMP_0,GRA_0,300000,6,1,FRE_0,EVE_0,0
341,28,EMP_1,GRA_0,550000,7,0,FRE_0,EVE_0,0
443,25,EMP_1,GRA_1,1150000,6,0,FRE_0,EVE_0,1
390,33,EMP_1,GRA_0,550000,5,0,FRE_0,EVE_0,1
925,30,EMP_1,GRA_1,800000,3,0,FRE_0,EVE_0,0
679,26,EMP_0,GRA_0,500000,5,0,FRE_0,EVE_0,0
1217,31,EMP_0,GRA_0,400000,7,0,FRE_0,EVE_0,0
979,30,EMP_1,GRA_1,650000,4,0,FRE_0,EVE_0,0
1093,26,EMP_1,GRA_0,1500000,5,0,FRE_1,EVE_1,1
280,32,EMP_0,GRA_0,800000,6,0,FRE_1,EVE_0,0
1681,29,EMP_1,GRA_0,1050000,7,0,FRE_0,EVE_0,0
116,28,EMP_1,GRA_0,1150000,5,0,FRE_0,EVE_0,1
1771,26,EMP_1,GRA_0,1400000,4,0,FRE_0,EVE_1,1
1107,26,EMP_1,GRA_0,1400000,5,0,FRE_0,EVE_1,1
122,32,EMP_0,GRA_0,800000,6,1,FRE_0,EVE_0,0
437,27,EMP_1,GRA_1,800000,7,0,FRE_0,EVE_0,0
1267,31,EMP_1,GRA_0,1350000,3,0,FRE_1,EVE_1,1
852,27,EMP_0,GRA_0,500000,3,1,FRE_0,EVE_0,0
184,25,EMP_0,GRA_0,750000,3,0,FRE_0,EVE_0,0
1968,28,EMP_0,GRA_0,300000,5,1,FRE_0,EVE_0,0
961,28,EMP_0,GRA_1,300000,6,1,FRE_0,EVE_0,0
1330,33,EMP_0,GRA_0,1100000,4,0,FRE_0,EVE_0,0
485,27,EMP_1,GRA_1,450000,4,0,FRE_0,EVE_0,0
935,27,EMP_1,GRA_1,1550000,7,0,FRE_1,EVE_0,1
1207,26,EMP_1,GRA_0,450000,6,0,FRE_0,EVE_0,0
303,31,EMP_0,GRA_1,300000,3,0,FRE_0,EVE_0,0
1880,27,EMP_0,GRA_0,1050000,4,1,FRE_0,EVE_0,1
173,26,EMP_1,GRA_0,450000,5,1,FRE_0,EVE_0,1
1081,26,EMP_0,GRA_0,1450000,5,0,FRE_1,EVE_1,1
1171,31,EMP_0,GRA_0,400000,4,0,FRE_0,EVE_0,0
1390,32,EMP_0,GRA_0,900000,5,0,FRE_0,EVE_0,0
1571,34,EMP_1,GRA_0,1500000,6,0,FRE_1,EVE_1,1
972,28,EMP_1,GRA_0,1200000,3,0,FRE_0,EVE_0,0
208,29,EMP_1,GRA_0,1350000,4,0,FRE_0,EVE_1,1
1031,29,EMP_1,GRA_0,1200000,9,0,FRE_0,EVE_0,0
901,33,EMP_0,GRA_0,700000,2,0,FRE_0,EVE_0,0
1651,34,EMP_1,GRA_0,1500000,3,0,FRE_1,EVE_1,1
1054,31,EMP_0,GRA_0,400000,5,0,FRE_0,EVE_0,0
321,28,EMP_1,GRA_0,500000,3,0,FRE_0,EVE_0,0
367,31,EMP_0,GRA_0,1300000,4,0,FRE_0,EVE_0,0
1117,28,EMP_1,GRA_0,800000,5,1,FRE_0,EVE_0,0
1748,28,EMP_1,GRA_0,1100000,4,0,FRE_1,EVE_0,0
754,32,EMP_0,GRA_0,850000,3,0,FRE_0,EVE_0,0
1231,34,EMP_1,GRA_0,1500000,4,1,FRE_1,EVE_1,1
1499,28,EMP_1,GRA_0,1200000,3,0,FRE_0,EVE_0,0
1922,34,EMP_1,GRA_0,500000,4,0,FRE_0,EVE_0,0
282,26,EMP_1,GRA_0,1400000,4,0,FRE_0,EVE_1,1
1655,28,EMP_0,GRA_0,300000,7,1,FRE_0,EVE_0,0
1973,31,EMP_1,GRA_0,1350000,3,0,FRE_0,EVE_1,1
1078,31,EMP_0,GRA_1,300000,3,0,FRE_0,EVE_0,0
141,25,EMP_1,GRA_0,1400000,3,0,FRE_0,EVE_1,0
602,34,EMP_1,GRA_0,1500000,4,0,FRE_1,EVE_1,1
492,34,EMP_1,GRA_0,500000,3,0,FRE_0,EVE_0,0
1161,28,EMP_1,GRA_0,600000,3,0,FRE_0,EVE_0,1
1645,25,EMP_1,GRA_1,1150000,3,0,FRE_1,EVE_0,0
235,30,EMP_1,GRA_1,550000,4,0,FRE_0,EVE_0,0
219,31,EMP_1,GRA_0,1250000,9,1,FRE_0,EVE_0,0
1623,33,EMP_1,GRA_0,1400000,3,0,FRE_0,EVE_1,1
1936,33,EMP_1,GRA_0,1500000,7,0,FRE_1,EVE_1,1
1044,25,EMP_1,GRA_1,1350000,6,0,FRE_0,EVE_1,1
846,28,EMP_1,GRA_0,700000,4,0,FRE_0,EVE_0,0
1124,29,EMP_1,GRA_0,1100000,5,0,FRE_1,EVE_0,0
797,28,EMP_0,GRA_0,300000,4,0,FRE_0,EVE_0,0
1062,32,EMP_0,GRA_0,650000,4,0,FRE_0,EVE_0,0
449,31,EMP_1,GRA_0,500000,3,1,FRE_0,EVE_0,1
1505,27,EMP_0,GRA_0,500000,4,0,FRE_0,EVE_0,0
368,35,EMP_1,GRA_1,800000,3,0,FRE_0,EVE_0,1
780,31,EMP_0,GRA_0,400000,6,0,FRE_0,EVE_0,0
883,28,EMP_1,GRA_0,1350000,3,0,FRE_0,EVE_1,1
1654,25,EMP_1,GRA_0,1400000,5,1,FRE_1,EVE_1,1
32,25,EMP_0,GRA_0,750000,4,0,FRE_0,EVE_0,1
262,26,EMP_1,GRA_0,750000,4,1,FRE_0,EVE_0,0
453,31,EMP_1,GRA_0,1100000,3,0,FRE_0,EVE_0,0
750,35,EMP_1,GRA_1,800000,4,0,FRE_0,EVE_0,0
1548,27,EMP_1,GRA_1,450000,3,0,FRE_0,EVE_0,0
472,28,EMP_0,GRA_0,300000,5,0,FRE_0,EVE_0,0
1045,28,EMP_1,GRA_0,1100000,4,1,FRE_0,EVE_0,0
205,29,EMP_1,GRA_0,1150000,4,1,FRE_0,EVE_1,0
960,28,EMP_1,GRA_0,1450000,4,0,FRE_1,EVE_1,1
894,30,EMP_1,GRA_1,800000,5,0,FRE_0,EVE_0,1
494,34,EMP_0,GRA_0,1300000,5,1,FRE_0,EVE_1,0
709,33,EMP_1,GRA_0,1500000,3,0,FRE_1,EVE_1,1
518,29,EMP_1,GRA_0,1350000,4,0,FRE_1,EVE_1,1
230,29,EMP_1,GRA_0,900000,7,0,FRE_1,EVE_0,0
374,28,EMP_0,GRA_0,600000,7,0,FRE_0,EVE_0,0
1961,26,EMP_0,GRA_0,500000,3,0,FRE_0,EVE_0,0
1521,29,EMP_1,GRA_0,1350000,5,0,FRE_0,EVE_1,1
885,32,EMP_0,GRA_0,350000,5,0,FRE_0,EVE_0,0
788,34,EMP_1,GRA_0,500000,7,0,FRE_0,EVE_0,0
1002,29,EMP_1,GRA_0,500000,8,0,FRE_0,EVE_0,0
299,27,EMP_1,GRA_1,450000,3,0,FRE_0,EVE_0,0
1507,27,EMP_0,GRA_0,750000,5,0,FRE_0,EVE_0,0
1350,33,EMP_0,GRA_0,700000,3,1,FRE_0,EVE_0,1
382,31,EMP_1,GRA_0,1400000,6,0,FRE_0,EVE_1,1
1829,31,EMP_1,GRA_0,1400000,4,1,FRE_0,EVE_1,1
1101,34,EMP_1,GRA_0,500000,4,0,FRE_0,EVE_0,0
1780,31,EMP_1,GRA_0,950000,3,0,FRE_1,EVE_0,0
1803,33,EMP_1,GRA_0,1400000,5,0,FRE_0,EVE_1,1
1502,28,EMP_1,GRA_0,750000,6,1,FRE_0,EVE_0,0
687,28,EMP_1,GRA_0,1150000,3,0,FRE_0,EVE_0,0
1288,28,EMP_1,GRA_0,750000,3,0,FRE_0,EVE_0,0
1811,29,EMP_1,GRA_0,1100000,8,0,FRE_0,EVE_0,0
1802,31,EMP_0,GRA_0,400000,6,0,FRE_0,EVE_0,0
1572,25,EMP_1,GRA_1,1150000,5,0,FRE_1,EVE_0,0
840,28,EMP_1,GRA_0,1100000,3,0,FRE_0,EVE_0,1
1691,26,EMP_1,GRA_0,1400000,5,0,FRE_0,EVE_1,1
1589,25,EMP_1,GRA_0,1400000,4,0,FRE_1,EVE_1,1
730,31,EMP_1,GRA_0,500000,6,0,FRE_0,EVE_0,1
1256,28,EMP_1,GRA_0,500000,5,1,FRE_0,EVE_0,1
1039,28,EMP_1,GRA_0,800000,3,1,FRE_0,EVE_0,0
765,29,EMP_1,GRA_0,350000,4,0,FRE_0,EVE_0,0
1099,35,EMP_1,GRA_1,800000,6,0,FRE_0,EVE_0,1
540,26,EMP_1,GRA_0,1500000,3,0,FRE_1,EVE_1,1
546,28,EMP_1,GRA_0,550000,3,0,FRE_0,EVE_0,0
838,29,EMP_1,GRA_0,1100000,5,0,FRE_1,EVE_0,0
1661,28,EMP_1,GRA_0,700000,4,0,FRE_0,EVE_0,0
1438,32,EMP_0,GRA_0,850000,3,0,FRE_1,EVE_0,0
362,28,EMP_1,GRA_0,700000,2,1,FRE_0,EVE_0,0
322,28,EMP_1,GRA_0,750000,3,0,FRE_0,EVE_0,0
587,29,EMP_1,GRA_0,900000,9,1,FRE_0,EVE_0,1
193,34,EMP_1,GRA_1,1300000,5,1,FRE_0,EVE_0,0
655,28,EMP_1,GRA_0,700000,4,0,FRE_0,EVE_0,0
1329,33,EMP_1,GRA_0,1400000,4,0,FRE_0,EVE_1,1
1962,25,EMP_1,GRA_1,1150000,7,0,FRE_0,EVE_0,0
40,25,EMP_1,GRA_0,1400000,3,1,FRE_1,EVE_1,1
211,27,EMP_1,GRA_1,450000,5,0,FRE_0,EVE_0,0
1034,25,EMP_1,GRA_0,1400000,3,0,FRE_1,EVE_1,1
1913,33,EMP_0,GRA_0,1100000,5,0,FRE_0,EVE_0,0
1255,28,EMP_0,GRA_0,1200000,3,0,FRE_0,EVE_0,0
1102,29,EMP_1,GRA_0,1200000,5,1,FRE_0,EVE_0,0
170,31,EMP_1,GRA_0,1350000,6,1,FRE_0,EVE_1,1
775,32,EMP_0,GRA_0,350000,3,0,FRE_0,EVE_0,0
526,31,EMP_1,GRA_0,1100000,4,1,FRE_0,EVE_0,0
128,31,EMP_1,GRA_0,1350000,8,0,FRE_0,EVE_1,1
129,29,EMP_1,GRA_0,1050000,6,0,FRE_0,EVE_0,0
210,28,EMP_1,GRA_0,1200000,5,1,FRE_1,EVE_0,0
755,29,EMP_1,GRA_0,1200000,4,0,FRE_0,EVE_0,0
113,29,EMP_1,GRA_0,900000,4,0,FRE_1,EVE_0,0
572,28,EMP_1,GRA_1,550000,5,0,FRE_0,EVE_0,0
1774,32,EMP_0,GRA_0,350000,5,0,FRE_0,EVE_0,0
984,28,EMP_1,GRA_0,550000,5,1,FRE_0,EVE_0,0
276,29,EMP_1,GRA_0,1050000,6,0,FRE_0,EVE_0,0
441,34,EMP_1,GRA_0,850000,5,0,FRE_0,EVE_0,1
1111,34,EMP_1,GRA_0,500000,3,0,FRE_0,EVE_0,0
1978,34,EMP_1,GRA_0,700000,5,0,FRE_0,EVE_0,1
1618,28,EMP_0,GRA_0,300000,4,0,FRE_0,EVE_0,0
1348,33,EMP_0,GRA_0,800000,4,0,FRE_0,EVE_0,0
204,32,EMP_0,GRA_0,900000,4,0,FRE_1,EVE_0,0
763,28,EMP_0,GRA_0,600000,4,1,FRE_0,EVE_0,0
677,27,EMP_1,GRA_1,450000,7,0,FRE_0,EVE_0,0
380,28,EMP_1,GRA_0,1200000,5,1,FRE_0,EVE_0,0
1975,26,EMP_1,GRA_0,1400000,9,0,FRE_0,EVE_1,1
600,34,EMP_1,GRA_0,1500000,4,1,FRE_1,EVE_1,1
1339,34,EMP_1,GRA_0,1500000,5,0,FRE_1,EVE_1,1
521,28,EMP_1,GRA_0,1100000,6,0,FRE_0,EVE_0,0
1947,32,EMP_0,GRA_0,900000,2,0,FRE_1,EVE_0,0
1292,33,EMP_0,GRA_0,650000,9,1,FRE_0,EVE_0,0
1015,26,EMP_1,GRA_0,1400000,4,1,FRE_0,EVE_1,1
397,25,EMP_0,GRA_0,750000,5,0,FRE_0,EVE_0,0
1338,28,EMP_1,GRA_0,1450000,4,0,FRE_1,EVE_1,1
127,27,EMP_0,GRA_0,750000,5,0,FRE_0,EVE_0,0
1230,31,EMP_0,GRA_0,1500000,6,0,FRE_1,EVE_1,1
983,35,EMP_1,GRA_1,950000,6,0,FRE_1,EVE_0,1
643,28,EMP_1,GRA_0,1100000,5,1,FRE_0,EVE_0,0
1143,27,EMP_0,GRA_0,500000,4,0,FRE_0,EVE_0,0
1285,26,EMP_0,GRA_0,500000,4,0,FRE_0,EVE_0,0
636,25,EMP_1,GRA_0,1400000,4,0,FRE_0,EVE_1,1
910,34,EMP_0,GRA_0,1300000,4,0,FRE_0,EVE_0,0
1504,34,EMP_1,GRA_0,850000,2,0,FRE_0,EVE_0,0
1486,32,EMP_0,GRA_0,350000,5,0,FRE_0,EVE_0,0
1697,29,EMP_1,GRA_0,1050000,5,0,FRE_0,EVE_0,0
1796,28,EMP_1,GRA_0,1200000,3,0,FRE_0,EVE_0,0
1703,31,EMP_1,GRA_0,900000,5,1,FRE_0,EVE_0,0
212,28,EMP_1,GRA_0,750000,5,1,FRE_0,EVE_0,0
814,29,EMP_1,GRA_0,1050000,6,1,FRE_0,EVE_1,0
581,28,EMP_1,GRA_0,700000,4,1,FRE_0,EVE_0,0
785,29,EMP_1,GRA_0,1200000,7,0,FRE_0,EVE_1,0
283,26,EMP_1,GRA_0,600000,4,0,FRE_1,EVE_0,0
592,25,EMP_1,GRA_0,1700000,4,0,FRE_1,EVE_0,1
1184,35,EMP_1,GRA_1,800000,4,0,FRE_0,EVE_0,0
1443,29,EMP_1,GRA_0,1200000,7,1,FRE_0,EVE_0,1
1082,29,EMP_1,GRA_0,1200000,8,1,FRE_0,EVE_0,0
1617,28,EMP_1,GRA_0,1150000,7,1,FRE_0,EVE_0,0
1363,28,EMP_0,GRA_0,600000,7,0,FRE_0,EVE_0,0
1845,28,EMP_0,GRA_0,300000,5,0,FRE_0,EVE_0,0
65,26,EMP_1,GRA_0,600000,5,1,FRE_0,EVE_0,0
1608,26,EMP_1,GRA_0,1500000,6,0,FRE_1,EVE_1,1
794,26,EMP_0,GRA_0,500000,7,1,FRE_0,EVE_0,0
626,28,EMP_1,GRA_0,1100000,6,0,FRE_1,EVE_0,0
206,25,EMP_1,GRA_1,1150000,5,1,FRE_0,EVE_0,1
1716,31,EMP_1,GRA_0,1250000,3,0,FRE_0,EVE_0,0
661,28,EMP_0,GRA_1,300000,5,0,FRE_0,EVE_0,0
297,35,EMP_1,GRA_1,800000,7,1,FRE_0,EVE_0,1
1411,29,EMP_1,GRA_0,1200000,3,1,FRE_0,EVE_0,1
1189,34,EMP_1,GRA_1,1300000,3,0,FRE_0,EVE_0,0
487,34,EMP_1,GRA_0,850000,4,0,FRE_0,EVE_0,1
1927,34,EMP_1,GRA_0,1000000,4,0,FRE_0,EVE_0,1
1941,27,EMP_1,GRA_1,450000,3,0,FRE_0,EVE_0,1
1236,28,EMP_0,GRA_0,600000,3,0,FRE_0,EVE_0,0
1332,29,EMP_1,GRA_0,1200000,4,0,FRE_0,EVE_0,0
327,34,EMP_0,GRA_0,1300000,3,0,FRE_0,EVE_0,0
557,27,EMP_0,GRA_0,1050000,3,0,FRE_0,EVE_0,0
1265,34,EMP_1,GRA_0,1000000,5,0,FRE_0,EVE_0,0
1396,32,EMP_0,GRA_0,350000,5,1,FRE_0,EVE_0,0
951,34,EMP_1,GRA_0,1500000,5,0,FRE_1,EVE_1,1
1561,28,EMP_1,GRA_0,700000,7,0,FRE_0,EVE_0,0
1720,29,EMP_1,GRA_0,1100000,2,0,FRE_0,EVE_0,0
759,34,EMP_1,GRA_0,700000,7,1,FRE_0,EVE_0,1
1834,31,EMP_1,GRA_0,1100000,4,0,FRE_1,EVE_0,0
137,29,EMP_1,GRA_0,600000,4,1,FRE_1,EVE_0,0
916,26,EMP_1,GRA_0,1500000,6,0,FRE_1,EVE_1,1
1593,26,EMP_1,GRA_0,500000,8,0,FRE_0,EVE_0,0
176,34,EMP_1,GRA_0,1050000,6,0,FRE_0,EVE_0,1
525,26,EMP_1,GRA_0,500000,9,0,FRE_0,EVE_0,0
242,33,EMP_0,GRA_0,400000,4,0,FRE_0,EVE_0,0
962,33,EMP_0,GRA_0,1000000,5,0,FRE_0,EVE_0,0
138,28,EMP_1,GRA_0,1150000,4,0,FRE_0,EVE_0,0
1870,25,EMP_1,GRA_0,1700000,3,0,FRE_1,EVE_0,1
835,35,EMP_1,GRA_1,600000,9,0,FRE_0,EVE_0,0
870,35,EMP_1,GRA_1,800000,2,0,FRE_0,EVE_1,0
78,31,EMP_0,GRA_0,1300000,3,0,FRE_0,EVE_1,1
898,31,EMP_0,GRA_0,1300000,5,0,FRE_0,EVE_0,0
1318,31,EMP_1,GRA_0,1350000,3,1,FRE_0,EVE_1,1
1705,28,EMP_0,GRA_0,300000,8,0,FRE_0,EVE_0,0
1447,31,EMP_0,GRA_1,300000,3,1,FRE_0,EVE_0,0
1342,25,EMP_1,GRA_0,1400000,3,0,FRE_0,EVE_1,1
180,28,EMP_1,GRA_0,750000,6,0,FRE_1,EVE_0,0
848,35,EMP_0,GRA_0,900000,6,1,FRE_0,EVE_0,0
474,31,EMP_1,GRA_0,1100000,3,1,FRE_1,EVE_0,0
524,32,EMP_0,GRA_0,800000,4,0,FRE_0,EVE_0,0
26,34,EMP_1,GRA_1,1300000,6,0,FRE_1,EVE_0,1
1416,26,EMP_1,GRA_0,600000,6,1,FRE_0,EVE_0,0
60,31,EMP_1,GRA_0,1250000,4,0,FRE_1,EVE_1,0
1495,29,EMP_1,GRA_0,600000,4,0,FRE_0,EVE_0,1
1439,33,EMP_0,GRA_0,400000,7,1,FRE_0,EVE_0,1
1408,33,EMP_0,GRA_0,700000,7,0,FRE_0,EVE_0,1
1806,26,EMP_0,GRA_0,550000,4,0,FRE_0,EVE_0,1
224,31,EMP_1,GRA_0,1100000,5,0,FRE_1,EVE_0,0
889,35,EMP_1,GRA_1,800000,3,1,FRE_0,EVE_0,0
475,34,EMP_1,GRA_0,1000000,4,0,FRE_0,EVE_0,1
1735,34,EMP_1,GRA_0,500000,6,0,FRE_0,EVE_0,0
1445,28,EMP_1,GRA_0,1100000,4,1,FRE_0,EVE_0,0
1657,28,EMP_1,GRA_0,550000,4,0,FRE_0,EVE_0,0
1711,28,EMP_1,GRA_0,1100000,4,0,FRE_0,EVE_0,0
1454,27,EMP_0,GRA_0,1050000,7,1,FRE_0,EVE_0,0
1619,25,EMP_0,GRA_0,750000,6,0,FRE_0,EVE_0,0
404,33,EMP_0,GRA_0,650000,5,1,FRE_0,EVE_0,1
69,31,EMP_0,GRA_1,300000,4,0,FRE_0,EVE_0,0
1555,26,EMP_1,GRA_0,1400000,9,1,FRE_0,EVE_1,1
34,28,EMP_1,GRA_0,800000,9,0,FRE_0,EVE_0,1
1653,26,EMP_1,GRA_0,500000,5,1,FRE_0,EVE_0,1
831,27,EMP_0,GRA_0,1050000,6,1,FRE_0,EVE_0,0
645,28,EMP_1,GRA_0,1100000,4,0,FRE_0,EVE_0,0
376,31,EMP_0,GRA_0,1300000,4,0,FRE_0,EVE_0,0
1414,34,EMP_1,GRA_0,700000,3,0,FRE_0,EVE_0,0
1011,35,EMP_1,GRA_1,950000,9,0,FRE_0,EVE_0,1
1534,33,EMP_0,GRA_0,1750000,6,0,FRE_0,EVE_0,1
1388,27,EMP_1,GRA_1,350000,5,1,FRE_0,EVE_0,0
1050,33,EMP_0,GRA_0,1100000,2,1,FRE_0,EVE_1,0
323,33,EMP_1,GRA_0,1400000,5,0,FRE_0,EVE_1,1
389,31,EMP_1,GRA_0,1350000,5,0,FRE_0,EVE_1,1
929,26,EMP_1,GRA_0,600000,5,0,FRE_0,EVE_0,1
86,32,EMP_0,GRA_0,900000,4,0,FRE_0,EVE_0,0
1516,34,EMP_0,GRA_0,1300000,2,0,FRE_0,EVE_0,0
1656,26,EMP_1,GRA_0,600000,3,0,FRE_0,EVE_0,0
1916,28,EMP_0,GRA_0,1100000,6,1,FRE_0,EVE_0,0
806,30,EMP_1,GRA_1,550000,5,0,FRE_0,EVE_0,0
877,26,EMP_1,GRA_0,1400000,3,0,FRE_0,EVE_1,1
1794,28,EMP_1,GRA_0,1450000,5,0,FRE_1,EVE_1,1
1091,34,EMP_1,GRA_0,1500000,9,0,FRE_1,EVE_1,1
255,34,EMP_1,GRA_0,1500000,5,0,FRE_1,EVE_1,1
1857,27,EMP_0,GRA_0,900000,4,0,FRE_0,EVE_0,0
1377,26,EMP_0,GRA_0,1450000,3,0,FRE_1,EVE_1,1
67,34,EMP_1,GRA_0,1500000,3,0,FRE_1,EVE_1,1
629,25,EMP_1,GRA_1,600000,4,0,FRE_1,EVE_0,0
1333,28,EMP_1,GRA_0,1250000,5,0,FRE_0,EVE_0,0
1818,26,EMP_0,GRA_0,500000,8,0,FRE_0,EVE_0,0
1801,29,EMP_1,GRA_0,1200000,4,0,FRE_0,EVE_0,0
469,25,EMP_1,GRA_1,1700000,5,0,FRE_1,EVE_0,1
1825,29,EMP_1,GRA_0,600000,6,0,FRE_0,EVE_0,0
1788,26,EMP_1,GRA_0,1750000,3,0,FRE_0,EVE_0,0
1455,33,EMP_0,GRA_0,1100000,4,0,FRE_0,EVE_0,1
902,34,EMP_1,GRA_0,500000,7,1,FRE_0,EVE_0,1
1309,33,EMP_1,GRA_0,1400000,4,0,FRE_0,EVE_1,1
1560,28,EMP_1,GRA_0,1200000,4,0,FRE_0,EVE_0,0
1540,34,EMP_0,GRA_0,1100000,4,0,FRE_0,EVE_0,0
544,31,EMP_0,GRA_1,400000,3,0,FRE_0,EVE_0,0
1742,28,EMP_1,GRA_0,800000,3,0,FRE_0,EVE_0,0
1172,28,EMP_1,GRA_0,900000,4,1,FRE_0,EVE_0,1
927,33,EMP_1,GRA_0,1500000,5,1,FRE_1,EVE_1,1
1778,28,EMP_1,GRA_0,750000,4,0,FRE_1,EVE_0,0
343,28,EMP_1,GRA_0,1250000,7,0,FRE_0,EVE_0,0
1402,26,EMP_1,GRA_0,600000,4,1,FRE_0,EVE_0,0
868,28,EMP_0,GRA_0,1200000,5,1,FRE_0,EVE_0,0
583,29,EMP_1,GRA_0,500000,3,0,FRE_0,EVE_0,1
1940,25,EMP_1,GRA_0,1400000,5,0,FRE_1,EVE_1,0
1135,28,EMP_1,GRA_0,1100000,7,1,FRE_0,EVE_0,1
613,31,EMP_1,GRA_0,1250000,6,0,FRE_0,EVE_0,0
1163,29,EMP_1,GRA_0,900000,3,0,FRE_0,EVE_0,0
227,34,EMP_1,GRA_0,1300000,6,1,FRE_0,EVE_0,0
1931,34,EMP_1,GRA_0,1300000,4,1,FRE_0,EVE_0,0
810,29,EMP_1,GRA_0,600000,4,1,FRE_0,EVE_0,0
674,27,EMP_0,GRA_0,850000,2,0,FRE_0,EVE_0,0
1060,35,EMP_1,GRA_1,950000,5,1,FRE_0,EVE_0,0
1616,27,EMP_0,GRA_0,500000,2,0,FRE_0,EVE_0,1
1306,28,EMP_1,GRA_0,700000,5,1,FRE_0,EVE_0,0
770,28,EMP_0,GRA_0,600000,5,0,FRE_0,EVE_0,0
1888,26,EMP_1,GRA_0,750000,5,1,FRE_0,EVE_0,0
1068,27,EMP_0,GRA_0,500000,4,1,FRE_0,EVE_0,1
1201,28,EMP_1,GRA_0,650000,5,0,FRE_1,EVE_0,0
1895,26,EMP_0,GRA_0,500000,3,0,FRE_0,EVE_0,0
1854,34,EMP_0,GRA_0,1300000,5,0,FRE_1,EVE_0,1
144,31,EMP_1,GRA_0,1250000,4,0,FRE_0,EVE_0,0
1405,28,EMP_0,GRA_0,600000,8,0,FRE_0,EVE_0,0
47,35,EMP_0,GRA_0,1100000,5,0,FRE_0,EVE_0,0
876,28,EMP_1,GRA_0,800000,4,1,FRE_0,EVE_0,0
534,27,EMP_1,GRA_1,450000,4,0,FRE_0,EVE_0,1
1789,28,EMP_1,GRA_0,1150000,3,1,FRE_0,EVE_0,0
1529,31,EMP_1,GRA_0,1250000,4,0,FRE_0,EVE_0,1
1086,28,EMP_0,GRA_0,300000,3,0,FRE_0,EVE_0,0
664,34,EMP_1,GRA_0,1500000,4,0,FRE_1,EVE_1,1
470,28,EMP_1,GRA_0,1300000,2,1,FRE_0,EVE_0,0
904,28,EMP_0,GRA_0,300000,6,0,FRE_0,EVE_0,0
1949,34,EMP_1,GRA_0,700000,6,0,FRE_0,EVE_0,1
802,30,EMP_1,GRA_1,550000,5,1,FRE_0,EVE_0,1
1567,33,EMP_1,GRA_0,1500000,5,0,FRE_1,EVE_1,1
94,34,EMP_1,GRA_0,1300000,4,0,FRE_0,EVE_0,0
1704,26,EMP_1,GRA_0,1400000,3,1,FRE_0,EVE_1,0
1072,31,EMP_0,GRA_0,400000,6,0,FRE_0,EVE_0,0
1842,34,EMP_1,GRA_0,700000,4,1,FRE_1,EVE_0,0
1575,30,EMP_1,GRA_1,550000,3,0,FRE_0,EVE_0,0
588,35,EMP_1,GRA_1,800000,6,0,FRE_0,EVE_0,1
505,28,EMP_1,GRA_0,800000,4,0,FRE_0,EVE_0,0
1535,33,EMP_0,GRA_0,650000,5,0,FRE_1,EVE_0,1
1564,30,EMP_1,GRA_1,550000,5,0,FRE_0,EVE_0,0
688,33,EMP_0,GRA_0,400000,5,1,FRE_0,EVE_0,0
1251,28,EMP_1,GRA_0,500000,5,1,FRE_0,EVE_0,1
295,28,EMP_1,GRA_0,550000,5,0,FRE_0,EVE_0,0
329,28,EMP_1,GRA_0,1100000,8,0,FRE_0,EVE_0,0
1955,33,EMP_0,GRA_0,1750000,4,0,FRE_0,EVE_0,0
1428,34,EMP_1,GRA_0,1300000,7,0,FRE_0,EVE_0,1
1152,28,EMP_0,GRA_0,300000,4,0,FRE_0,EVE_0,0
860,34,EMP_1,GRA_0,1000000,4,1,FRE_0,EVE_0,0
672,27,EMP_0,GRA_0,1050000,2,1,FRE_0,EVE_0,0
719,34,EMP_1,GRA_1,1300000,4,0,FRE_0,EVE_0,0
1938,34,EMP_1,GRA_1,1400000,4,0,FRE_0,EVE_1,0
330,35,EMP_1,GRA_1,800000,4,0,FRE_0,EVE_0,0
17,28,EMP_1,GRA_0,800000,7,0,FRE_0,EVE_0,1
1263,28,EMP_0,GRA_0,600000,7,1,FRE_0,EVE_0,0
1059,32,EMP_0,GRA_0,350000,4,0,FRE_0,EVE_0,0
662,26,EMP_1,GRA_0,500000,6,0,FRE_0,EVE_0,0
787,34,EMP_1,GRA_0,1000000,4,0,FRE_0,EVE_0,0
914,32,EMP_0,GRA_0,800000,6,1,FRE_0,EVE_0,0
226,34,EMP_0,GRA_0,1300000,9,1,FRE_0,EVE_0,1
74,28,EMP_1,GRA_0,700000,4,1,FRE_0,EVE_0,0
745,28,EMP_0,GRA_0,600000,3,0,FRE_1,EVE_0,0
999,34,EMP_1,GRA_0,1300000,6,0,FRE_0,EVE_0,1
506,28,EMP_1,GRA_0,600000,6,0,FRE_0,EVE_0,0
1776,29,EMP_1,GRA_0,1200000,4,0,FRE_0,EVE_0,0
599,34,EMP_1,GRA_0,700000,4,1,FRE_0,EVE_0,0
1456,25,EMP_1,GRA_1,1700000,3,0,FRE_1,EVE_0,1
995,27,EMP_0,GRA_0,850000,5,0,FRE_0,EVE_0,0
1244,25,EMP_1,GRA_1,1150000,3,1,FRE_0,EVE_1,0
1141,33,EMP_1,GRA_0,750000,4,1,FRE_0,EVE_0,0
1601,28,EMP_1,GRA_0,1250000,4,1,FRE_0,EVE_0,0
1889,31,EMP_0,GRA_0,1300000,6,0,FRE_0,EVE_0,0
277,31,EMP_1,GRA_0,950000,7,0,FRE_1,EVE_0,0
1871,34,EMP_1,GRA_0,1500000,4,0,FRE_1,EVE_1,1
117,31,EMP_0,GRA_0,400000,5,0,FRE_0,EVE_0,0
491,28,EMP_1,GRA_0,1100000,4,1,FRE_0,EVE_0,1
1003,31,EMP_1,GRA_0,1250000,5,1,FRE_0,EVE_0,0
156,28,EMP_1,GRA_0,900000,4,0,FRE_1,EVE_0,0
249,28,EMP_1,GRA_0,1150000,5,0,FRE_0,EVE_0,0
1487,32,EMP_0,GRA_0,350000,3,0,FRE_0,EVE_0,0
420,34,EMP_1,GRA_0,1050000,5,0,FRE_0,EVE_0,0
641,34,EMP_1,GRA_0,700000,5,1,FRE_0,EVE_1,0
359,25,EMP_1,GRA_1,1150000,3,0,FRE_0,EVE_0,0
821,34,EMP_1,GRA_0,1000000,4,1,FRE_0,EVE_0,1
1409,28,EMP_1,GRA_0,1200000,3,0,FRE_0,EVE_0,1
827,32,EMP_0,GRA_0,850000,7,1,FRE_0,EVE_0,1
1488,28,EMP_1,GRA_0,700000,4,0,FRE_0,EVE_0,0
1598,32,EMP_0,GRA_0,650000,5,1,FRE_0,EVE_0,0
1669,26,EMP_1,GRA_0,500000,5,1,FRE_0,EVE_0,1
761,26,EMP_1,GRA_0,1500000,3,0,FRE_1,EVE_1,1
192,28,EMP_1,GRA_0,800000,4,1,FRE_0,EVE_1,0
54,29,EMP_1,GRA_0,1200000,7,0,FRE_0,EVE_0,0
95,26,EMP_1,GRA_0,1400000,5,0,FRE_0,EVE_1,1
1810,27,EMP_1,GRA_1,350000,4,0,FRE_0,EVE_0,0
1120,31,EMP_0,GRA_1,300000,4,0,FRE_0,EVE_0,0
1808,28,EMP_1,GRA_0,500000,4,1,FRE_0,EVE_0,0
967,29,EMP_1,GRA_0,900000,5,0,FRE_0,EVE_0,0
107,34,EMP_1,GRA_0,850000,3,1,FRE_0,EVE_1,0
1412,26,EMP_1,GRA_0,500000,4,1,FRE_0,EVE_0,1
1753,33,EMP_0,GRA_0,600000,7,0,FRE_0,EVE_0,1
958,27,EMP_1,GRA_1,350000,5,1,FRE_0,EVE_0,0
1013,25,EMP_1,GRA_1,600000,4,0,FRE_1,EVE_0,0
1351,28,EMP_1,GRA_0,1100000,4,0,FRE_0,EVE_0,0
1764,32,EMP_0,GRA_0,900000,5,0,FRE_1,EVE_0,0
1307,28,EMP_1,GRA_0,900000,3,0,FRE_0,EVE_0,0
1315,25,EMP_1,GRA_1,1150000,3,0,FRE_0,EVE_0,0
132,28,EMP_1,GRA_0,1100000,4,0,FRE_0,EVE_0,0
550,34,EMP_1,GRA_0,1050000,5,0,FRE_0,EVE_0,0
1357,30,EMP_1,GRA_1,550000,7,0,FRE_0,EVE_0,0
1271,25,EMP_1,GRA_0,500000,4,1,FRE_0,EVE_0,1
1226,34,EMP_1,GRA_0,1500000,5,0,FRE_1,EVE_1,1
1915,28,EMP_1,GRA_0,800000,5,0,FRE_0,EVE_0,0
1032,32,EMP_0,GRA_0,850000,3,0,FRE_0,EVE_0,1
826,28,EMP_1,GRA_0,1150000,3,0,FRE_1,EVE_0,0
1728,26,EMP_1,GRA_0,500000,6,0,FRE_0,EVE_0,0
594,33,EMP_1,GRA_0,550000,5,0,FRE_1,EVE_0,0
440,34,EMP_1,GRA_0,1000000,4,0,FRE_0,EVE_0,1
1717,34,EMP_1,GRA_0,1500000,5,1,FRE_1,EVE_1,1
683,28,EMP_1,GRA_0,750000,4,0,FRE_0,EVE_0,0
1709,28,EMP_1,GRA_0,1200000,6,1,FRE_0,EVE_0,0
1429,32,EMP_0,GRA_0,650000,3,0,FRE_0,EVE_0,1
634,34,EMP_1,GRA_1,1300000,4,0,FRE_0,EVE_0,0
1314,31,EMP_1,GRA_0,1400000,6,0,FRE_0,EVE_1,1
1552,28,EMP_1,GRA_0,750000,2,0,FRE_0,EVE_0,1
435,34,EMP_1,GRA_0,1500000,4,1,FRE_1,EVE_1,1
466,28,EMP_1,GRA_0,550000,4,0,FRE_0,EVE_0,0
738,28,EMP_1,GRA_0,800000,7,0,FRE_1,EVE_0,0
1682,30,EMP_1,GRA_1,800000,3,0,FRE_0,EVE_0,0
92,28,EMP_1,GRA_0,1150000,5,0,FRE_0,EVE_0,0
1673,28,EMP_1,GRA_0,700000,3,0,FRE_0,EVE_0,0
690,33,EMP_1,GRA_0,1400000,8,0,FRE_0,EVE_1,0
1891,28,EMP_1,GRA_0,800000,7,1,FRE_0,EVE_0,1
1758,26,EMP_0,GRA_0,500000,6,0,FRE_0,EVE_0,0
598,35,EMP_1,GRA_1,800000,6,0,FRE_1,EVE_0,1
269,27,EMP_1,GRA_1,800000,5,0,FRE_0,EVE_0,0
233,31,EMP_0,GRA_0,1200000,6,1,FRE_0,EVE_0,0
1596,31,EMP_0,GRA_1,400000,3,0,FRE_0,EVE_0,0
1686,28,EMP_1,GRA_0,800000,6,0,FRE_0,EVE_1,0
748,28,EMP_1,GRA_0,650000,5,0,FRE_0,EVE_1,0
1037,29,EMP_1,GRA_0,900000,7,0,FRE_0,EVE_0,1
174,34,EMP_1,GRA_0,700000,6,0,FRE_1,EVE_0,1
1917,34,EMP_1,GRA_1,1300000,4,0,FRE_0,EVE_0,1
1792,34,EMP_1,GRA_0,1500000,3,0,FRE_1,EVE_1,1
1881,34,EMP_1,GRA_0,1300000,4,0,FRE_0,EVE_0,1
1284,33,EMP_0,GRA_0,400000,5,0,FRE_0,EVE_0,0
1418,30,EMP_1,GRA_1,800000,4,0,FRE_0,EVE_0,1
1369,34,EMP_1,GRA_1,750000,4,0,FRE_1,EVE_0,0
309,33,EMP_0,GRA_0,650000,4,0,FRE_0,EVE_0,1
207,31,EMP_0,GRA_1,350000,3,0,FRE_0,EVE_0,0
771,29,EMP_1,GRA_0,500000,7,0,FRE_0,EVE_0,1
1514,34,EMP_1,GRA_0,1000000,6,1,FRE_0,EVE_0,1
379,27,EMP_1,GRA_1,1550000,6,0,FRE_1,EVE_0,1
913,31,EMP_1,GRA_0,1400000,4,0,FRE_0,EVE_1,1
878,26,EMP_1,GRA_0,600000,4,0,FRE_0,EVE_0,0
1590,30,EMP_1,GRA_1,550000,5,0,FRE_1,EVE_0,0
1520,28,EMP_0,GRA_0,600000,4,1,FRE_0,EVE_0,0
728,28,EMP_1,GRA_0,1250000,6,0,FRE_0,EVE_1,0
1300,31,EMP_0,GRA_0,1200000,6,0,FRE_0,EVE_0,0
53,28,EMP_0,GRA_0,300000,2,0,FRE_0,EVE_0,0
858,27,EMP_0,GRA_0,1050000,5,0,FRE_1,EVE_0,0
419,25,EMP_1,GRA_1,1150000,4,0,FRE_0,EVE_0,0
844,33,EMP_0,GRA_0,1100000,2,0,FRE_0,EVE_0,0
1972,28,EMP_1,GRA_0,800000,5,1,FRE_0,EVE_0,0
1387,30,EMP_1,GRA_1,650000,6,1,FRE_0,EVE_0,1
366,28,EMP_0,GRA_0,300000,3,0,FRE_0,EVE_0,0
1248,28,EMP_1,GRA_0,1200000,5,0,FRE_0,EVE_0,0
1472,28,EMP_1,GRA_0,1200000,5,0,FRE_0,EVE_0,0
1179,27,EMP_0,GRA_0,500000,6,0,FRE_0,EVE_0,0
56,28,EMP_1,GRA_0,550000,3,0,FRE_0,EVE_0,1
467,26,EMP_0,GRA_0,500000,5,0,FRE_0,EVE_0,0
436,28,EMP_1,GRA_0,1200000,4,1,FRE_0,EVE_1,0
1620,27,EMP_0,GRA_0,850000,4,1,FRE_0,EVE_0,0
1496,28,EMP_1,GRA_0,750000,4,0,FRE_0,EVE_0,0
260,26,EMP_1,GRA_0,1400000,3,1,FRE_0,EVE_1,1
236,26,EMP_1,GRA_0,1500000,5,0,FRE_1,EVE_1,1
1528,28,EMP_1,GRA_0,750000,2,0,FRE_0,EVE_0,0
1393,33,EMP_0,GRA_0,1000000,4,0,FRE_1,EVE_1,0
1110,29,EMP_1,GRA_0,1100000,4,0,FRE_0,EVE_1,0
1884,28,EMP_0,GRA_0,1200000,4,0,FRE_0,EVE_0,1
753,33,EMP_0,GRA_0,1100000,4,1,FRE_0,EVE_0,0
1648,28,EMP_1,GRA_0,1100000,5,0,FRE_0,EVE_0,0
887,28,EMP_0,GRA_0,600000,4,0,FRE_0,EVE_0,0
509,28,EMP_1,GRA_0,1450000,6,0,FRE_1,EVE_1,1
448,33,EMP_1,GRA_0,1500000,4,1,FRE_1,EVE_1,1
553,33,EMP_1,GRA_0,1400000,5,0,FRE_1,EVE_1,0
949,29,EMP_1,GRA_0,1200000,3,1,FRE_0,EVE_1,1
647,34,EMP_1,GRA_1,1300000,5,0,FRE_1,EVE_0,1
970,27,EMP_1,GRA_1,450000,7,0,FRE_0,EVE_0,0
678,25,EMP_1,GRA_0,1700000,4,0,FRE_1,EVE_0,1
618,31,EMP_1,GRA_0,1650000,2,0,FRE_1,EVE_0,1
691,31,EMP_1,GRA_0,950000,3,0,FRE_1,EVE_0,0
652,33,EMP_0,GRA_0,800000,6,0,FRE_0,EVE_0,1
90,27,EMP_0,GRA_0,1050000,3,0,FRE_0,EVE_0,0
1346,29,EMP_1,GRA_0,1100000,4,0,FRE_0,EVE_0,0
517,31,EMP_1,GRA_0,1250000,5,0,FRE_0,EVE_0,1
1142,27,EMP_0,GRA_0,750000,6,0,FRE_0,EVE_0,0
1297,28,EMP_0,GRA_0,300000,4,0,FRE_0,EVE_0,0
809,30,EMP_1,GRA_1,1450000,5,1,FRE_1,EVE_1,1
1773,28,EMP_1,GRA_0,500000,4,0,FRE_0,EVE_0,0
1719,25,EMP_1,GRA_0,1700000,3,0,FRE_1,EVE_0,1
1148,28,EMP_1,GRA_0,700000,5,0,FRE_1,EVE_0,0
352,31,EMP_1,GRA_0,1350000,6,0,FRE_0,EVE_1,1
1723,32,EMP_0,GRA_0,800000,6,0,FRE_1,EVE_0,0
1100,27,EMP_1,GRA_1,450000,3,0,FRE_0,EVE_0,1
140,28,EMP_1,GRA_0,550000,4,1,FRE_0,EVE_0,0
1838,28,EMP_1,GRA_0,700000,4,1,FRE_0,EVE_1,0
99,29,EMP_0,GRA_0,600000,3,0,FRE_0,EVE_0,0
842,29,EMP_1,GRA_0,1100000,3,0,FRE_0,EVE_0,0
124,32,EMP_0,GRA_0,350000,4,1,FRE_0,EVE_0,0
1942,28,EMP_1,GRA_0,900000,5,0,FRE_0,EVE_0,0
1283,28,EMP_1,GRA_0,900000,2,0,FRE_1,EVE_0,0
106,34,EMP_1,GRA_0,1300000,3,0,FRE_0,EVE_0,0
1583,28,EMP_0,GRA_0,300000,6,0,FRE_0,EVE_0,0
1512,28,EMP_1,GRA_0,500000,3,0,FRE_0,EVE_0,0
1894,28,EMP_1,GRA_0,700000,4,1,FRE_0,EVE_0,0
223,30,EMP_1,GRA_1,650000,3,0,FRE_0,EVE_0,0
1498,33,EMP_0,GRA_0,600000,4,0,FRE_0,EVE_0,0
1020,25,EMP_1,GRA_1,1150000,4,0,FRE_0,EVE_0,0
656,31,EMP_1,GRA_0,500000,6,1,FRE_0,EVE_0,0
145,28,EMP_1,GRA_0,1150000,6,0,FRE_0,EVE_0,0
542,27,EMP_1,GRA_1,600000,4,0,FRE_1,EVE_0,0
133,25,EMP_1,GRA_0,1750000,4,0,FRE_0,EVE_1,1
710,26,EMP_0,GRA_0,1450000,3,1,FRE_1,EVE_1,1
1588,31,EMP_1,GRA_0,900000,5,1,FRE_1,EVE_0,0
890,33,EMP_1,GRA_0,1400000,3,0,FRE_0,EVE_1,1
1446,29,EMP_1,GRA_0,500000,5,0,FRE_0,EVE_0,1
1708,26,EMP_1,GRA_0,1250000,3,1,FRE_0,EVE_0,1
597,34,EMP_1,GRA_0,1000000,4,0,FRE_0,EVE_0,0
1877,28,EMP_1,GRA_0,1100000,7,0,FRE_1,EVE_0,0
1511,26,EMP_1,GRA_0,1300000,5,0,FRE_0,EVE_0,0
926,34,EMP_1,GRA_0,700000,5,0,FRE_0,EVE_0,1
452,34,EMP_1,GRA_0,1300000,4,1,FRE_0,EVE_0,1
102,29,EMP_1,GRA_0,500000,3,1,FRE_0,EVE_0,0
1075,32,EMP_0,GRA_0,650000,5,0,FRE_1,EVE_0,0
1185,33,EMP_0,GRA_0,400000,4,0,FRE_0,EVE_0,0
1067,34,EMP_1,GRA_0,700000,4,0,FRE_1,EVE_0,1
381,29,EMP_1,GRA_0,1200000,5,0,FRE_0,EVE_0,0
333,31,EMP_1,GRA_0,1400000,6,1,FRE_0,EVE_1,0
648,28,EMP_1,GRA_0,800000,4,0,FRE_0,EVE_0,0
413,25,EMP_1,GRA_0,1700000,5,0,FRE_1,EVE_0,1
1259,33,EMP_0,GRA_0,400000,6,0,FRE_0,EVE_0,1
1397,28,EMP_1,GRA_0,900000,9,1,FRE_0,EVE_1,0
1769,29,EMP_1,GRA_0,1050000,5,0,FRE_0,EVE_0,0
774,28,EMP_1,GRA_0,800000,5,0,FRE_1,EVE_0,0
591,25,EMP_1,GRA_1,1150000,3,1,FRE_0,EVE_0,0
1642,31,EMP_1,GRA_0,1250000,7,0,FRE_0,EVE_0,0
1925,33,EMP_0,GRA_0,400000,5,0,FRE_0,EVE_0,0
861,30,EMP_1,GRA_1,1450000,3,1,FRE_1,EVE_1,1
392,31,EMP_1,GRA_0,950000,4,1,FRE_0,EVE_0,1
241,35,EMP_1,GRA_1,800000,6,0,FRE_0,EVE_0,1
1537,29,EMP_1,GRA_0,500000,4,0,FRE_0,EVE_0,1
938,28,EMP_0,GRA_0,1200000,8,0,FRE_1,EVE_0,1
1874,29,EMP_1,GRA_0,500000,3,0,FRE_0,EVE_0,0
1084,29,EMP_1,GRA_0,1050000,4,0,FRE_0,EVE_0,0
1017,28,EMP_0,GRA_0,300000,3,1,FRE_0,EVE_0,0
663,32,EMP_0,GRA_0,800000,6,1,FRE_0,EVE_0,1
637,34,EMP_1,GRA_0,1300000,5,1,FRE_0,EVE_0,0
996,31,EMP_1,GRA_0,1400000,4,0,FRE_1,EVE_1,1
1500,25,EMP_1,GRA_0,1750000,3,0,FRE_0,EVE_1,1
1599,27,EMP_0,GRA_0,850000,3,0,FRE_0,EVE_0,0
1243,33,EMP_0,GRA_0,700000,6,1,FRE_0,EVE_0,1
1352,31,EMP_0,GRA_0,400000,5,0,FRE_0,EVE_0,0
264,29,EMP_1,GRA_0,350000,9,1,FRE_0,EVE_0,0
1132,34,EMP_0,GRA_0,1300000,4,0,FRE_0,EVE_0,1
692,31,EMP_0,GRA_1,300000,6,0,FRE_0,EVE_0,0
813,30,EMP_1,GRA_1,550000,3,0,FRE_0,EVE_0,0
665,28,EMP_1,GRA_0,1250000,6,0,FRE_1,EVE_0,0
1232,31,EMP_0,GRA_1,350000,4,1,FRE_0,EVE_0,0
1865,26,EMP_1,GRA_0,1400000,6,0,FRE_0,EVE_1,1
311,34,EMP_1,GRA_0,1500000,7,0,FRE_1,EVE_1,1
1479,25,EMP_1,GRA_0,1400000,7,0,FRE_0,EVE_1,1
388,28,EMP_1,GRA_0,550000,5,0,FRE_0,EVE_0,0
357,34,EMP_1,GRA_0,500000,5,0,FRE_0,EVE_0,0
527,28,EMP_1,GRA_0,700000,4,1,FRE_0,EVE_0,0
1103,34,EMP_1,GRA_0,1050000,5,1,FRE_0,EVE_0,0
302,34,EMP_1,GRA_0,700000,6,0,FRE_0,EVE_0,1
1738,29,EMP_1,GRA_0,1200000,8,0,FRE_1,EVE_0,0
1663,28,EMP_1,GRA_0,1250000,3,0,FRE_0,EVE_0,0
1650,25,EMP_1,GRA_0,1800000,4,1,FRE_1,EVE_0,1
1640,26,EMP_1,GRA_0,600000,6,0,FRE_0,EVE_0,0
293,31,EMP_1,GRA_0,1250000,3,0,FRE_0,EVE_0,1
1862,28,EMP_1,GRA_0,550000,5,0,FRE_0,EVE_0,0
1566,34,EMP_1,GRA_0,1500000,3,1,FRE_1,EVE_1,1
93,33,EMP_0,GRA_0,700000,7,0,FRE_1,EVE_0,1
670,28,EMP_1,GRA_0,800000,4,1,FRE_0,EVE_0,0
447,29,EMP_1,GRA_0,500000,3,0,FRE_0,EVE_0,0
948,29,EMP_1,GRA_0,500000,5,0,FRE_0,EVE_0,0
1904,28,EMP_1,GRA_0,700000,7,0,FRE_1,EVE_0,0
777,27,EMP_0,GRA_0,500000,5,0,FRE_0,EVE_0,0
1631,33,EMP_0,GRA_0,1000000,3,0,FRE_0,EVE_0,0
18,29,EMP_1,GRA_0,1050000,5,1,FRE_0,EVE_0,1
1831,31,EMP_0,GRA_1,350000,4,1,FRE_0,EVE_0,0
969,31,EMP_1,GRA_0,900000,3,0,FRE_0,EVE_0,0
1077,27,EMP_0,GRA_0,1050000,4,0,FRE_0,EVE_0,0
798,34,EMP_0,GRA_0,1300000,5,1,FRE_0,EVE_0,1
1861,34,EMP_1,GRA_0,1050000,5,0,FRE_1,EVE_0,0
1451,25,EMP_1,GRA_1,1150000,4,1,FRE_0,EVE_0,0
1227,29,EMP_1,GRA_0,1050000,7,0,FRE_0,EVE_0,0
695,28,EMP_1,GRA_0,1150000,7,0,FRE_0,EVE_0,0
167,31,EMP_0,GRA_0,400000,3,0,FRE_0,EVE_0,0
973,26,EMP_1,GRA_0,1500000,4,0,FRE_1,EVE_1,1
387,28,EMP_0,GRA_0,300000,5,0,FRE_0,EVE_0,0
1613,28,EMP_1,GRA_0,550000,4,0,FRE_1,EVE_0,0
1485,34,EMP_1,GRA_0,500000,4,0,FRE_0,EVE_0,0
265,27,EMP_0,GRA_0,850000,6,0,FRE_1,EVE_0,0
1424,31,EMP_0,GRA_0,400000,9,0,FRE_0,EVE_0,0
1431,25,EMP_1,GRA_1,1150000,6,0,FRE_0,EVE_0,1
400,29,EMP_1,GRA_0,1200000,4,0,FRE_1,EVE_0,0
1533,33,EMP_0,GRA_0,600000,8,0,FRE_0,EVE_0,1
562,33,EMP_0,GRA_0,1000000,4,0,FRE_0,EVE_1,0
1760,34,EMP_1,GRA_0,1500000,3,0,FRE_1,EVE_1,1
1757,25,EMP_1,GRA_1,1150000,7,0,FRE_0,EVE_0,0
1458,28,EMP_1,GRA_0,800000,4,0,FRE_0,EVE_0,0
1856,26,EMP_1,GRA_0,600000,3,0,FRE_1,EVE_0,0
1247,26,EMP_1,GRA_0,500000,7,0,FRE_0,EVE_0,0
1906,28,EMP_1,GRA_0,1450000,6,0,FRE_1,EVE_1,1
1130,28,EMP_1,GRA_0,550000,5,0,FRE_1,EVE_0,0
957,28,EMP_1,GRA_0,500000,5,1,FRE_0,EVE_0,0
361,29,EMP_1,GRA_0,1350000,4,0,FRE_0,EVE_1,1
458,26,EMP_1,GRA_0,750000,3,1,FRE_0,EVE_0,0
1168,28,EMP_0,GRA_0,600000,3,0,FRE_0,EVE_0,0
1275,29,EMP_1,GRA_0,600000,6,0,FRE_0,EVE_0,0
1863,34,EMP_1,GRA_0,500000,5,0,FRE_0,EVE_0,0
1126,29,EMP_1,GRA_0,1200000,4,0,FRE_0,EVE_0,0
1875,26,EMP_1,GRA_0,1400000,5,0,FRE_0,EVE_1,1
126,32,EMP_0,GRA_0,800000,5,0,FRE_1,EVE_0,0
356,34,EMP_1,GRA_0,1000000,4,0,FRE_0,EVE_0,0
851,28,EMP_1,GRA_0,500000,5,0,FRE_0,EVE_0,1
1868,25,EMP_1,GRA_0,1400000,5,0,FRE_0,EVE_1,1
535,31,EMP_1,GRA_0,1350000,5,0,FRE_0,EVE_1,1
488,28,EMP_0,GRA_0,300000,3,0,FRE_0,EVE_0,0
1733,31,EMP_0,GRA_1,300000,5,0,FRE_0,EVE_0,0
1893,32,EMP_0,GRA_0,850000,4,1,FRE_0,EVE_0,0
850,32,EMP_0,GRA_0,850000,4,0,FRE_1,EVE_0,0
533,29,EMP_1,GRA_0,600000,3,0,FRE_0,EVE_0,0
49,31,EMP_1,GRA_0,1350000,3,0,FRE_0,EVE_1,1
658,30,EMP_1,GRA_1,1450000,6,0,FRE_1,EVE_1,1
1109,25,EMP_1,GRA_0,1400000,4,1,FRE_1,EVE_1,1
931,28,EMP_0,GRA_0,1200000,6,1,FRE_0,EVE_0,0
1549,28,EMP_1,GRA_0,700000,4,1,FRE_0,EVE_0,0
689,27,EMP_0,GRA_0,500000,7,0,FRE_0,EVE_0,0
1840,28,EMP_1,GRA_0,900000,8,0,FRE_0,EVE_0,0
1187,29,EMP_1,GRA_0,1200000,6,1,FRE_0,EVE_0,0
1701,31,EMP_1,GRA_0,1250000,6,0,FRE_0,EVE_0,0
1821,25,EMP_1,GRA_1,1350000,5,1,FRE_0,EVE_1,1
519,25,EMP_1,GRA_1,1700000,3,0,FRE_1,EVE_0,1
1007,34,EMP_1,GRA_0,1000000,6,0,FRE_0,EVE_0,1
393,29,EMP_1,GRA_0,1050000,3,0,FRE_1,EVE_0,0
989,33,EMP_0,GRA_0,400000,7,1,FRE_0,EVE_0,1
766,34,EMP_1,GRA_0,700000,3,1,FRE_0,EVE_0,0
62,28,EMP_1,GRA_0,800000,4,0,FRE_1,EVE_0,0
988,31,EMP_1,GRA_0,1750000,7,0,FRE_0,EVE_0,0
825,29,EMP_1,GRA_0,900000,7,0,FRE_0,EVE_0,1
1929,28,EMP_0,GRA_0,600000,7,1,FRE_0,EVE_0,1
251,28,EMP_0,GRA_0,300000,5,0,FRE_0,EVE_0,0
723,29,EMP_1,GRA_0,1050000,2,1,FRE_1,EVE_0,0
1041,26,EMP_1,GRA_0,500000,2,1,FRE_0,EVE_0,0
465,26,EMP_1,GRA_0,1500000,5,0,FRE_1,EVE_1,1
1983,28,EMP_1,GRA_0,1750000,5,1,FRE_0,EVE_1,0
1944,34,EMP_1,GRA_0,1500000,4,1,FRE_1,EVE_1,1
1858,30,EMP_1,GRA_1,750000,3,1,FRE_0,EVE_0,1
1513,28,EMP_1,GRA_0,1450000,5,0,FRE_1,EVE_1,1
331,33,EMP_1,GRA_0,550000,4,0,FRE_0,EVE_0,1
1813,29,EMP_1,GRA_0,1350000,4,0,FRE_0,EVE_1,1
1833,29,EMP_1,GRA_0,1200000,5,0,FRE_0,EVE_0,0
1138,28,EMP_1,GRA_0,900000,6,1,FRE_1,EVE_0,0
150,28,EMP_1,GRA_0,650000,2,1,FRE_0,EVE_0,1
1442,26,EMP_1,GRA_0,500000,2,0,FRE_0,EVE_0,0
1289,28,EMP_1,GRA_0,800000,2,0,FRE_0,EVE_0,0
1365,34,EMP_1,GRA_1,750000,3,0,FRE_1,EVE_0,0
1530,26,EMP_1,GRA_0,500000,5,0,FRE_0,EVE_0,0
614,34,EMP_1,GRA_0,1000000,5,1,FRE_0,EVE_0,0
166,28,EMP_1,GRA_0,800000,7,0,FRE_0,EVE_0,0
96,28,EMP_1,GRA_0,700000,4,0,FRE_0,EVE_0,0
736,30,EMP_1,GRA_1,650000,7,0,FRE_0,EVE_0,0
314,26,EMP_1,GRA_0,1400000,5,0,FRE_0,EVE_1,1
497,28,EMP_1,GRA_0,1200000,5,0,FRE_1,EVE_0,1
699,32,EMP_0,GRA_0,800000,3,1,FRE_1,EVE_0,0
884,35,EMP_0,GRA_0,1100000,8,0,FRE_1,EVE_0,1
1051,25,EMP_1,GRA_1,600000,4,0,FRE_1,EVE_1,0
232,28,EMP_1,GRA_0,1250000,6,0,FRE_0,EVE_0,0
1592,25,EMP_1,GRA_1,1700000,5,0,FRE_1,EVE_0,1
1770,34,EMP_1,GRA_0,1050000,4,1,FRE_0,EVE_0,0
1568,29,EMP_1,GRA_0,1200000,5,0,FRE_0,EVE_1,0
1460,28,EMP_1,GRA_0,550000,4,0,FRE_0,EVE_0,0
1384,34,EMP_1,GRA_0,1000000,4,0,FRE_1,EVE_0,0
1907,28,EMP_1,GRA_0,600000,5,0,FRE_1,EVE_0,1
1946,32,EMP_0,GRA_0,850000,7,0,FRE_1,EVE_1,1
1190,31,EMP_1,GRA_0,1250000,3,0,FRE_0,EVE_0,0
1743,35,EMP_1,GRA_1,950000,4,0,FRE_0,EVE_0,1
288,29,EMP_1,GRA_0,1100000,4,0,FRE_0,EVE_0,0
817,27,EMP_0,GRA_0,500000,4,0,FRE_0,EVE_0,1
316,31,EMP_1,GRA_0,950000,5,1,FRE_0,EVE_0,0
1480,27,EMP_0,GRA_0,750000,4,0,FRE_1,EVE_0,0
1864,31,EMP_0,GRA_0,400000,6,1,FRE_0,EVE_0,1
1308,31,EMP_1,GRA_0,1250000,7,1,FRE_0,EVE_0,0
685,34,EMP_1,GRA_0,1500000,4,1,FRE_1,EVE_1,1
304,34,EMP_1,GRA_0,1050000,3,0,FRE_0,EVE_0,0
1890,28,EMP_0,GRA_0,1200000,5,0,FRE_0,EVE_0,0
1436,31,EMP_1,GRA_0,900000,5,0,FRE_0,EVE_0,0
301,27,EMP_0,GRA_0,850000,4,1,FRE_0,EVE_0,0
1782,34,EMP_1,GRA_0,850000,4,0,FRE_0,EVE_0,0
1422,28,EMP_1,GRA_0,700000,4,0,FRE_1,EVE_0,0
108,26,EMP_1,GRA_0,1300000,4,0,FRE_0,EVE_0,1
429,32,EMP_0,GRA_0,350000,2,0,FRE_0,EVE_0,0
603,33,EMP_1,GRA_0,1400000,6,1,FRE_0,EVE_1,1
1730,31,EMP_1,GRA_0,1100000,4,0,FRE_0,EVE_0,0
279,32,EMP_0,GRA_0,350000,6,0,FRE_0,EVE_0,0
773,31,EMP_1,GRA_0,950000,6,0,FRE_0,EVE_0,0
804,27,EMP_1,GRA_1,350000,4,1,FRE_0,EVE_0,0
38,34,EMP_0,GRA_0,1100000,2,0,FRE_0,EVE_0,0
808,34,EMP_1,GRA_0,1500000,6,0,FRE_1,EVE_1,1
1843,28,EMP_1,GRA_0,1200000,4,0,FRE_0,EVE_0,0
1786,31,EMP_1,GRA_0,950000,4,0,FRE_0,EVE_0,0
1237,31,EMP_1,GRA_0,900000,7,0,FRE_0,EVE_1,0
888,28,EMP_1,GRA_0,1250000,6,1,FRE_0,EVE_0,0
1399,25,EMP_1,GRA_1,600000,3,1,FRE_0,EVE_0,0
514,28,EMP_1,GRA_0,500000,4,0,FRE_0,EVE_0,1
1246,26,EMP_1,GRA_0,1250000,4,0,FRE_0,EVE_0,0
1250,28,EMP_1,GRA_0,800000,7,0,FRE_0,EVE_0,0
1019,27,EMP_0,GRA_0,850000,4,1,FRE_1,EVE_1,1
566,27,EMP_0,GRA_0,850000,3,0,FRE_0,EVE_1,0
976,26,EMP_1,GRA_0,1300000,5,0,FRE_0,EVE_0,0
1926,25,EMP_1,GRA_0,1400000,5,0,FRE_0,EVE_1,1
257,33,EMP_1,GRA_0,550000,5,0,FRE_0,EVE_0,1
197,29,EMP_1,GRA_0,1150000,5,1,FRE_1,EVE_0,0
946,25,EMP_1,GRA_0,1400000,5,0,FRE_1,EVE_1,1
247,27,EMP_0,GRA_0,1050000,3,0,FRE_1,EVE_0,1
1943,29,EMP_1,GRA_0,1050000,2,0,FRE_0,EVE_0,0
1206,29,EMP_1,GRA_0,1200000,3,0,FRE_0,EVE_0,1
1291,34,EMP_1,GRA_0,1500000,5,1,FRE_1,EVE_1,1
240,27,EMP_1,GRA_1,350000,7,0,FRE_0,EVE_0,0
1129,26,EMP_1,GRA_0,1500000,2,0,FRE_1,EVE_1,1
1741,28,EMP_1,GRA_0,800000,3,0,FRE_0,EVE_0,0
460,25,EMP_1,GRA_1,1350000,6,0,FRE_0,EVE_1,1
1261,33,EMP_0,GRA_0,800000,6,1,FRE_0,EVE_0,1
24,31,EMP_0,GRA_0,1500000,7,0,FRE_1,EVE_1,0
1459,34,EMP_1,GRA_0,1500000,5,1,FRE_1,EVE_1,1
1270,31,EMP_0,GRA_1,350000,3,0,FRE_0,EVE_0,0
1986,34,EMP_1,GRA_0,500000,4,0,FRE_0,EVE_0,0
1584,28,EMP_0,GRA_0,300000,3,0,FRE_0,EVE_0,0
1354,26,EMP_1,GRA_0,1400000,9,1,FRE_0,EVE_1,1
749,34,EMP_0,GRA_0,1300000,8,0,FRE_0,EVE_0,1
1912,34,EMP_1,GRA_0,500000,4,0,FRE_0,EVE_0,0
81,25,EMP_1,GRA_1,1150000,8,0,FRE_0,EVE_0,0
45,34,EMP_1,GRA_1,1400000,5,1,FRE_0,EVE_1,1
335,28,EMP_1,GRA_0,800000,2,0,FRE_0,EVE_0,1
405,32,EMP_0,GRA_0,850000,6,0,FRE_0,EVE_0,0
1272,33,EMP_0,GRA_0,650000,3,0,FRE_0,EVE_0,1
575,29,EMP_1,GRA_0,900000,6,0,FRE_1,EVE_0,1
424,29,EMP_1,GRA_0,1100000,7,1,FRE_1,EVE_0,1
1018,31,EMP_0,GRA_0,400000,7,0,FRE_0,EVE_0,0
1228,31,EMP_0,GRA_1,400000,4,1,FRE_0,EVE_0,0
966,25,EMP_1,GRA_0,1700000,4,1,FRE_1,EVE_0,1
601,34,EMP_1,GRA_0,1300000,5,0,FRE_0,EVE_0,0
355,28,EMP_1,GRA_0,1400000,3,0,FRE_0,EVE_1,1
718,27,EMP_0,GRA_0,900000,4,0,FRE_0,EVE_0,0
847,29,EMP_1,GRA_0,1050000,4,0,FRE_0,EVE_0,1
1146,29,EMP_1,GRA_0,1200000,4,0,FRE_0,EVE_0,0
896,33,EMP_0,GRA_0,600000,4,0,FRE_0,EVE_0,0
548,27,EMP_0,GRA_0,850000,5,0,FRE_0,EVE_0,0
89,28,EMP_0,GRA_0,300000,8,0,FRE_0,EVE_0,0
196,34,EMP_1,GRA_0,1000000,7,0,FRE_0,EVE_0,1
200,27,EMP_0,GRA_0,1050000,4,0,FRE_0,EVE_0,1
414,33,EMP_1,GRA_0,1400000,4,0,FRE_0,EVE_1,1
758,33,EMP_1,GRA_0,1400000,6,1,FRE_0,EVE_1,1
354,25,EMP_1,GRA_1,1150000,5,0,FRE_0,EVE_0,1
417,31,EMP_1,GRA_0,1400000,3,0,FRE_1,EVE_1,1
1565,28,EMP_1,GRA_0,800000,2,0,FRE_0,EVE_0,0
348,31,EMP_1,GRA_0,1400000,6,1,FRE_0,EVE_1,0
76,29,EMP_1,GRA_0,1200000,3,0,FRE_0,EVE_0,1
836,28,EMP_1,GRA_0,1450000,4,0,FRE_1,EVE_1,1
1260,30,EMP_1,GRA_1,550000,4,0,FRE_0,EVE_0,0
14,31,EMP_0,GRA_0,400000,3,0,FRE_0,EVE_0,0
714,28,EMP_0,GRA_0,300000,4,0,FRE_0,EVE_0,0
621,28,EMP_1,GRA_0,650000,4,0,FRE_0,EVE_0,0
39,33,EMP_1,GRA_0,1500000,5,1,FRE_1,EVE_1,1
604,32,EMP_0,GRA_0,350000,7,0,FRE_0,EVE_0,0
1731,31,EMP_1,GRA_0,500000,5,0,FRE_0,EVE_0,0
1706,33,EMP_0,GRA_0,400000,6,0,FRE_0,EVE_0,0
334,29,EMP_1,GRA_0,1050000,3,0,FRE_0,EVE_0,1
1867,35,EMP_1,GRA_1,800000,5,0,FRE_0,EVE_0,1
1225,31,EMP_0,GRA_1,350000,3,1,FRE_0,EVE_0,0
1052,29,EMP_1,GRA_0,1200000,7,1,FRE_0,EVE_0,0
1781,29,EMP_1,GRA_0,600000,5,1,FRE_0,EVE_0,0
1024,32,EMP_0,GRA_0,800000,9,0,FRE_0,EVE_1,1
142,32,EMP_0,GRA_0,350000,9,1,FRE_0,EVE_0,0
158,31,EMP_1,GRA_0,1250000,6,0,FRE_1,EVE_0,1
980,28,EMP_0,GRA_0,300000,8,0,FRE_0,EVE_0,0
1391,31,EMP_1,GRA_0,1400000,4,1,FRE_0,EVE_1,0
319,25,EMP_1,GRA_0,1700000,2,1,FRE_1,EVE_0,1
1276,31,EMP_0,GRA_0,1200000,5,1,FRE_0,EVE_0,1
498,29,EMP_1,GRA_0,600000,5,0,FRE_0,EVE_0,0
666,28,EMP_1,GRA_0,800000,5,0,FRE_0,EVE_0,0
1569,27,EMP_0,GRA_0,500000,5,0,FRE_0,EVE_0,0
1752,26,EMP_0,GRA_0,500000,5,1,FRE_0,EVE_0,0
143,26,EMP_1,GRA_0,1300000,4,0,FRE_0,EVE_0,0
169,25,EMP_1,GRA_1,600000,6,0,FRE_0,EVE_0,0
585,34,EMP_1,GRA_1,1400000,7,1,FRE_0,EVE_1,1
399,35,EMP_1,GRA_1,800000,5,0,FRE_0,EVE_0,0
1311,28,EMP_1,GRA_0,800000,3,0,FRE_0,EVE_0,1
214,27,EMP_0,GRA_0,850000,5,1,FRE_0,EVE_1,0
1740,26,EMP_1,GRA_0,600000,7,0,FRE_0,EVE_0,0
865,31,EMP_1,GRA_0,1350000,5,0,FRE_0,EVE_1,1
71,28,EMP_1,GRA_0,750000,6,0,FRE_1,EVE_0,0
940,25,EMP_1,GRA_0,1400000,6,0,FRE_1,EVE_1,1
624,34,EMP_1,GRA_0,1000000,9,0,FRE_0,EVE_0,0
296,32,EMP_0,GRA_0,350000,7,0,FRE_0,EVE_0,0
325,31,EMP_1,GRA_0,1250000,4,0,FRE_0,EVE_0,0
1147,26,EMP_1,GRA_0,1500000,3,0,FRE_1,EVE_1,1
1700,28,EMP_1,GRA_0,800000,6,1,FRE_0,EVE_0,0
1966,34,EMP_1,GRA_0,700000,3,0,FRE_1,EVE_0,0
1080,28,EMP_1,GRA_0,700000,7,0,FRE_0,EVE_0,0
538,28,EMP_1,GRA_0,1150000,2,1,FRE_1,EVE_0,0
1410,28,EMP_1,GRA_0,550000,8,0,FRE_0,EVE_0,0
339,29,EMP_1,GRA_0,1050000,5,0,FRE_0,EVE_0,0
828,34,EMP_1,GRA_0,1000000,6,1,FRE_0,EVE_0,1
1047,31,EMP_1,GRA_0,1350000,4,0,FRE_0,EVE_1,1
1006,28,EMP_1,GRA_0,1100000,6,0,FRE_0,EVE_0,0
1543,32,EMP_0,GRA_0,350000,4,0,FRE_0,EVE_0,0
270,34,EMP_0,GRA_0,1300000,6,0,FRE_0,EVE_1,1
386,28,EMP_1,GRA_0,1350000,5,0,FRE_0,EVE_1,1
589,26,EMP_1,GRA_0,1400000,3,0,FRE_0,EVE_1,1
1976,32,EMP_0,GRA_0,900000,6,0,FRE_0,EVE_0,0
625,31,EMP_1,GRA_0,1750000,4,0,FRE_0,EVE_0,0
1515,32,EMP_0,GRA_0,350000,3,1,FRE_0,EVE_0,0
1398,31,EMP_1,GRA_0,1400000,3,0,FRE_1,EVE_1,1
1394,30,EMP_1,GRA_1,650000,3,1,FRE_0,EVE_0,0
1441,31,EMP_0,GRA_0,400000,4,0,FRE_0,EVE_0,0
1401,28,EMP_0,GRA_0,300000,3,0,FRE_0,EVE_0,0
1379,35,EMP_1,GRA_1,800000,3,0,FRE_1,EVE_0,0
1094,34,EMP_1,GRA_0,700000,5,1,FRE_0,EVE_0,0
1030,34,EMP_1,GRA_0,1000000,3,1,FRE_0,EVE_0,0
1918,33,EMP_1,GRA_0,1400000,3,0,FRE_0,EVE_1,1
486,33,EMP_1,GRA_0,550000,4,0,FRE_1,EVE_0,0
731,28,EMP_1,GRA_0,800000,5,0,FRE_0,EVE_0,0
1279,29,EMP_1,GRA_0,1200000,5,0,FRE_1,EVE_0,1
567,35,EMP_1,GRA_1,800000,7,1,FRE_0,EVE_1,1
1490,25,EMP_1,GRA_1,1150000,5,0,FRE_0,EVE_0,0
1518,31,EMP_1,GRA_0,1250000,6,0,FRE_0,EVE_0,1
1170,34,EMP_0,GRA_0,1300000,5,0,FRE_0,EVE_0,0
286,28,EMP_1,GRA_0,600000,3,0,FRE_0,EVE_0,0
383,29,EMP_1,GRA_0,1100000,4,0,FRE_0,EVE_0,0
1905,25,EMP_1,GRA_1,600000,4,1,FRE_1,EVE_0,0
1746,31,EMP_0,GRA_0,400000,2,0,FRE_0,EVE_0,0
1739,29,EMP_1,GRA_0,500000,2,0,FRE_0,EVE_0,0
1632,32,EMP_0,GRA_0,800000,7,0,FRE_0,EVE_0,0
978,32,EMP_0,GRA_0,900000,4,0,FRE_1,EVE_0,0
1372,33,EMP_1,GRA_0,550000,5,1,FRE_0,EVE_0,1
1108,35,EMP_1,GRA_1,950000,3,0,FRE_1,EVE_0,1
1295,35,EMP_0,GRA_0,900000,7,1,FRE_1,EVE_0,1
375,28,EMP_1,GRA_0,1100000,6,1,FRE_0,EVE_0,0
818,28,EMP_1,GRA_0,900000,4,0,FRE_0,EVE_0,1
1167,34,EMP_1,GRA_0,1050000,4,0,FRE_0,EVE_0,0
1952,31,EMP_0,GRA_0,1500000,4,0,FRE_1,EVE_1,1
1074,34,EMP_1,GRA_0,1500000,5,1,FRE_1,EVE_1,0
378,25,EMP_1,GRA_0,1700000,5,0,FRE_1,EVE_0,1
1960,28,EMP_0,GRA_0,300000,6,0,FRE_0,EVE_0,1
450,31,EMP_1,GRA_0,1250000,6,0,FRE_0,EVE_1,0
58,33,EMP_1,GRA_0,1400000,6,0,FRE_1,EVE_1,1
1468,31,EMP_1,GRA_0,1250000,6,1,FRE_0,EVE_0,0
712,28,EMP_1,GRA_0,1450000,9,0,FRE_1,EVE_1,1
1667,28,EMP_1,GRA_0,750000,5,0,FRE_0,EVE_0,0
609,28,EMP_1,GRA_0,700000,7,1,FRE_1,EVE_1,1
44,25,EMP_1,GRA_0,1400000,7,0,FRE_0,EVE_1,1
23,28,EMP_0,GRA_0,600000,9,0,FRE_0,EVE_0,1
871,25,EMP_1,GRA_1,1700000,5,1,FRE_1,EVE_1,0
1772,28,EMP_1,GRA_0,1150000,8,0,FRE_1,EVE_0,0
72,28,EMP_1,GRA_0,800000,6,1,FRE_1,EVE_0,0
987,33,EMP_1,GRA_0,1400000,2,1,FRE_0,EVE_1,1
1125,28,EMP_0,GRA_0,300000,5,0,FRE_0,EVE_0,0
1710,31,EMP_1,GRA_0,1350000,4,0,FRE_0,EVE_1,1
1800,25,EMP_0,GRA_0,750000,3,1,FRE_0,EVE_0,0
85,25,EMP_1,GRA_1,1700000,4,0,FRE_1,EVE_0,1
358,34,EMP_1,GRA_0,1000000,5,0,FRE_1,EVE_0,0
1602,28,EMP_1,GRA_0,700000,5,0,FRE_0,EVE_0,0
278,32,EMP_0,GRA_0,800000,5,1,FRE_0,EVE_0,1
88,34,EMP_1,GRA_0,1050000,5,1,FRE_0,EVE_0,0
1096,30,EMP_1,GRA_1,1450000,7,1,FRE_1,EVE_1,1
1775,33,EMP_0,GRA_0,1100000,8,0,FRE_0,EVE_0,1
1900,27,EMP_1,GRA_1,1000000,3,1,FRE_0,EVE_0,0
422,34,EMP_1,GRA_0,1500000,7,1,FRE_1,EVE_1,1
1693,31,EMP_0,GRA_0,1300000,2,0,FRE_1,EVE_0,1
1732,29,EMP_1,GRA_0,1200000,3,0,FRE_0,EVE_1,0
1666,34,EMP_1,GRA_1,1300000,6,0,FRE_0,EVE_0,1
57,34,EMP_1,GRA_0,1000000,6,0,FRE_0,EVE_0,1
1249,28,EMP_0,GRA_0,600000,4,0,FRE_0,EVE_0,0
917,28,EMP_0,GRA_0,300000,6,0,FRE_0,EVE_0,0
1506,28,EMP_1,GRA_0,1150000,6,1,FRE_0,EVE_0,0
1457,25,EMP_1,GRA_1,600000,3,0,FRE_0,EVE_0,1
928,26,EMP_1,GRA_0,450000,7,0,FRE_0,EVE_0,1
391,28,EMP_0,GRA_0,1200000,5,0,FRE_0,EVE_0,1
997,28,EMP_1,GRA_0,700000,4,1,FRE_0,EVE_0,0
310,30,EMP_1,GRA_1,550000,8,0,FRE_0,EVE_0,0
346,25,EMP_1,GRA_0,1800000,7,1,FRE_1,EVE_0,1
1280,25,EMP_1,GRA_0,1400000,4,0,FRE_0,EVE_1,1
1136,27,EMP_1,GRA_1,600000,6,0,FRE_0,EVE_0,1
1903,33,EMP_0,GRA_0,650000,4,0,FRE_0,EVE_1,1
55,26,EMP_1,GRA_0,750000,5,0,FRE_0,EVE_0,0
740,34,EMP_1,GRA_0,1000000,6,1,FRE_0,EVE_0,1
1358,26,EMP_1,GRA_0,1500000,4,0,FRE_1,EVE_1,1
1023,25,EMP_1,GRA_0,1400000,3,0,FRE_0,EVE_1,1
1042,31,EMP_1,GRA_0,500000,2,0,FRE_0,EVE_0,0
1214,31,EMP_0,GRA_0,1200000,2,1,FRE_0,EVE_0,0
1630,31,EMP_1,GRA_0,900000,4,1,FRE_0,EVE_0,1
1910,28,EMP_1,GRA_0,1150000,7,0,FRE_0,EVE_0,0
1699,28,EMP_1,GRA_0,700000,3,0,FRE_0,EVE_0,1
1932,35,EMP_1,GRA_1,800000,4,1,FRE_0,EVE_0,0
22,31,EMP_1,GRA_0,1100000,4,0,FRE_0,EVE_0,0
421,28,EMP_0,GRA_0,300000,4,0,FRE_0,EVE_0,0
1223,33,EMP_1,GRA_0,550000,5,1,FRE_0,EVE_0,0
1541,28,EMP_1,GRA_0,1100000,4,0,FRE_0,EVE_0,0
146,30,EMP_1,GRA_1,750000,3,1,FRE_0,EVE_0,1
1012,29,EMP_1,GRA_0,1200000,5,0,FRE_0,EVE_0,0
1026,28,EMP_1,GRA_0,700000,4,0,FRE_0,EVE_0,0
1597,31,EMP_1,GRA_0,1250000,6,0,FRE_0,EVE_0,0
646,28,EMP_1,GRA_0,1100000,6,0,FRE_0,EVE_0,0
500,26,EMP_1,GRA_0,1500000,4,0,FRE_1,EVE_1,1
556,33,EMP_1,GRA_0,550000,4,1,FRE_0,EVE_0,0
372,29,EMP_1,GRA_0,350000,5,1,FRE_0,EVE_0,0
1492,27,EMP_1,GRA_1,1000000,6,0,FRE_0,EVE_0,0
1595,34,EMP_1,GRA_0,500000,5,0,FRE_0,EVE_0,0
1320,31,EMP_1,GRA_0,1350000,3,0,FRE_1,EVE_1,1
747,34,EMP_1,GRA_0,1300000,6,0,FRE_0,EVE_0,1
1057,28,EMP_1,GRA_0,700000,6,1,FRE_0,EVE_0,0
1984,28,EMP_1,GRA_0,1150000,6,1,FRE_0,EVE_0,0
1282,31,EMP_1,GRA_0,1400000,3,0,FRE_1,EVE_1,1
1404,34,EMP_1,GRA_0,1000000,6,0,FRE_0,EVE_0,1
1085,28,EMP_1,GRA_0,1250000,7,0,FRE_0,EVE_0,0
459,34,EMP_1,GRA_0,1500000,5,0,FRE_1,EVE_1,1
569,27,EMP_0,GRA_0,500000,4,1,FRE_0,EVE_0,0
1930,31,EMP_0,GRA_0,1200000,7,0,FRE_0,EVE_0,0
21,29,EMP_1,GRA_0,350000,3,0,FRE_0,EVE_0,1
1935,33,EMP_0,GRA_0,1000000,6,0,FRE_1,EVE_0,0
412,28,EMP_0,GRA_0,300000,7,1,FRE_0,EVE_0,0
1835,31,EMP_0,GRA_1,400000,5,0,FRE_0,EVE_0,0
633,28,EMP_1,GRA_0,700000,7,1,FRE_0,EVE_0,0
899,25,EMP_1,GRA_0,1700000,3,0,FRE_1,EVE_0,1
1139,26,EMP_1,GRA_0,500000,4,0,FRE_0,EVE_0,0
1587,28,EMP_1,GRA_0,750000,3,0,FRE_0,EVE_0,0
401,34,EMP_1,GRA_0,700000,4,0,FRE_0,EVE_0,0
711,34,EMP_1,GRA_0,1000000,8,0,FRE_0,EVE_0,1
1462,28,EMP_1,GRA_0,500000,3,1,FRE_0,EVE_0,0
1755,34,EMP_1,GRA_0,850000,5,1,FRE_0,EVE_0,0
954,34,EMP_1,GRA_0,1000000,5,1,FRE_1,EVE_0,0
1005,27,EMP_1,GRA_1,350000,4,0,FRE_0,EVE_0,0
287,29,EMP_1,GRA_0,1200000,4,0,FRE_0,EVE_0,0
13,31,EMP_0,GRA_0,1500000,6,0,FRE_1,EVE_1,1
812,33,EMP_0,GRA_0,1000000,4,1,FRE_0,EVE_0,0
584,29,EMP_1,GRA_0,900000,5,0,FRE_0,EVE_0,0
267,33,EMP_0,GRA_0,1100000,4,0,FRE_0,EVE_0,1
248,34,EMP_0,GRA_0,1300000,6,0,FRE_0,EVE_0,1
1509,28,EMP_1,GRA_0,1300000,4,1,FRE_0,EVE_0,0
1687,31,EMP_0,GRA_1,400000,4,1,FRE_0,EVE_0,0
406,28,EMP_1,GRA_0,1200000,9,0,FRE_0,EVE_0,1
561,29,EMP_1,GRA_0,1050000,9,0,FRE_0,EVE_0,0
1783,29,EMP_1,GRA_0,1200000,9,0,FRE_0,EVE_0,1
1721,30,EMP_1,GRA_1,1450000,2,1,FRE_1,EVE_1,1
717,28,EMP_1,GRA_0,800000,4,0,FRE_0,EVE_0,0
1471,35,EMP_0,GRA_0,1100000,3,0,FRE_0,EVE_0,1
418,34,EMP_1,GRA_0,1000000,3,1,FRE_0,EVE_0,0
8,28,EMP_1,GRA_0,1450000,6,1,FRE_1,EVE_1,1
371,27,EMP_0,GRA_0,900000,5,1,FRE_0,EVE_1,0
1688,31,EMP_1,GRA_0,1250000,8,0,FRE_0,EVE_0,0
684,25,EMP_1,GRA_1,1150000,4,0,FRE_0,EVE_0,0
27,28,EMP_1,GRA_0,1250000,2,0,FRE_1,EVE_0,0
918,33,EMP_0,GRA_0,1000000,7,1,FRE_0,EVE_0,1
490,29,EMP_1,GRA_0,1200000,5,1,FRE_0,EVE_0,0
1313,29,EMP_1,GRA_0,900000,7,0,FRE_0,EVE_0,0
849,34,EMP_0,GRA_0,1300000,4,0,FRE_0,EVE_0,0
258,29,EMP_1,GRA_0,900000,7,0,FRE_1,EVE_0,0
1883,27,EMP_0,GRA_0,500000,4,0,FRE_0,EVE_0,0
1010,27,EMP_0,GRA_0,500000,8,0,FRE_0,EVE_0,0
1359,32,EMP_0,GRA_0,850000,9,0,FRE_1,EVE_0,1
1113,33,EMP_0,GRA_0,400000,5,0,FRE_0,EVE_0,0
1621,31,EMP_1,GRA_0,900000,4,1,FRE_0,EVE_0,0
1612,31,EMP_1,GRA_0,1400000,6,0,FRE_0,EVE_1,1
1140,28,EMP_1,GRA_0,750000,4,0,FRE_1,EVE_1,0
952,28,EMP_1,GRA_0,1450000,5,0,FRE_1,EVE_1,1
1053,34,EMP_1,GRA_0,1050000,4,0,FRE_0,EVE_0,1
177,28,EMP_1,GRA_0,1250000,5,0,FRE_0,EVE_0,0
1790,28,EMP_1,GRA_0,1150000,4,0,FRE_0,EVE_0,0
1453,30,EMP_1,GRA_1,550000,3,1,FRE_0,EVE_0,0
1885,35,EMP_0,GRA_0,1100000,3,0,FRE_0,EVE_0,0
370,31,EMP_0,GRA_0,1300000,6,0,FRE_0,EVE_0,1
1464,31,EMP_0,GRA_0,400000,3,0,FRE_0,EVE_0,0
33,32,EMP_0,GRA_0,850000,3,0,FRE_0,EVE_0,0
1427,25,EMP_1,GRA_1,1150000,6,0,FRE_0,EVE_0,1
529,28,EMP_1,GRA_0,1250000,4,0,FRE_1,EVE_0,0
1809,28,EMP_0,GRA_0,300000,6,1,FRE_0,EVE_0,0
657,28,EMP_1,GRA_0,1200000,5,0,FRE_0,EVE_0,1
722,33,EMP_0,GRA_0,400000,8,0,FRE_0,EVE_0,1
48,28,EMP_1,GRA_0,600000,3,0,FRE_0,EVE_0,0
1573,33,EMP_0,GRA_0,650000,4,1,FRE_0,EVE_0,0
912,31,EMP_1,GRA_0,1400000,6,0,FRE_1,EVE_1,1
1323,34,EMP_1,GRA_0,1750000,5,0,FRE_0,EVE_0,0
543,34,EMP_1,GRA_0,850000,3,1,FRE_0,EVE_0,0
1194,31,EMP_1,GRA_0,1350000,3,0,FRE_0,EVE_1,1
947,35,EMP_1,GRA_1,800000,5,0,FRE_0,EVE_0,0
1433,31,EMP_1,GRA_0,1400000,4,0,FRE_0,EVE_1,1
1131,31,EMP_0,GRA_0,400000,3,0,FRE_0,EVE_0,0
1092,31,EMP_0,GRA_0,1500000,7,0,FRE_1,EVE_1,1
845,28,EMP_1,GRA_0,750000,3,1,FRE_0,EVE_0,0
290,32,EMP_0,GRA_0,900000,6,1,FRE_0,EVE_0,0
971,34,EMP_1,GRA_0,1050000,6,0,FRE_0,EVE_1,1
171,28,EMP_1,GRA_0,900000,7,0,FRE_0,EVE_0,0
786,29,EMP_1,GRA_0,500000,2,0,FRE_0,EVE_0,0
1450,34,EMP_1,GRA_0,1050000,7,0,FRE_0,EVE_0,1
965,25,EMP_1,GRA_1,1150000,8,0,FRE_1,EVE_0,0
183,25,EMP_1,GRA_1,1700000,3,1,FRE_1,EVE_0,0
29,31,EMP_1,GRA_0,900000,3,0,FRE_0,EVE_0,0
461,35,EMP_0,GRA_0,900000,4,1,FRE_0,EVE_0,1
574,29,EMP_1,GRA_0,1150000,5,0,FRE_1,EVE_0,0
945,28,EMP_1,GRA_0,1200000,9,0,FRE_0,EVE_0,0
1035,34,EMP_1,GRA_0,1300000,3,0,FRE_0,EVE_0,0
326,28,EMP_1,GRA_0,1150000,5,0,FRE_0,EVE_0,0
1807,26,EMP_1,GRA_0,600000,3,0,FRE_0,EVE_0,0
627,27,EMP_0,GRA_0,500000,6,0,FRE_0,EVE_0,0
411,28,EMP_0,GRA_0,600000,6,0,FRE_0,EVE_0,0
11,26,EMP_1,GRA_0,1400000,5,0,FRE_1,EVE_1,1
1911,27,EMP_1,GRA_1,1550000,6,1,FRE_1,EVE_0,1
1692,29,EMP_1,GRA_0,1100000,6,0,FRE_1,EVE_0,0
16,28,EMP_1,GRA_0,1150000,4,1,FRE_0,EVE_0,0
5,25,EMP_1,GRA_1,1150000,4,0,FRE_0,EVE_0,0
110,31,EMP_0,GRA_0,400000,5,0,FRE_0,EVE_0,0
659,34,EMP_1,GRA_0,500000,3,0,FRE_0,EVE_0,0
305,26,EMP_1,GRA_0,1250000,4,1,FRE_0,EVE_1,0
1934,25,EMP_1,GRA_1,1350000,3,1,FRE_1,EVE_1,0
1386,28,EMP_1,GRA_0,500000,4,0,FRE_0,EVE_0,0
502,28,EMP_0,GRA_0,300000,4,1,FRE_0,EVE_0,1
42,26,EMP_1,GRA_0,1500000,2,1,FRE_1,EVE_1,1
1724,28,EMP_1,GRA_0,900000,4,0,FRE_1,EVE_0,1
820,25,EMP_1,GRA_1,1150000,4,0,FRE_0,EVE_0,0
254,28,EMP_0,GRA_0,1200000,5,0,FRE_0,EVE_0,0
854,32,EMP_0,GRA_0,850000,3,1,FRE_0,EVE_0,0
135,28,EMP_1,GRA_0,800000,6,0,FRE_0,EVE_1,1
1353,33,EMP_1,GRA_0,1200000,2,0,FRE_0,EVE_0,0
195,25,EMP_1,GRA_0,1400000,5,0,FRE_1,EVE_1,1
1562,29,EMP_1,GRA_0,1100000,4,0,FRE_0,EVE_0,1
1766,26,EMP_0,GRA_0,550000,4,0,FRE_0,EVE_0,0
350,31,EMP_1,GRA_0,950000,5,0,FRE_1,EVE_1,0
337,30,EMP_1,GRA_1,550000,7,0,FRE_1,EVE_0,0
1979,28,EMP_1,GRA_0,1100000,4,1,FRE_0,EVE_0,0
1538,31,EMP_0,GRA_0,400000,5,0,FRE_0,EVE_0,0
1174,30,EMP_1,GRA_1,800000,4,1,FRE_1,EVE_0,0
1950,28,EMP_1,GRA_0,1250000,6,0,FRE_0,EVE_1,0
1503,29,EMP_1,GRA_0,500000,4,0,FRE_0,EVE_0,0
261,28,EMP_1,GRA_0,1100000,4,1,FRE_0,EVE_0,1
1213,25,EMP_0,GRA_0,750000,2,0,FRE_0,EVE_1,1
188,26,EMP_0,GRA_0,500000,4,0,FRE_0,EVE_0,0
856,34,EMP_1,GRA_0,700000,7,0,FRE_0,EVE_0,1
1928,34,EMP_1,GRA_0,1500000,7,0,FRE_1,EVE_1,1
1183,29,EMP_1,GRA_0,1100000,4,1,FRE_0,EVE_0,0
161,34,EMP_1,GRA_1,1400000,3,1,FRE_0,EVE_1,1
186,28,EMP_1,GRA_0,500000,9,0,FRE_0,EVE_0,1
1063,28,EMP_1,GRA_0,1200000,6,0,FRE_0,EVE_0,0
698,33,EMP_1,GRA_0,1200000,7,0,FRE_0,EVE_0,1
434,34,EMP_1,GRA_0,1300000,7,0,FRE_0,EVE_0,1
1607,29,EMP_1,GRA_0,350000,8,1,FRE_0,EVE_0,1
832,34,EMP_1,GRA_0,1500000,6,0,FRE_1,EVE_1,1
551,25,EMP_1,GRA_0,1400000,9,1,FRE_0,EVE_1,1
165,33,EMP_0,GRA_0,1000000,4,0,FRE_0,EVE_0,0
1919,28,EMP_0,GRA_0,300000,6,0,FRE_0,EVE_0,0
803,29,EMP_1,GRA_0,1050000,7,1,FRE_0,EVE_0,0
924,31,EMP_0,GRA_0,400000,6,0,FRE_0,EVE_0,0
298,25,EMP_1,GRA_1,1700000,4,0,FRE_1,EVE_0,1
1400,29,EMP_1,GRA_0,1050000,6,1,FRE_1,EVE_0,0
504,29,EMP_1,GRA_0,500000,4,0,FRE_0,EVE_0,0
855,26,EMP_1,GRA_0,500000,6,0,FRE_0,EVE_0,0
1341,34,EMP_1,GRA_0,1000000,3,0,FRE_0,EVE_0,0
713,28,EMP_1,GRA_0,1100000,2,1,FRE_0,EVE_0,1
857,28,EMP_0,GRA_0,600000,3,0,FRE_0,EVE_0,1
189,26,EMP_1,GRA_0,1400000,7,1,FRE_0,EVE_1,1
886,31,EMP_1,GRA_0,1350000,3,0,FRE_0,EVE_1,1
1695,35,EMP_0,GRA_0,1100000,5,0,FRE_0,EVE_0,0
791,35,EMP_1,GRA_1,800000,7,0,FRE_0,EVE_0,1
1087,31,EMP_0,GRA_0,1200000,7,1,FRE_0,EVE_0,0
1296,29,EMP_1,GRA_0,1050000,3,0,FRE_0,EVE_0,0
1025,31,EMP_0,GRA_0,1300000,4,1,FRE_0,EVE_0,1
1679,28,EMP_1,GRA_0,550000,4,0,FRE_0,EVE_0,0
1532,28,EMP_0,GRA_0,1200000,5,0,FRE_0,EVE_0,0
1305,29,EMP_1,GRA_0,900000,5,0,FRE_0,EVE_0,1
1097,28,EMP_0,GRA_0,600000,8,0,FRE_1,EVE_0,0
332,31,EMP_1,GRA_0,1650000,7,1,FRE_1,EVE_0,1
1452,31,EMP_1,GRA_0,1350000,3,0,FRE_0,EVE_1,1
779,25,EMP_1,GRA_0,1400000,4,0,FRE_0,EVE_1,1
606,28,EMP_1,GRA_0,800000,3,0,FRE_0,EVE_0,0
1008,26,EMP_1,GRA_0,1400000,5,0,FRE_0,EVE_1,1
667,26,EMP_1,GRA_0,1300000,4,1,FRE_0,EVE_1,0
615,28,EMP_0,GRA_0,300000,3,1,FRE_0,EVE_0,0
520,35,EMP_0,GRA_0,1100000,4,1,FRE_0,EVE_0,0
1586,28,EMP_1,GRA_0,1450000,4,0,FRE_1,EVE_1,1
1467,32,EMP_0,GRA_0,850000,5,1,FRE_1,EVE_0,0
1061,31,EMP_0,GRA_0,400000,3,0,FRE_0,EVE_0,0
217,28,EMP_1,GRA_0,800000,6,0,FRE_0,EVE_0,0
1064,29,EMP_1,GRA_0,1200000,5,0,FRE_0,EVE_0,0
1218,28,EMP_1,GRA_0,1150000,7,0,FRE_0,EVE_0,0
493,29,EMP_1,GRA_0,1050000,7,0,FRE_0,EVE_0,0
398,28,EMP_1,GRA_0,1250000,5,0,FRE_1,EVE_0,0
231,31,EMP_0,GRA_0,1200000,5,1,FRE_0,EVE_0,0
867,33,EMP_1,GRA_0,750000,5,0,FRE_0,EVE_0,0
680,29,EMP_1,GRA_0,1100000,4,1,FRE_0,EVE_1,1
313,25,EMP_1,GRA_1,1150000,4,0,FRE_0,EVE_0,1
531,28,EMP_1,GRA_0,1150000,6,1,FRE_0,EVE_0,0
693,27,EMP_1,GRA_1,800000,5,1,FRE_0,EVE_0,0
1,31,EMP_1,GRA_0,1250000,7,0,FRE_0,EVE_0,0
1104,34,EMP_1,GRA_0,1000000,5,0,FRE_0,EVE_0,0
568,35,EMP_1,GRA_1,800000,5,0,FRE_0,EVE_0,0
181,26,EMP_1,GRA_0,1300000,3,0,FRE_0,EVE_0,0
120,28,EMP_1,GRA_0,800000,3,1,FRE_0,EVE_0,0
1199,28,EMP_0,GRA_0,1200000,7,1,FRE_0,EVE_0,0
462,26,EMP_1,GRA_0,1250000,6,1,FRE_0,EVE_0,0
363,34,EMP_0,GRA_0,1300000,4,0,FRE_0,EVE_0,0
1722,34,EMP_1,GRA_0,1500000,3,1,FRE_1,EVE_1,1
668,33,EMP_0,GRA_0,1000000,5,0,FRE_1,EVE_0,0
760,27,EMP_0,GRA_0,500000,4,1,FRE_0,EVE_0,0
610,31,EMP_1,GRA_0,900000,8,0,FRE_0,EVE_1,0
800,31,EMP_0,GRA_0,1200000,6,0,FRE_0,EVE_0,0
1157,28,EMP_1,GRA_0,800000,5,1,FRE_0,EVE_0,1
586,28,EMP_0,GRA_0,300000,7,0,FRE_0,EVE_0,0
1038,30,EMP_1,GRA_1,550000,4,0,FRE_0,EVE_0,1
157,28,EMP_1,GRA_0,600000,3,1,FRE_0,EVE_0,0
300,32,EMP_0,GRA_0,900000,5,1,FRE_0,EVE_0,1
792,28,EMP_1,GRA_0,750000,6,0,FRE_1,EVE_0,0
1281,29,EMP_0,GRA_0,600000,4,0,FRE_0,EVE_0,0
930,34,EMP_1,GRA_0,700000,7,1,FRE_0,EVE_0,1
1362,28,EMP_1,GRA_0,700000,2,1,FRE_0,EVE_0,1
1909,28,EMP_0,GRA_1,300000,4,1,FRE_0,EVE_0,0
1069,28,EMP_1,GRA_0,800000,4,1,FRE_0,EVE_0,0
199,30,EMP_1,GRA_1,1450000,5,0,FRE_1,EVE_1,1
1902,33,EMP_0,GRA_0,400000,2,0,FRE_0,EVE_0,0
98,29,EMP_1,GRA_0,1100000,6,0,FRE_0,EVE_0,0
708,34,EMP_1,GRA_0,1000000,3,0,FRE_0,EVE_0,0
1639,25,EMP_1,GRA_0,1700000,4,0,FRE_1,EVE_0,1
1188,26,EMP_1,GRA_0,500000,5,0,FRE_0,EVE_0,0
1036,28,EMP_1,GRA_0,750000,5,0,FRE_0,EVE_0,0
178,32,EMP_0,GRA_0,350000,6,0,FRE_0,EVE_0,0
482,32,EMP_0,GRA_0,850000,9,0,FRE_0,EVE_0,0
1558,32,EMP_0,GRA_0,800000,5,0,FRE_0,EVE_0,0
552,27,EMP_0,GRA_0,1050000,4,0,FRE_0,EVE_0,0
162,34,EMP_1,GRA_0,500000,7,0,FRE_0,EVE_0,1
454,28,EMP_0,GRA_0,300000,4,0,FRE_0,EVE_0,0
1626,26,EMP_1,GRA_0,600000,3,0,FRE_0,EVE_0,0
596,31,EMP_1,GRA_0,1350000,5,0,FRE_0,EVE_1,1
1364,29,EMP_1,GRA_0,350000,6,1,FRE_0,EVE_0,0
481,29,EMP_1,GRA_0,1100000,4,0,FRE_0,EVE_0,0
155,34,EMP_1,GRA_0,1300000,6,0,FRE_0,EVE_0,1
444,28,EMP_1,GRA_0,700000,4,1,FRE_0,EVE_0,1
1554,31,EMP_1,GRA_0,900000,5,0,FRE_1,EVE_0,0
982,27,EMP_0,GRA_0,850000,5,0,FRE_0,EVE_0,0
1356,30,EMP_1,GRA_1,550000,3,0,FRE_1,EVE_1,0
1203,28,EMP_1,GRA_0,1150000,6,1,FRE_0,EVE_0,0
70,34,EMP_0,GRA_0,1300000,4,0,FRE_0,EVE_0,0
396,33,EMP_0,GRA_0,650000,6,1,FRE_0,EVE_0,1
121,26,EMP_1,GRA_0,1400000,6,0,FRE_0,EVE_1,1
1628,29,EMP_1,GRA_0,1150000,4,1,FRE_0,EVE_0,0
1668,29,EMP_1,GRA_0,350000,9,0,FRE_0,EVE_0,0
1974,28,EMP_1,GRA_0,1200000,6,0,FRE_1,EVE_0,0
148,25,EMP_1,GRA_0,1400000,4,0,FRE_0,EVE_1,1
1767,35,EMP_1,GRA_1,800000,4,0,FRE_0,EVE_0,1
198,25,EMP_1,GRA_1,1350000,4,0,FRE_0,EVE_1,1
1777,34,EMP_1,GRA_0,700000,4,1,FRE_1,EVE_0,0
1245,26,EMP_1,GRA_0,1400000,3,0,FRE_0,EVE_1,1
1448,32,EMP_0,GRA_0,800000,4,1,FRE_0,EVE_0,0
1824,28,EMP_1,GRA_0,800000,4,1,FRE_1,EVE_0,0
1277,34,EMP_1,GRA_0,1500000,2,0,FRE_1,EVE_1,1
1164,31,EMP_1,GRA_0,1400000,6,0,FRE_0,EVE_1,1
1859,32,EMP_0,GRA_0,800000,3,1,FRE_0,EVE_0,0
992,28,EMP_1,GRA_0,1100000,4,1,FRE_0,EVE_0,0
784,31,EMP_0,GRA_0,1500000,5,1,FRE_1,EVE_1,1
1298,27,EMP_0,GRA_0,500000,2,1,FRE_0,EVE_0,1
464,34,EMP_1,GRA_0,1500000,5,0,FRE_1,EVE_1,1
1662,28,EMP_1,GRA_0,550000,6,0,FRE_1,EVE_0,0
1137,35,EMP_1,GRA_1,800000,5,0,FRE_0,EVE_0,0
1627,29,EMP_1,GRA_0,1050000,3,0,FRE_0,EVE_0,1
872,27,EMP_1,GRA_1,1000000,3,0,FRE_0,EVE_0,0
37,34,EMP_1,GRA_0,700000,4,0,FRE_0,EVE_0,0
433,28,EMP_1,GRA_0,1100000,4,0,FRE_0,EVE_0,0
336,32,EMP_0,GRA_0,350000,9,1,FRE_0,EVE_0,0
1815,33,EMP_1,GRA_0,550000,3,1,FRE_0,EVE_0,1
1215,25,EMP_1,GRA_0,1700000,5,0,FRE_1,EVE_0,1
1850,28,EMP_0,GRA_0,300000,5,0,FRE_0,EVE_0,0
1641,28,EMP_1,GRA_0,1100000,4,0,FRE_0,EVE_0,0
720,27,EMP_0,GRA_0,850000,2,0,FRE_0,EVE_1,0
919,26,EMP_1,GRA_0,1500000,6,0,FRE_1,EVE_1,1
