index,Age,Employment Type,GraduateOrNot,AnnualIncome,FamilyMembers,ChronicDiseases,FrequentFlyer,EverTravelledAbroad
0,32,EMP_0,GRA_0,800000,7,0,FRE_0,EVE_0
1,34,EMP_1,GRA_0,1000000,5,0,FRE_0,EVE_0
2,28,EMP_1,GRA_0,750000,3,0,FRE_0,EVE_0
3,25,EMP_1,GRA_0,1700000,3,0,FRE_1,EVE_0
4,30,EMP_1,GRA_1,500000,7,1,FRE_0,EVE_0
5,34,EMP_1,GRA_0,700000,2,1,FRE_1,EVE_0
6,31,EMP_0,GRA_0,1500000,3,0,FRE_1,EVE_1
7,29,EMP_1,GRA_0,900000,4,0,FRE_0,EVE_0
8,25,EMP_1,GRA_0,1400000,3,0,FRE_0,EVE_1
9,30,EMP_1,GRA_1,500000,8,0,FRE_0,EVE_0
10,27,EMP_0,GRA_0,900000,7,1,FRE_0,EVE_0
11,28,EMP_1,GRA_0,1250000,4,1,FRE_0,EVE_0
12,35,EMP_1,GRA_1,800000,5,0,FRE_0,EVE_0
13,28,EMP_1,GRA_0,600000,5,0,FRE_1,EVE_0
14,31,EMP_1,GRA_0,1400000,5,0,FRE_1,EVE_1
15,28,EMP_0,GRA_0,300000,3,1,FRE_0,EVE_0
16,31,EMP_0,GRA_0,1200000,3,0,FRE_0,EVE_0
17,28,EMP_1,GRA_0,1200000,6,1,FRE_0,EVE_0
18,28,EMP_1,GRA_0,750000,4,0,FRE_0,EVE_0
19,33,EMP_0,GRA_0,700000,3,0,FRE_0,EVE_0
20,33,EMP_0,GRA_0,700000,4,0,FRE_0,EVE_0
21,31,EMP_0,GRA_0,400000,6,1,FRE_0,EVE_0
22,28,EMP_1,GRA_0,900000,3,0,FRE_0,EVE_0
23,31,EMP_0,GRA_1,300000,3,0,FRE_0,EVE_0
24,28,EMP_0,GRA_0,300000,6,0,FRE_0,EVE_0
25,32,EMP_0,GRA_0,900000,6,1,FRE_0,EVE_0
26,25,EMP_1,GRA_0,1400000,3,0,FRE_0,EVE_1
27,29,EMP_1,GRA_0,1050000,5,0,FRE_0,EVE_0
28,27,EMP_0,GRA_0,850000,7,1,FRE_0,EVE_0
29,25,EMP_1,GRA_0,1400000,5,1,FRE_0,EVE_1
30,25,EMP_1,GRA_1,1150000,5,0,FRE_0,EVE_0
31,25,EMP_1,GRA_0,1400000,3,1,FRE_0,EVE_1
32,25,EMP_1,GRA_1,600000,5,0,FRE_1,EVE_0
33,28,EMP_1,GRA_0,1200000,6,1,FRE_0,EVE_0
34,28,EMP_0,GRA_0,600000,4,0,FRE_0,EVE_0
35,34,EMP_1,GRA_0,1050000,7,0,FRE_1,EVE_0
36,28,EMP_0,GRA_0,300000,4,0,FRE_0,EVE_0
37,31,EMP_1,GRA_0,1350000,4,0,FRE_0,EVE_1
38,28,EMP_0,GRA_0,600000,4,0,FRE_0,EVE_0
39,31,EMP_1,GRA_0,900000,6,0,FRE_0,EVE_0
40,35,EMP_1,GRA_1,800000,6,1,FRE_0,EVE_1
41,34,EMP_1,GRA_0,1000000,2,0,FRE_0,EVE_0
42,34,EMP_0,GRA_0,1300000,4,1,FRE_0,EVE_0
43,32,EMP_0,GRA_0,800000,6,0,FRE_0,EVE_0
44,29,EMP_1,GRA_0,1750000,6,0,FRE_0,EVE_0
45,25,EMP_0,GRA_0,750000,3,0,FRE_0,EVE_1
46,33,EMP_0,GRA_0,1100000,3,0,FRE_0,EVE_0
47,33,EMP_1,GRA_0,1400000,4,1,FRE_0,EVE_1
48,28,EMP_1,GRA_0,800000,5,0,FRE_0,EVE_0
49,26,EMP_1,GRA_0,1250000,4,0,FRE_0,EVE_0
50,28,EMP_1,GRA_0,1150000,4,1,FRE_0,EVE_0
51,34,EMP_1,GRA_0,1000000,5,1,FRE_0,EVE_0
52,29,EMP_1,GRA_0,1350000,3,1,FRE_1,EVE_1
53,34,EMP_1,GRA_0,500000,4,1,FRE_0,EVE_0
54,30,EMP_1,GRA_1,800000,4,0,FRE_0,EVE_0
55,34,EMP_1,GRA_0,850000,5,1,FRE_1,EVE_0
56,29,EMP_1,GRA_0,1050000,4,0,FRE_0,EVE_0
57,28,EMP_1,GRA_1,550000,6,0,FRE_0,EVE_0
58,27,EMP_0,GRA_0,500000,6,0,FRE_0,EVE_0
59,33,EMP_0,GRA_1,400000,4,0,FRE_0,EVE_0
60,28,EMP_1,GRA_0,700000,5,0,FRE_0,EVE_0
61,27,EMP_0,GRA_0,500000,5,0,FRE_0,EVE_0
62,28,EMP_0,GRA_0,1100000,4,0,FRE_0,EVE_0
63,25,EMP_0,GRA_0,750000,6,0,FRE_0,EVE_0
64,34,EMP_1,GRA_0,700000,3,0,FRE_0,EVE_0
65,29,EMP_1,GRA_0,1100000,5,1,FRE_0,EVE_0
66,26,EMP_1,GRA_0,1400000,5,0,FRE_0,EVE_1
67,31,EMP_1,GRA_0,1250000,5,0,FRE_0,EVE_0
68,30,EMP_1,GRA_1,650000,3,0,FRE_0,EVE_1
69,28,EMP_1,GRA_1,550000,3,0,FRE_0,EVE_0
70,28,EMP_0,GRA_0,600000,9,0,FRE_1,EVE_0
71,29,EMP_1,GRA_0,1200000,5,1,FRE_0,EVE_0
72,34,EMP_0,GRA_0,1100000,9,0,FRE_0,EVE_0
73,26,EMP_1,GRA_0,1400000,4,1,FRE_0,EVE_1
74,28,EMP_1,GRA_0,800000,4,0,FRE_0,EVE_0
75,28,EMP_1,GRA_0,1200000,3,1,FRE_1,EVE_0
76,31,EMP_1,GRA_0,1400000,7,0,FRE_0,EVE_1
77,27,EMP_0,GRA_0,1050000,2,0,FRE_0,EVE_0
78,34,EMP_1,GRA_0,500000,6,0,FRE_0,EVE_0
79,32,EMP_0,GRA_0,850000,7,0,FRE_0,EVE_1
80,32,EMP_0,GRA_0,850000,7,0,FRE_0,EVE_0
81,27,EMP_0,GRA_0,500000,4,0,FRE_0,EVE_0
82,28,EMP_0,GRA_0,300000,6,1,FRE_0,EVE_0
83,28,EMP_0,GRA_0,300000,2,0,FRE_0,EVE_0
84,29,EMP_1,GRA_0,500000,4,0,FRE_0,EVE_0
85,34,EMP_0,GRA_0,1100000,6,1,FRE_0,EVE_0
86,31,EMP_1,GRA_0,1400000,4,0,FRE_0,EVE_1
87,31,EMP_1,GRA_0,1250000,7,0,FRE_0,EVE_0
88,27,EMP_0,GRA_0,750000,8,0,FRE_0,EVE_0
89,28,EMP_1,GRA_0,700000,3,1,FRE_0,EVE_0
90,34,EMP_1,GRA_0,1050000,7,1,FRE_0,EVE_0
91,28,EMP_1,GRA_0,750000,6,0,FRE_1,EVE_0
92,32,EMP_0,GRA_0,800000,5,0,FRE_0,EVE_0
93,34,EMP_0,GRA_0,1300000,2,1,FRE_0,EVE_0
94,32,EMP_0,GRA_0,850000,6,0,FRE_0,EVE_0
95,33,EMP_0,GRA_0,400000,5,1,FRE_0,EVE_0
96,29,EMP_1,GRA_0,1050000,3,1,FRE_1,EVE_0
97,28,EMP_0,GRA_0,300000,3,1,FRE_0,EVE_0
98,31,EMP_0,GRA_0,1300000,5,0,FRE_0,EVE_0
99,35,EMP_1,GRA_1,800000,6,0,FRE_1,EVE_0
100,33,EMP_1,GRA_0,550000,3,1,FRE_0,EVE_0
101,25,EMP_1,GRA_1,1150000,4,0,FRE_0,EVE_0
102,29,EMP_1,GRA_0,1050000,3,0,FRE_0,EVE_0
103,26,EMP_0,GRA_0,1450000,3,0,FRE_1,EVE_1
104,30,EMP_1,GRA_1,550000,5,0,FRE_1,EVE_0
105,30,EMP_1,GRA_1,800000,3,0,FRE_0,EVE_0
106,31,EMP_1,GRA_0,1250000,3,0,FRE_0,EVE_1
107,29,EMP_1,GRA_0,1050000,7,0,FRE_0,EVE_0
108,31,EMP_0,GRA_0,1300000,3,1,FRE_0,EVE_0
109,28,EMP_1,GRA_0,900000,6,0,FRE_0,EVE_0
110,33,EMP_0,GRA_0,1100000,5,0,FRE_0,EVE_0
111,26,EMP_1,GRA_0,750000,3,0,FRE_0,EVE_0
112,26,EMP_1,GRA_0,1400000,4,0,FRE_0,EVE_1
113,28,EMP_1,GRA_0,1250000,5,0,FRE_0,EVE_1
114,25,EMP_0,GRA_0,750000,2,0,FRE_1,EVE_0
115,31,EMP_0,GRA_0,1500000,2,0,FRE_1,EVE_1
116,26,EMP_1,GRA_0,600000,6,0,FRE_1,EVE_0
117,33,EMP_1,GRA_0,1400000,3,0,FRE_0,EVE_1
118,28,EMP_1,GRA_0,1450000,4,0,FRE_1,EVE_1
119,33,EMP_0,GRA_0,1100000,4,0,FRE_0,EVE_0
120,28,EMP_1,GRA_0,1200000,4,0,FRE_1,EVE_0
121,29,EMP_1,GRA_0,1050000,5,1,FRE_0,EVE_0
122,33,EMP_0,GRA_0,400000,3,1,FRE_0,EVE_0
123,28,EMP_0,GRA_0,300000,6,0,FRE_0,EVE_0
124,28,EMP_1,GRA_0,1200000,5,0,FRE_0,EVE_0
125,33,EMP_0,GRA_0,1100000,2,0,FRE_1,EVE_0
126,31,EMP_1,GRA_0,1250000,4,0,FRE_0,EVE_0
127,29,EMP_1,GRA_0,1100000,3,0,FRE_0,EVE_0
128,25,EMP_1,GRA_0,1400000,7,0,FRE_0,EVE_1
129,28,EMP_1,GRA_0,500000,6,0,FRE_0,EVE_0
130,31,EMP_1,GRA_0,1250000,7,0,FRE_0,EVE_0
131,34,EMP_1,GRA_0,1500000,4,1,FRE_1,EVE_1
132,34,EMP_1,GRA_0,1000000,6,0,FRE_1,EVE_0
133,28,EMP_1,GRA_0,1100000,5,0,FRE_0,EVE_0
134,31,EMP_0,GRA_0,1300000,4,0,FRE_0,EVE_0
135,25,EMP_1,GRA_1,1350000,6,0,FRE_0,EVE_1
136,28,EMP_1,GRA_0,800000,4,0,FRE_0,EVE_0
137,31,EMP_0,GRA_0,1500000,4,1,FRE_1,EVE_1
138,26,EMP_1,GRA_0,450000,4,0,FRE_0,EVE_0
139,27,EMP_0,GRA_0,850000,7,0,FRE_1,EVE_0
140,34,EMP_1,GRA_0,1300000,6,0,FRE_0,EVE_0
141,31,EMP_1,GRA_0,1250000,3,0,FRE_0,EVE_0
142,34,EMP_1,GRA_0,1000000,3,0,FRE_0,EVE_0
143,27,EMP_0,GRA_0,900000,5,0,FRE_0,EVE_0
144,28,EMP_1,GRA_1,550000,6,0,FRE_0,EVE_0
145,33,EMP_1,GRA_0,1750000,6,0,FRE_0,EVE_0
146,35,EMP_1,GRA_1,800000,5,0,FRE_0,EVE_0
147,26,EMP_1,GRA_0,500000,3,0,FRE_0,EVE_0
148,28,EMP_0,GRA_0,1100000,4,1,FRE_0,EVE_0
149,33,EMP_0,GRA_0,400000,9,1,FRE_0,EVE_0
150,34,EMP_1,GRA_0,1000000,5,0,FRE_1,EVE_0
151,29,EMP_1,GRA_0,1200000,4,0,FRE_1,EVE_0
152,26,EMP_1,GRA_0,1300000,4,1,FRE_0,EVE_0
153,28,EMP_1,GRA_0,1400000,4,0,FRE_1,EVE_1
154,32,EMP_0,GRA_0,350000,3,0,FRE_0,EVE_1
155,34,EMP_1,GRA_0,1000000,3,0,FRE_0,EVE_0
156,26,EMP_1,GRA_0,500000,3,0,FRE_0,EVE_0
157,29,EMP_1,GRA_0,900000,3,0,FRE_0,EVE_0
158,29,EMP_1,GRA_0,900000,3,0,FRE_0,EVE_0
159,26,EMP_1,GRA_0,1400000,4,1,FRE_0,EVE_1
160,27,EMP_1,GRA_1,800000,7,1,FRE_0,EVE_0
161,28,EMP_0,GRA_1,300000,5,1,FRE_0,EVE_0
162,25,EMP_1,GRA_0,1400000,4,0,FRE_0,EVE_1
163,28,EMP_1,GRA_0,750000,4,0,FRE_0,EVE_0
164,30,EMP_1,GRA_1,550000,5,1,FRE_0,EVE_0
165,29,EMP_1,GRA_0,1200000,4,0,FRE_0,EVE_0
166,34,EMP_1,GRA_0,1300000,4,0,FRE_0,EVE_0
167,33,EMP_1,GRA_0,1400000,8,1,FRE_0,EVE_1
168,25,EMP_1,GRA_1,1150000,2,0,FRE_0,EVE_1
169,29,EMP_1,GRA_0,1100000,4,1,FRE_0,EVE_0
170,28,EMP_0,GRA_0,300000,7,1,FRE_0,EVE_0
171,28,EMP_0,GRA_0,300000,4,0,FRE_0,EVE_0
172,28,EMP_1,GRA_0,700000,2,1,FRE_0,EVE_0
173,25,EMP_1,GRA_0,1400000,6,0,FRE_1,EVE_1
174,34,EMP_1,GRA_0,1000000,3,0,FRE_1,EVE_0
175,28,EMP_1,GRA_0,1150000,2,0,FRE_0,EVE_0
176,32,EMP_0,GRA_0,350000,3,1,FRE_0,EVE_1
177,28,EMP_1,GRA_0,1250000,9,1,FRE_0,EVE_0
178,32,EMP_0,GRA_0,800000,3,0,FRE_1,EVE_0
179,28,EMP_1,GRA_0,700000,4,1,FRE_0,EVE_0
180,28,EMP_1,GRA_0,800000,6,0,FRE_0,EVE_0
181,32,EMP_0,GRA_0,350000,3,0,FRE_0,EVE_0
182,28,EMP_1,GRA_0,1150000,4,1,FRE_0,EVE_0
183,34,EMP_1,GRA_0,700000,3,1,FRE_0,EVE_0
184,35,EMP_1,GRA_1,800000,4,0,FRE_0,EVE_0
185,31,EMP_0,GRA_0,400000,5,0,FRE_0,EVE_0
186,34,EMP_1,GRA_0,850000,5,0,FRE_0,EVE_0
187,28,EMP_1,GRA_0,550000,8,1,FRE_0,EVE_0
188,29,EMP_1,GRA_0,1200000,7,1,FRE_0,EVE_0
189,28,EMP_1,GRA_0,600000,3,0,FRE_0,EVE_0
190,26,EMP_1,GRA_0,450000,3,0,FRE_0,EVE_0
191,33,EMP_1,GRA_0,1500000,3,0,FRE_1,EVE_1
192,33,EMP_1,GRA_0,550000,5,0,FRE_0,EVE_0
193,34,EMP_1,GRA_0,1300000,2,0,FRE_0,EVE_0
194,28,EMP_1,GRA_0,700000,3,0,FRE_0,EVE_0
195,31,EMP_1,GRA_0,1250000,4,0,FRE_0,EVE_1
196,28,EMP_1,GRA_0,800000,5,1,FRE_0,EVE_0
197,29,EMP_1,GRA_0,900000,4,0,FRE_0,EVE_0
198,28,EMP_1,GRA_0,1100000,9,0,FRE_0,EVE_0
199,25,EMP_1,GRA_0,500000,5,1,FRE_0,EVE_0
200,28,EMP_0,GRA_0,300000,7,0,FRE_0,EVE_0
201,26,EMP_1,GRA_0,1400000,4,1,FRE_0,EVE_1
202,34,EMP_1,GRA_0,500000,4,0,FRE_0,EVE_0
203,28,EMP_1,GRA_0,800000,6,1,FRE_0,EVE_0
204,30,EMP_1,GRA_1,800000,4,0,FRE_0,EVE_0
205,28,EMP_1,GRA_0,1250000,3,1,FRE_0,EVE_0
206,25,EMP_1,GRA_1,1700000,3,0,FRE_1,EVE_0
207,27,EMP_0,GRA_0,500000,6,1,FRE_0,EVE_0
208,34,EMP_1,GRA_0,1000000,5,0,FRE_0,EVE_0
209,25,EMP_1,GRA_0,1800000,6,0,FRE_1,EVE_0
210,28,EMP_1,GRA_0,800000,8,1,FRE_0,EVE_0
211,35,EMP_0,GRA_0,900000,7,0,FRE_0,EVE_0
212,27,EMP_0,GRA_0,850000,3,0,FRE_0,EVE_0
213,27,EMP_0,GRA_0,1050000,3,0,FRE_1,EVE_0
214,26,EMP_1,GRA_0,1500000,7,0,FRE_1,EVE_1
215,29,EMP_1,GRA_0,350000,9,1,FRE_0,EVE_0
216,28,EMP_1,GRA_0,550000,6,1,FRE_0,EVE_0
217,35,EMP_0,GRA_0,1100000,3,1,FRE_0,EVE_0
218,26,EMP_1,GRA_0,600000,3,0,FRE_1,EVE_0
219,28,EMP_1,GRA_0,700000,4,0,FRE_1,EVE_0
220,31,EMP_0,GRA_1,400000,3,0,FRE_0,EVE_0
221,29,EMP_1,GRA_0,1100000,5,0,FRE_1,EVE_0
222,28,EMP_1,GRA_0,600000,3,0,FRE_0,EVE_0
223,26,EMP_0,GRA_0,1450000,7,0,FRE_1,EVE_1
224,26,EMP_1,GRA_0,1300000,7,0,FRE_0,EVE_0
225,31,EMP_1,GRA_0,1350000,7,0,FRE_1,EVE_1
226,25,EMP_1,GRA_0,1700000,5,0,FRE_1,EVE_0
227,29,EMP_1,GRA_0,1200000,7,0,FRE_0,EVE_0
228,31,EMP_0,GRA_1,300000,4,0,FRE_0,EVE_0
229,29,EMP_1,GRA_0,500000,3,1,FRE_0,EVE_0
230,28,EMP_1,GRA_0,600000,5,0,FRE_0,EVE_1
231,30,EMP_1,GRA_1,800000,6,0,FRE_1,EVE_0
232,33,EMP_0,GRA_0,800000,3,0,FRE_0,EVE_0
233,29,EMP_1,GRA_0,1100000,3,1,FRE_0,EVE_0
234,31,EMP_1,GRA_0,1400000,3,0,FRE_0,EVE_1
235,31,EMP_1,GRA_0,900000,5,0,FRE_0,EVE_0
236,29,EMP_1,GRA_0,900000,7,0,FRE_0,EVE_0
237,29,EMP_1,GRA_0,1350000,8,0,FRE_0,EVE_1
238,28,EMP_1,GRA_0,1150000,8,1,FRE_0,EVE_0
239,29,EMP_1,GRA_0,1050000,4,0,FRE_1,EVE_0
240,34,EMP_1,GRA_1,1400000,4,0,FRE_0,EVE_1
241,31,EMP_0,GRA_0,400000,9,1,FRE_0,EVE_0
242,31,EMP_1,GRA_0,1250000,4,1,FRE_0,EVE_0
243,34,EMP_1,GRA_0,1300000,3,0,FRE_1,EVE_0
244,26,EMP_1,GRA_0,600000,6,0,FRE_1,EVE_0
245,28,EMP_1,GRA_0,500000,5,0,FRE_0,EVE_0
246,34,EMP_1,GRA_0,1300000,3,0,FRE_0,EVE_1
247,30,EMP_1,GRA_1,1450000,7,0,FRE_1,EVE_1
248,31,EMP_1,GRA_0,500000,6,0,FRE_0,EVE_0
249,25,EMP_1,GRA_1,1700000,3,1,FRE_1,EVE_0
250,28,EMP_0,GRA_0,300000,4,0,FRE_0,EVE_0
251,29,EMP_1,GRA_0,350000,4,0,FRE_0,EVE_0
252,34,EMP_1,GRA_0,1500000,5,0,FRE_1,EVE_1
253,33,EMP_1,GRA_0,1400000,7,0,FRE_0,EVE_1
254,28,EMP_1,GRA_1,550000,6,0,FRE_0,EVE_0
255,29,EMP_1,GRA_0,1100000,9,0,FRE_0,EVE_0
256,28,EMP_1,GRA_0,1200000,4,0,FRE_0,EVE_0
257,27,EMP_0,GRA_0,1050000,7,0,FRE_0,EVE_0
258,31,EMP_0,GRA_1,300000,9,1,FRE_0,EVE_0
259,28,EMP_1,GRA_0,1150000,6,1,FRE_0,EVE_0
260,34,EMP_1,GRA_0,1500000,5,1,FRE_1,EVE_1
261,29,EMP_1,GRA_0,1200000,7,0,FRE_0,EVE_0
262,26,EMP_1,GRA_0,1500000,5,1,FRE_1,EVE_1
263,25,EMP_1,GRA_1,1700000,5,0,FRE_1,EVE_1
264,29,EMP_1,GRA_0,500000,3,0,FRE_0,EVE_0
265,35,EMP_0,GRA_0,900000,3,1,FRE_0,EVE_0
266,35,EMP_1,GRA_1,800000,6,1,FRE_0,EVE_0
267,32,EMP_0,GRA_0,800000,4,0,FRE_0,EVE_0
268,31,EMP_0,GRA_1,300000,7,0,FRE_0,EVE_0
269,28,EMP_1,GRA_0,1200000,4,0,FRE_0,EVE_0
270,28,EMP_1,GRA_0,1150000,4,0,FRE_0,EVE_0
271,27,EMP_0,GRA_0,500000,5,0,FRE_0,EVE_0
272,26,EMP_1,GRA_0,1400000,3,0,FRE_0,EVE_1
273,28,EMP_1,GRA_1,550000,3,0,FRE_0,EVE_0
274,25,EMP_1,GRA_0,1700000,3,0,FRE_1,EVE_0
275,31,EMP_1,GRA_0,1250000,4,0,FRE_0,EVE_0
276,28,EMP_1,GRA_0,700000,5,0,FRE_0,EVE_0
277,34,EMP_1,GRA_0,700000,6,0,FRE_1,EVE_1
278,34,EMP_1,GRA_0,1000000,5,0,FRE_0,EVE_0
279,29,EMP_1,GRA_0,600000,3,1,FRE_0,EVE_0
280,31,EMP_0,GRA_0,1200000,4,0,FRE_0,EVE_0
281,27,EMP_1,GRA_1,800000,6,0,FRE_0,EVE_0
282,31,EMP_0,GRA_0,400000,6,0,FRE_0,EVE_0
283,28,EMP_1,GRA_0,500000,6,1,FRE_0,EVE_0
284,33,EMP_0,GRA_0,700000,3,0,FRE_0,EVE_0
285,28,EMP_0,GRA_1,300000,6,0,FRE_0,EVE_0
286,25,EMP_1,GRA_0,1400000,6,0,FRE_0,EVE_1
287,33,EMP_1,GRA_0,550000,7,1,FRE_1,EVE_0
288,26,EMP_1,GRA_0,1250000,3,0,FRE_0,EVE_0
289,30,EMP_1,GRA_1,800000,4,0,FRE_0,EVE_0
290,34,EMP_1,GRA_1,950000,3,0,FRE_0,EVE_0
291,28,EMP_1,GRA_1,550000,4,0,FRE_0,EVE_0
292,29,EMP_1,GRA_0,1100000,3,0,FRE_0,EVE_0
293,34,EMP_1,GRA_0,1000000,6,0,FRE_1,EVE_1
294,28,EMP_1,GRA_0,1100000,2,0,FRE_0,EVE_0
295,26,EMP_1,GRA_0,1400000,7,1,FRE_1,EVE_1
296,31,EMP_0,GRA_1,400000,4,0,FRE_0,EVE_0
297,28,EMP_0,GRA_0,300000,6,1,FRE_0,EVE_0
298,29,EMP_1,GRA_0,500000,6,0,FRE_0,EVE_0
299,30,EMP_1,GRA_1,500000,3,0,FRE_0,EVE_0
300,29,EMP_1,GRA_0,600000,8,1,FRE_0,EVE_0
301,29,EMP_1,GRA_0,1350000,4,0,FRE_0,EVE_1
302,28,EMP_0,GRA_1,300000,4,0,FRE_0,EVE_0
303,28,EMP_1,GRA_0,1100000,4,0,FRE_0,EVE_0
304,34,EMP_1,GRA_0,1050000,4,1,FRE_0,EVE_0
305,28,EMP_1,GRA_0,500000,5,1,FRE_0,EVE_0
306,34,EMP_1,GRA_1,1300000,5,0,FRE_0,EVE_0
307,28,EMP_1,GRA_0,1150000,6,0,FRE_0,EVE_0
308,28,EMP_1,GRA_0,800000,2,1,FRE_0,EVE_0
309,33,EMP_0,GRA_0,1100000,8,0,FRE_0,EVE_0
310,26,EMP_1,GRA_0,1400000,6,0,FRE_0,EVE_1
311,27,EMP_0,GRA_0,1050000,6,1,FRE_0,EVE_0
312,30,EMP_1,GRA_1,650000,5,0,FRE_0,EVE_0
313,34,EMP_1,GRA_0,700000,7,0,FRE_0,EVE_0
314,32,EMP_0,GRA_0,350000,5,0,FRE_0,EVE_0
315,28,EMP_1,GRA_0,700000,8,1,FRE_1,EVE_0
316,28,EMP_1,GRA_0,1100000,3,0,FRE_0,EVE_0
317,34,EMP_1,GRA_0,1000000,3,0,FRE_0,EVE_0
318,34,EMP_1,GRA_0,1300000,3,0,FRE_0,EVE_0
319,31,EMP_0,GRA_0,1200000,6,0,FRE_0,EVE_0
320,33,EMP_0,GRA_0,400000,4,0,FRE_0,EVE_0
321,28,EMP_1,GRA_0,1150000,3,0,FRE_0,EVE_0
322,34,EMP_1,GRA_0,700000,2,0,FRE_0,EVE_0
323,28,EMP_1,GRA_1,550000,4,0,FRE_0,EVE_0
324,28,EMP_1,GRA_0,1200000,5,0,FRE_0,EVE_0
325,29,EMP_1,GRA_0,1200000,4,0,FRE_0,EVE_0
326,34,EMP_1,GRA_0,1050000,5,0,FRE_0,EVE_0
327,35,EMP_0,GRA_0,1100000,2,1,FRE_0,EVE_0
328,34,EMP_1,GRA_0,700000,5,0,FRE_0,EVE_0
329,26,EMP_0,GRA_0,500000,6,1,FRE_0,EVE_0
330,27,EMP_0,GRA_0,500000,4,0,FRE_0,EVE_0
331,32,EMP_0,GRA_0,350000,3,0,FRE_0,EVE_0
332,27,EMP_0,GRA_0,500000,3,1,FRE_0,EVE_0
333,33,EMP_1,GRA_0,1400000,5,1,FRE_1,EVE_1
334,33,EMP_1,GRA_0,750000,7,1,FRE_0,EVE_0
335,28,EMP_0,GRA_0,1200000,3,0,FRE_0,EVE_0
336,27,EMP_0,GRA_0,1050000,5,1,FRE_0,EVE_0
337,33,EMP_1,GRA_0,750000,4,0,FRE_0,EVE_0
338,28,EMP_1,GRA_0,700000,5,0,FRE_1,EVE_0
339,33,EMP_0,GRA_0,1000000,3,0,FRE_0,EVE_1
340,34,EMP_1,GRA_0,850000,4,0,FRE_0,EVE_1
341,26,EMP_0,GRA_0,550000,5,0,FRE_0,EVE_0
342,34,EMP_1,GRA_0,1000000,4,0,FRE_0,EVE_0
343,33,EMP_1,GRA_0,750000,3,1,FRE_0,EVE_0
344,28,EMP_1,GRA_0,1150000,4,0,FRE_0,EVE_0
345,28,EMP_1,GRA_0,550000,9,0,FRE_0,EVE_0
346,26,EMP_1,GRA_0,600000,6,1,FRE_0,EVE_0
347,31,EMP_1,GRA_0,950000,5,0,FRE_0,EVE_0
348,28,EMP_0,GRA_0,300000,5,0,FRE_0,EVE_0
349,33,EMP_1,GRA_0,550000,8,0,FRE_0,EVE_0
350,28,EMP_1,GRA_0,1300000,6,0,FRE_0,EVE_0
351,28,EMP_0,GRA_0,300000,5,1,FRE_0,EVE_0
352,30,EMP_1,GRA_1,800000,9,0,FRE_0,EVE_0
353,35,EMP_1,GRA_1,800000,4,0,FRE_0,EVE_0
354,28,EMP_1,GRA_0,1300000,6,0,FRE_0,EVE_0
355,28,EMP_1,GRA_0,750000,2,0,FRE_0,EVE_0
356,27,EMP_0,GRA_0,1050000,7,0,FRE_0,EVE_0
357,31,EMP_1,GRA_0,500000,8,0,FRE_0,EVE_0
358,29,EMP_1,GRA_0,1050000,5,1,FRE_0,EVE_1
359,26,EMP_1,GRA_0,1500000,5,1,FRE_1,EVE_1
360,33,EMP_0,GRA_0,1000000,5,0,FRE_0,EVE_1
361,34,EMP_1,GRA_0,700000,5,0,FRE_1,EVE_0
362,26,EMP_1,GRA_0,1500000,5,1,FRE_1,EVE_1
363,28,EMP_1,GRA_0,800000,6,0,FRE_0,EVE_1
364,25,EMP_1,GRA_1,1150000,4,0,FRE_1,EVE_0
365,31,EMP_0,GRA_1,1750000,2,0,FRE_0,EVE_0
366,34,EMP_1,GRA_0,500000,5,0,FRE_0,EVE_0
367,26,EMP_1,GRA_0,1400000,4,1,FRE_0,EVE_1
368,35,EMP_1,GRA_1,800000,4,0,FRE_0,EVE_0
369,28,EMP_1,GRA_0,550000,4,0,FRE_0,EVE_0
370,31,EMP_1,GRA_0,500000,4,1,FRE_0,EVE_0
371,27,EMP_0,GRA_0,750000,5,0,FRE_0,EVE_0
372,30,EMP_1,GRA_1,550000,3,0,FRE_0,EVE_0
373,31,EMP_1,GRA_0,1350000,9,1,FRE_0,EVE_1
374,33,EMP_1,GRA_0,1500000,4,0,FRE_1,EVE_1
375,27,EMP_0,GRA_0,1050000,5,0,FRE_1,EVE_0
376,32,EMP_0,GRA_0,800000,6,0,FRE_0,EVE_0
377,28,EMP_1,GRA_0,800000,5,0,FRE_1,EVE_0
378,26,EMP_1,GRA_0,600000,7,1,FRE_0,EVE_0
379,25,EMP_1,GRA_0,1700000,3,0,FRE_1,EVE_0
380,29,EMP_1,GRA_0,500000,6,0,FRE_0,EVE_0
381,30,EMP_1,GRA_1,650000,6,0,FRE_1,EVE_0
382,31,EMP_1,GRA_0,1350000,3,0,FRE_1,EVE_1
383,28,EMP_0,GRA_0,300000,3,0,FRE_0,EVE_0
384,27,EMP_0,GRA_0,850000,6,0,FRE_0,EVE_0
385,34,EMP_1,GRA_0,1050000,5,0,FRE_0,EVE_0
386,33,EMP_1,GRA_0,1500000,3,1,FRE_1,EVE_1
387,34,EMP_0,GRA_0,1300000,4,0,FRE_0,EVE_0
388,28,EMP_1,GRA_0,800000,3,0,FRE_0,EVE_0
389,29,EMP_1,GRA_0,1200000,8,0,FRE_0,EVE_0
390,33,EMP_0,GRA_0,400000,3,0,FRE_0,EVE_0
391,28,EMP_0,GRA_0,300000,4,0,FRE_0,EVE_0
392,33,EMP_0,GRA_0,400000,6,0,FRE_0,EVE_0
393,34,EMP_1,GRA_0,1050000,8,0,FRE_0,EVE_0
394,30,EMP_1,GRA_1,800000,3,0,FRE_0,EVE_0
395,34,EMP_1,GRA_0,1000000,6,1,FRE_0,EVE_0
396,28,EMP_0,GRA_0,600000,2,0,FRE_1,EVE_0
397,27,EMP_0,GRA_0,850000,5,1,FRE_0,EVE_0
398,28,EMP_1,GRA_0,1100000,7,0,FRE_0,EVE_0
399,33,EMP_0,GRA_0,700000,8,0,FRE_0,EVE_0
400,34,EMP_1,GRA_0,1500000,6,1,FRE_1,EVE_1
401,33,EMP_0,GRA_0,400000,4,0,FRE_0,EVE_0
402,25,EMP_1,GRA_0,1400000,5,0,FRE_0,EVE_1
403,28,EMP_1,GRA_0,1250000,4,0,FRE_0,EVE_0
404,28,EMP_1,GRA_0,1250000,7,0,FRE_0,EVE_0
405,33,EMP_0,GRA_0,1100000,4,0,FRE_0,EVE_0
406,32,EMP_0,GRA_0,800000,4,0,FRE_1,EVE_1
407,27,EMP_0,GRA_0,500000,3,1,FRE_0,EVE_0
408,26,EMP_1,GRA_0,600000,4,1,FRE_0,EVE_0
409,28,EMP_1,GRA_0,900000,2,0,FRE_1,EVE_0
410,28,EMP_0,GRA_0,300000,6,1,FRE_0,EVE_0
411,28,EMP_1,GRA_0,550000,7,0,FRE_0,EVE_0
412,25,EMP_1,GRA_1,1150000,6,0,FRE_0,EVE_0
413,33,EMP_1,GRA_0,550000,5,0,FRE_0,EVE_0
414,30,EMP_1,GRA_1,800000,3,0,FRE_0,EVE_0
415,26,EMP_0,GRA_0,500000,5,0,FRE_0,EVE_0
416,31,EMP_0,GRA_0,400000,7,0,FRE_0,EVE_0
417,30,EMP_1,GRA_1,650000,4,0,FRE_0,EVE_0
418,26,EMP_1,GRA_0,1500000,5,0,FRE_1,EVE_1
419,32,EMP_0,GRA_0,800000,6,0,FRE_1,EVE_0
420,29,EMP_1,GRA_0,1050000,7,0,FRE_0,EVE_0
421,28,EMP_1,GRA_0,1150000,5,0,FRE_0,EVE_0
422,26,EMP_1,GRA_0,1400000,4,0,FRE_0,EVE_1
423,26,EMP_1,GRA_0,1400000,5,0,FRE_0,EVE_1
424,32,EMP_0,GRA_0,800000,6,1,FRE_0,EVE_0
425,27,EMP_1,GRA_1,800000,7,0,FRE_0,EVE_0
426,31,EMP_1,GRA_0,1350000,3,0,FRE_1,EVE_1
427,27,EMP_0,GRA_0,500000,3,1,FRE_0,EVE_0
428,25,EMP_0,GRA_0,750000,3,0,FRE_0,EVE_0
429,28,EMP_0,GRA_0,300000,5,1,FRE_0,EVE_0
430,28,EMP_0,GRA_1,300000,6,1,FRE_0,EVE_0
431,33,EMP_0,GRA_0,1100000,4,0,FRE_0,EVE_0
432,27,EMP_1,GRA_1,450000,4,0,FRE_0,EVE_0
433,27,EMP_1,GRA_1,1550000,7,0,FRE_1,EVE_0
434,26,EMP_1,GRA_0,450000,6,0,FRE_0,EVE_0
435,31,EMP_0,GRA_1,300000,3,0,FRE_0,EVE_0
436,27,EMP_0,GRA_0,1050000,4,1,FRE_0,EVE_0
437,26,EMP_1,GRA_0,450000,5,1,FRE_0,EVE_0
438,26,EMP_0,GRA_0,1450000,5,0,FRE_1,EVE_1
439,31,EMP_0,GRA_0,400000,4,0,FRE_0,EVE_0
440,32,EMP_0,GRA_0,900000,5,0,FRE_0,EVE_0
441,34,EMP_1,GRA_0,1500000,6,0,FRE_1,EVE_1
442,28,EMP_1,GRA_0,1200000,3,0,FRE_0,EVE_0
443,29,EMP_1,GRA_0,1350000,4,0,FRE_0,EVE_1
444,29,EMP_1,GRA_0,1200000,9,0,FRE_0,EVE_0
445,33,EMP_0,GRA_0,700000,2,0,FRE_0,EVE_0
446,34,EMP_1,GRA_0,1500000,3,0,FRE_1,EVE_1
447,31,EMP_0,GRA_0,400000,5,0,FRE_0,EVE_0
448,28,EMP_1,GRA_0,500000,3,0,FRE_0,EVE_0
449,31,EMP_0,GRA_0,1300000,4,0,FRE_0,EVE_0
450,28,EMP_1,GRA_0,800000,5,1,FRE_0,EVE_0
451,28,EMP_1,GRA_0,1100000,4,0,FRE_1,EVE_0
452,32,EMP_0,GRA_0,850000,3,0,FRE_0,EVE_0
453,34,EMP_1,GRA_0,1500000,4,1,FRE_1,EVE_1
454,28,EMP_1,GRA_0,1200000,3,0,FRE_0,EVE_0
455,34,EMP_1,GRA_0,500000,4,0,FRE_0,EVE_0
456,26,EMP_1,GRA_0,1400000,4,0,FRE_0,EVE_1
457,28,EMP_0,GRA_0,300000,7,1,FRE_0,EVE_0
458,31,EMP_1,GRA_0,1350000,3,0,FRE_0,EVE_1
459,31,EMP_0,GRA_1,300000,3,0,FRE_0,EVE_0
460,25,EMP_1,GRA_0,1400000,3,0,FRE_0,EVE_1
461,34,EMP_1,GRA_0,1500000,4,0,FRE_1,EVE_1
462,34,EMP_1,GRA_0,500000,3,0,FRE_0,EVE_0
463,28,EMP_1,GRA_0,600000,3,0,FRE_0,EVE_0
464,25,EMP_1,GRA_1,1150000,3,0,FRE_1,EVE_0
465,30,EMP_1,GRA_1,550000,4,0,FRE_0,EVE_0
466,31,EMP_1,GRA_0,1250000,9,1,FRE_0,EVE_0
467,33,EMP_1,GRA_0,1400000,3,0,FRE_0,EVE_1
468,33,EMP_1,GRA_0,1500000,7,0,FRE_1,EVE_1
469,25,EMP_1,GRA_1,1350000,6,0,FRE_0,EVE_1
470,28,EMP_1,GRA_0,700000,4,0,FRE_0,EVE_0
471,29,EMP_1,GRA_0,1100000,5,0,FRE_1,EVE_0
472,28,EMP_0,GRA_0,300000,4,0,FRE_0,EVE_0
473,32,EMP_0,GRA_0,650000,4,0,FRE_0,EVE_0
474,31,EMP_1,GRA_0,500000,3,1,FRE_0,EVE_0
475,27,EMP_0,GRA_0,500000,4,0,FRE_0,EVE_0
476,35,EMP_1,GRA_1,800000,3,0,FRE_0,EVE_0
477,31,EMP_0,GRA_0,400000,6,0,FRE_0,EVE_0
478,28,EMP_1,GRA_0,1350000,3,0,FRE_0,EVE_1
479,25,EMP_1,GRA_0,1400000,5,1,FRE_1,EVE_1
480,25,EMP_0,GRA_0,750000,4,0,FRE_0,EVE_0
481,26,EMP_1,GRA_0,750000,4,1,FRE_0,EVE_0
482,31,EMP_1,GRA_0,1100000,3,0,FRE_0,EVE_0
483,35,EMP_1,GRA_1,800000,4,0,FRE_0,EVE_0
484,27,EMP_1,GRA_1,450000,3,0,FRE_0,EVE_0
485,28,EMP_0,GRA_0,300000,5,0,FRE_0,EVE_0
486,28,EMP_1,GRA_0,1100000,4,1,FRE_0,EVE_0
487,29,EMP_1,GRA_0,1150000,4,1,FRE_0,EVE_1
488,28,EMP_1,GRA_0,1450000,4,0,FRE_1,EVE_1
489,30,EMP_1,GRA_1,800000,5,0,FRE_0,EVE_0
490,34,EMP_0,GRA_0,1300000,5,1,FRE_0,EVE_1
491,33,EMP_1,GRA_0,1500000,3,0,FRE_1,EVE_1
492,29,EMP_1,GRA_0,1350000,4,0,FRE_1,EVE_1
493,29,EMP_1,GRA_0,900000,7,0,FRE_1,EVE_0
494,28,EMP_0,GRA_0,600000,7,0,FRE_0,EVE_0
495,26,EMP_0,GRA_0,500000,3,0,FRE_0,EVE_0
496,29,EMP_1,GRA_0,1350000,5,0,FRE_0,EVE_1
497,32,EMP_0,GRA_0,350000,5,0,FRE_0,EVE_0
498,34,EMP_1,GRA_0,500000,7,0,FRE_0,EVE_0
499,29,EMP_1,GRA_0,500000,8,0,FRE_0,EVE_0
500,27,EMP_1,GRA_1,450000,3,0,FRE_0,EVE_0
501,27,EMP_0,GRA_0,750000,5,0,FRE_0,EVE_0
502,33,EMP_0,GRA_0,700000,3,1,FRE_0,EVE_0
503,31,EMP_1,GRA_0,1400000,6,0,FRE_0,EVE_1
504,31,EMP_1,GRA_0,1400000,4,1,FRE_0,EVE_1
505,34,EMP_1,GRA_0,500000,4,0,FRE_0,EVE_0
506,31,EMP_1,GRA_0,950000,3,0,FRE_1,EVE_0
507,33,EMP_1,GRA_0,1400000,5,0,FRE_0,EVE_1
508,28,EMP_1,GRA_0,750000,6,1,FRE_0,EVE_0
509,28,EMP_1,GRA_0,1150000,3,0,FRE_0,EVE_0
510,28,EMP_1,GRA_0,750000,3,0,FRE_0,EVE_0
511,29,EMP_1,GRA_0,1100000,8,0,FRE_0,EVE_0
512,31,EMP_0,GRA_0,400000,6,0,FRE_0,EVE_0
513,25,EMP_1,GRA_1,1150000,5,0,FRE_1,EVE_0
514,28,EMP_1,GRA_0,1100000,3,0,FRE_0,EVE_0
515,26,EMP_1,GRA_0,1400000,5,0,FRE_0,EVE_1
516,25,EMP_1,GRA_0,1400000,4,0,FRE_1,EVE_1
517,31,EMP_1,GRA_0,500000,6,0,FRE_0,EVE_0
518,28,EMP_1,GRA_0,500000,5,1,FRE_0,EVE_0
519,28,EMP_1,GRA_0,800000,3,1,FRE_0,EVE_0
520,29,EMP_1,GRA_0,350000,4,0,FRE_0,EVE_0
521,35,EMP_1,GRA_1,800000,6,0,FRE_0,EVE_0
522,26,EMP_1,GRA_0,1500000,3,0,FRE_1,EVE_1
523,28,EMP_1,GRA_0,550000,3,0,FRE_0,EVE_0
524,29,EMP_1,GRA_0,1100000,5,0,FRE_1,EVE_0
525,28,EMP_1,GRA_0,700000,4,0,FRE_0,EVE_0
526,32,EMP_0,GRA_0,850000,3,0,FRE_1,EVE_0
527,28,EMP_1,GRA_0,700000,2,1,FRE_0,EVE_0
528,28,EMP_1,GRA_0,750000,3,0,FRE_0,EVE_0
529,29,EMP_1,GRA_0,900000,9,1,FRE_0,EVE_0
530,34,EMP_1,GRA_1,1300000,5,1,FRE_0,EVE_0
531,28,EMP_1,GRA_0,700000,4,0,FRE_0,EVE_0
532,33,EMP_1,GRA_0,1400000,4,0,FRE_0,EVE_1
533,25,EMP_1,GRA_1,1150000,7,0,FRE_0,EVE_0
534,25,EMP_1,GRA_0,1400000,3,1,FRE_1,EVE_1
535,27,EMP_1,GRA_1,450000,5,0,FRE_0,EVE_0
536,25,EMP_1,GRA_0,1400000,3,0,FRE_1,EVE_1
537,33,EMP_0,GRA_0,1100000,5,0,FRE_0,EVE_0
538,28,EMP_0,GRA_0,1200000,3,0,FRE_0,EVE_0
539,29,EMP_1,GRA_0,1200000,5,1,FRE_0,EVE_0
540,31,EMP_1,GRA_0,1350000,6,1,FRE_0,EVE_1
541,32,EMP_0,GRA_0,350000,3,0,FRE_0,EVE_0
542,31,EMP_1,GRA_0,1100000,4,1,FRE_0,EVE_0
543,31,EMP_1,GRA_0,1350000,8,0,FRE_0,EVE_1
544,29,EMP_1,GRA_0,1050000,6,0,FRE_0,EVE_0
545,28,EMP_1,GRA_0,1200000,5,1,FRE_1,EVE_0
546,29,EMP_1,GRA_0,1200000,4,0,FRE_0,EVE_0
547,29,EMP_1,GRA_0,900000,4,0,FRE_1,EVE_0
548,28,EMP_1,GRA_1,550000,5,0,FRE_0,EVE_0
549,32,EMP_0,GRA_0,350000,5,0,FRE_0,EVE_0
550,28,EMP_1,GRA_0,550000,5,1,FRE_0,EVE_0
551,29,EMP_1,GRA_0,1050000,6,0,FRE_0,EVE_0
552,34,EMP_1,GRA_0,850000,5,0,FRE_0,EVE_0
553,34,EMP_1,GRA_0,500000,3,0,FRE_0,EVE_0
554,34,EMP_1,GRA_0,700000,5,0,FRE_0,EVE_0
555,28,EMP_0,GRA_0,300000,4,0,FRE_0,EVE_0
556,33,EMP_0,GRA_0,800000,4,0,FRE_0,EVE_0
557,32,EMP_0,GRA_0,900000,4,0,FRE_1,EVE_0
558,28,EMP_0,GRA_0,600000,4,1,FRE_0,EVE_0
559,27,EMP_1,GRA_1,450000,7,0,FRE_0,EVE_0
560,28,EMP_1,GRA_0,1200000,5,1,FRE_0,EVE_0
561,26,EMP_1,GRA_0,1400000,9,0,FRE_0,EVE_1
562,34,EMP_1,GRA_0,1500000,4,1,FRE_1,EVE_1
563,34,EMP_1,GRA_0,1500000,5,0,FRE_1,EVE_1
564,28,EMP_1,GRA_0,1100000,6,0,FRE_0,EVE_0
565,32,EMP_0,GRA_0,900000,2,0,FRE_1,EVE_0
566,33,EMP_0,GRA_0,650000,9,1,FRE_0,EVE_0
567,26,EMP_1,GRA_0,1400000,4,1,FRE_0,EVE_1
568,25,EMP_0,GRA_0,750000,5,0,FRE_0,EVE_0
569,28,EMP_1,GRA_0,1450000,4,0,FRE_1,EVE_1
570,27,EMP_0,GRA_0,750000,5,0,FRE_0,EVE_0
571,31,EMP_0,GRA_0,1500000,6,0,FRE_1,EVE_1
572,35,EMP_1,GRA_1,950000,6,0,FRE_1,EVE_0
573,28,EMP_1,GRA_0,1100000,5,1,FRE_0,EVE_0
574,27,EMP_0,GRA_0,500000,4,0,FRE_0,EVE_0
575,26,EMP_0,GRA_0,500000,4,0,FRE_0,EVE_0
576,25,EMP_1,GRA_0,1400000,4,0,FRE_0,EVE_1
577,34,EMP_0,GRA_0,1300000,4,0,FRE_0,EVE_0
578,34,EMP_1,GRA_0,850000,2,0,FRE_0,EVE_0
579,32,EMP_0,GRA_0,350000,5,0,FRE_0,EVE_0
580,29,EMP_1,GRA_0,1050000,5,0,FRE_0,EVE_0
581,28,EMP_1,GRA_0,1200000,3,0,FRE_0,EVE_0
582,31,EMP_1,GRA_0,900000,5,1,FRE_0,EVE_0
583,28,EMP_1,GRA_0,750000,5,1,FRE_0,EVE_0
584,29,EMP_1,GRA_0,1050000,6,1,FRE_0,EVE_1
585,28,EMP_1,GRA_0,700000,4,1,FRE_0,EVE_0
586,29,EMP_1,GRA_0,1200000,7,0,FRE_0,EVE_1
587,26,EMP_1,GRA_0,600000,4,0,FRE_1,EVE_0
588,25,EMP_1,GRA_0,1700000,4,0,FRE_1,EVE_0
589,35,EMP_1,GRA_1,800000,4,0,FRE_0,EVE_0
590,29,EMP_1,GRA_0,1200000,7,1,FRE_0,EVE_0
591,29,EMP_1,GRA_0,1200000,8,1,FRE_0,EVE_0
592,28,EMP_1,GRA_0,1150000,7,1,FRE_0,EVE_0
593,28,EMP_0,GRA_0,600000,7,0,FRE_0,EVE_0
594,28,EMP_0,GRA_0,300000,5,0,FRE_0,EVE_0
595,26,EMP_1,GRA_0,600000,5,1,FRE_0,EVE_0
596,26,EMP_1,GRA_0,1500000,6,0,FRE_1,EVE_1
597,26,EMP_0,GRA_0,500000,7,1,FRE_0,EVE_0
598,28,EMP_1,GRA_0,1100000,6,0,FRE_1,EVE_0
599,25,EMP_1,GRA_1,1150000,5,1,FRE_0,EVE_0
600,31,EMP_1,GRA_0,1250000,3,0,FRE_0,EVE_0
601,28,EMP_0,GRA_1,300000,5,0,FRE_0,EVE_0
602,35,EMP_1,GRA_1,800000,7,1,FRE_0,EVE_0
603,29,EMP_1,GRA_0,1200000,3,1,FRE_0,EVE_0
604,34,EMP_1,GRA_1,1300000,3,0,FRE_0,EVE_0
605,34,EMP_1,GRA_0,850000,4,0,FRE_0,EVE_0
606,34,EMP_1,GRA_0,1000000,4,0,FRE_0,EVE_0
607,27,EMP_1,GRA_1,450000,3,0,FRE_0,EVE_0
608,28,EMP_0,GRA_0,600000,3,0,FRE_0,EVE_0
609,29,EMP_1,GRA_0,1200000,4,0,FRE_0,EVE_0
610,34,EMP_0,GRA_0,1300000,3,0,FRE_0,EVE_0
611,27,EMP_0,GRA_0,1050000,3,0,FRE_0,EVE_0
612,34,EMP_1,GRA_0,1000000,5,0,FRE_0,EVE_0
613,32,EMP_0,GRA_0,350000,5,1,FRE_0,EVE_0
614,34,EMP_1,GRA_0,1500000,5,0,FRE_1,EVE_1
615,28,EMP_1,GRA_0,700000,7,0,FRE_0,EVE_0
616,29,EMP_1,GRA_0,1100000,2,0,FRE_0,EVE_0
617,34,EMP_1,GRA_0,700000,7,1,FRE_0,EVE_0
618,31,EMP_1,GRA_0,1100000,4,0,FRE_1,EVE_0
619,29,EMP_1,GRA_0,600000,4,1,FRE_1,EVE_0
620,26,EMP_1,GRA_0,1500000,6,0,FRE_1,EVE_1
621,26,EMP_1,GRA_0,500000,8,0,FRE_0,EVE_0
622,34,EMP_1,GRA_0,1050000,6,0,FRE_0,EVE_0
623,26,EMP_1,GRA_0,500000,9,0,FRE_0,EVE_0
624,33,EMP_0,GRA_0,400000,4,0,FRE_0,EVE_0
625,33,EMP_0,GRA_0,1000000,5,0,FRE_0,EVE_0
626,28,EMP_1,GRA_0,1150000,4,0,FRE_0,EVE_0
627,25,EMP_1,GRA_0,1700000,3,0,FRE_1,EVE_0
628,35,EMP_1,GRA_1,600000,9,0,FRE_0,EVE_0
629,35,EMP_1,GRA_1,800000,2,0,FRE_0,EVE_1
630,31,EMP_0,GRA_0,1300000,3,0,FRE_0,EVE_1
631,31,EMP_0,GRA_0,1300000,5,0,FRE_0,EVE_0
632,31,EMP_1,GRA_0,1350000,3,1,FRE_0,EVE_1
633,28,EMP_0,GRA_0,300000,8,0,FRE_0,EVE_0
634,31,EMP_0,GRA_1,300000,3,1,FRE_0,EVE_0
635,25,EMP_1,GRA_0,1400000,3,0,FRE_0,EVE_1
636,28,EMP_1,GRA_0,750000,6,0,FRE_1,EVE_0
637,35,EMP_0,GRA_0,900000,6,1,FRE_0,EVE_0
638,31,EMP_1,GRA_0,1100000,3,1,FRE_1,EVE_0
639,32,EMP_0,GRA_0,800000,4,0,FRE_0,EVE_0
640,34,EMP_1,GRA_1,1300000,6,0,FRE_1,EVE_0
641,26,EMP_1,GRA_0,600000,6,1,FRE_0,EVE_0
642,31,EMP_1,GRA_0,1250000,4,0,FRE_1,EVE_1
643,29,EMP_1,GRA_0,600000,4,0,FRE_0,EVE_0
644,33,EMP_0,GRA_0,400000,7,1,FRE_0,EVE_0
645,33,EMP_0,GRA_0,700000,7,0,FRE_0,EVE_0
646,26,EMP_0,GRA_0,550000,4,0,FRE_0,EVE_0
647,31,EMP_1,GRA_0,1100000,5,0,FRE_1,EVE_0
648,35,EMP_1,GRA_1,800000,3,1,FRE_0,EVE_0
649,34,EMP_1,GRA_0,1000000,4,0,FRE_0,EVE_0
650,34,EMP_1,GRA_0,500000,6,0,FRE_0,EVE_0
651,28,EMP_1,GRA_0,1100000,4,1,FRE_0,EVE_0
652,28,EMP_1,GRA_0,550000,4,0,FRE_0,EVE_0
653,28,EMP_1,GRA_0,1100000,4,0,FRE_0,EVE_0
654,27,EMP_0,GRA_0,1050000,7,1,FRE_0,EVE_0
655,25,EMP_0,GRA_0,750000,6,0,FRE_0,EVE_0
656,33,EMP_0,GRA_0,650000,5,1,FRE_0,EVE_0
657,31,EMP_0,GRA_1,300000,4,0,FRE_0,EVE_0
658,26,EMP_1,GRA_0,1400000,9,1,FRE_0,EVE_1
659,28,EMP_1,GRA_0,800000,9,0,FRE_0,EVE_0
660,26,EMP_1,GRA_0,500000,5,1,FRE_0,EVE_0
661,27,EMP_0,GRA_0,1050000,6,1,FRE_0,EVE_0
662,28,EMP_1,GRA_0,1100000,4,0,FRE_0,EVE_0
663,31,EMP_0,GRA_0,1300000,4,0,FRE_0,EVE_0
664,34,EMP_1,GRA_0,700000,3,0,FRE_0,EVE_0
665,35,EMP_1,GRA_1,950000,9,0,FRE_0,EVE_0
666,33,EMP_0,GRA_0,1750000,6,0,FRE_0,EVE_0
667,27,EMP_1,GRA_1,350000,5,1,FRE_0,EVE_0
668,33,EMP_0,GRA_0,1100000,2,1,FRE_0,EVE_1
669,33,EMP_1,GRA_0,1400000,5,0,FRE_0,EVE_1
670,31,EMP_1,GRA_0,1350000,5,0,FRE_0,EVE_1
671,26,EMP_1,GRA_0,600000,5,0,FRE_0,EVE_0
672,32,EMP_0,GRA_0,900000,4,0,FRE_0,EVE_0
673,34,EMP_0,GRA_0,1300000,2,0,FRE_0,EVE_0
674,26,EMP_1,GRA_0,600000,3,0,FRE_0,EVE_0
675,28,EMP_0,GRA_0,1100000,6,1,FRE_0,EVE_0
676,30,EMP_1,GRA_1,550000,5,0,FRE_0,EVE_0
677,26,EMP_1,GRA_0,1400000,3,0,FRE_0,EVE_1
678,28,EMP_1,GRA_0,1450000,5,0,FRE_1,EVE_1
679,34,EMP_1,GRA_0,1500000,9,0,FRE_1,EVE_1
680,34,EMP_1,GRA_0,1500000,5,0,FRE_1,EVE_1
681,27,EMP_0,GRA_0,900000,4,0,FRE_0,EVE_0
682,26,EMP_0,GRA_0,1450000,3,0,FRE_1,EVE_1
683,34,EMP_1,GRA_0,1500000,3,0,FRE_1,EVE_1
684,25,EMP_1,GRA_1,600000,4,0,FRE_1,EVE_0
685,28,EMP_1,GRA_0,1250000,5,0,FRE_0,EVE_0
686,26,EMP_0,GRA_0,500000,8,0,FRE_0,EVE_0
687,29,EMP_1,GRA_0,1200000,4,0,FRE_0,EVE_0
688,25,EMP_1,GRA_1,1700000,5,0,FRE_1,EVE_0
689,29,EMP_1,GRA_0,600000,6,0,FRE_0,EVE_0
690,26,EMP_1,GRA_0,1750000,3,0,FRE_0,EVE_0
691,33,EMP_0,GRA_0,1100000,4,0,FRE_0,EVE_0
692,34,EMP_1,GRA_0,500000,7,1,FRE_0,EVE_0
693,33,EMP_1,GRA_0,1400000,4,0,FRE_0,EVE_1
694,28,EMP_1,GRA_0,1200000,4,0,FRE_0,EVE_0
695,34,EMP_0,GRA_0,1100000,4,0,FRE_0,EVE_0
696,31,EMP_0,GRA_1,400000,3,0,FRE_0,EVE_0
697,28,EMP_1,GRA_0,800000,3,0,FRE_0,EVE_0
698,28,EMP_1,GRA_0,900000,4,1,FRE_0,EVE_0
699,33,EMP_1,GRA_0,1500000,5,1,FRE_1,EVE_1
700,28,EMP_1,GRA_0,750000,4,0,FRE_1,EVE_0
701,28,EMP_1,GRA_0,1250000,7,0,FRE_0,EVE_0
702,26,EMP_1,GRA_0,600000,4,1,FRE_0,EVE_0
703,28,EMP_0,GRA_0,1200000,5,1,FRE_0,EVE_0
704,29,EMP_1,GRA_0,500000,3,0,FRE_0,EVE_0
705,25,EMP_1,GRA_0,1400000,5,0,FRE_1,EVE_1
706,28,EMP_1,GRA_0,1100000,7,1,FRE_0,EVE_0
707,31,EMP_1,GRA_0,1250000,6,0,FRE_0,EVE_0
708,29,EMP_1,GRA_0,900000,3,0,FRE_0,EVE_0
709,34,EMP_1,GRA_0,1300000,6,1,FRE_0,EVE_0
710,34,EMP_1,GRA_0,1300000,4,1,FRE_0,EVE_0
711,29,EMP_1,GRA_0,600000,4,1,FRE_0,EVE_0
712,27,EMP_0,GRA_0,850000,2,0,FRE_0,EVE_0
713,35,EMP_1,GRA_1,950000,5,1,FRE_0,EVE_0
714,27,EMP_0,GRA_0,500000,2,0,FRE_0,EVE_0
715,28,EMP_1,GRA_0,700000,5,1,FRE_0,EVE_0
716,28,EMP_0,GRA_0,600000,5,0,FRE_0,EVE_0
717,26,EMP_1,GRA_0,750000,5,1,FRE_0,EVE_0
718,27,EMP_0,GRA_0,500000,4,1,FRE_0,EVE_0
719,28,EMP_1,GRA_0,650000,5,0,FRE_1,EVE_0
720,26,EMP_0,GRA_0,500000,3,0,FRE_0,EVE_0
721,34,EMP_0,GRA_0,1300000,5,0,FRE_1,EVE_0
722,31,EMP_1,GRA_0,1250000,4,0,FRE_0,EVE_0
723,28,EMP_0,GRA_0,600000,8,0,FRE_0,EVE_0
724,35,EMP_0,GRA_0,1100000,5,0,FRE_0,EVE_0
725,28,EMP_1,GRA_0,800000,4,1,FRE_0,EVE_0
726,27,EMP_1,GRA_1,450000,4,0,FRE_0,EVE_0
727,28,EMP_1,GRA_0,1150000,3,1,FRE_0,EVE_0
728,31,EMP_1,GRA_0,1250000,4,0,FRE_0,EVE_0
729,28,EMP_0,GRA_0,300000,3,0,FRE_0,EVE_0
730,34,EMP_1,GRA_0,1500000,4,0,FRE_1,EVE_1
731,28,EMP_1,GRA_0,1300000,2,1,FRE_0,EVE_0
732,28,EMP_0,GRA_0,300000,6,0,FRE_0,EVE_0
733,34,EMP_1,GRA_0,700000,6,0,FRE_0,EVE_0
734,30,EMP_1,GRA_1,550000,5,1,FRE_0,EVE_0
735,33,EMP_1,GRA_0,1500000,5,0,FRE_1,EVE_1
736,34,EMP_1,GRA_0,1300000,4,0,FRE_0,EVE_0
737,26,EMP_1,GRA_0,1400000,3,1,FRE_0,EVE_1
738,31,EMP_0,GRA_0,400000,6,0,FRE_0,EVE_0
739,34,EMP_1,GRA_0,700000,4,1,FRE_1,EVE_0
740,30,EMP_1,GRA_1,550000,3,0,FRE_0,EVE_0
741,35,EMP_1,GRA_1,800000,6,0,FRE_0,EVE_0
742,28,EMP_1,GRA_0,800000,4,0,FRE_0,EVE_0
743,33,EMP_0,GRA_0,650000,5,0,FRE_1,EVE_0
744,30,EMP_1,GRA_1,550000,5,0,FRE_0,EVE_0
745,33,EMP_0,GRA_0,400000,5,1,FRE_0,EVE_0
746,28,EMP_1,GRA_0,500000,5,1,FRE_0,EVE_0
747,28,EMP_1,GRA_0,550000,5,0,FRE_0,EVE_0
748,28,EMP_1,GRA_0,1100000,8,0,FRE_0,EVE_0
749,33,EMP_0,GRA_0,1750000,4,0,FRE_0,EVE_0
750,34,EMP_1,GRA_0,1300000,7,0,FRE_0,EVE_0
751,28,EMP_0,GRA_0,300000,4,0,FRE_0,EVE_0
752,34,EMP_1,GRA_0,1000000,4,1,FRE_0,EVE_0
753,27,EMP_0,GRA_0,1050000,2,1,FRE_0,EVE_0
754,34,EMP_1,GRA_1,1300000,4,0,FRE_0,EVE_0
755,34,EMP_1,GRA_1,1400000,4,0,FRE_0,EVE_1
756,35,EMP_1,GRA_1,800000,4,0,FRE_0,EVE_0
757,28,EMP_1,GRA_0,800000,7,0,FRE_0,EVE_0
758,28,EMP_0,GRA_0,600000,7,1,FRE_0,EVE_0
759,32,EMP_0,GRA_0,350000,4,0,FRE_0,EVE_0
760,26,EMP_1,GRA_0,500000,6,0,FRE_0,EVE_0
761,34,EMP_1,GRA_0,1000000,4,0,FRE_0,EVE_0
762,32,EMP_0,GRA_0,800000,6,1,FRE_0,EVE_0
763,34,EMP_0,GRA_0,1300000,9,1,FRE_0,EVE_0
764,28,EMP_1,GRA_0,700000,4,1,FRE_0,EVE_0
765,28,EMP_0,GRA_0,600000,3,0,FRE_1,EVE_0
766,34,EMP_1,GRA_0,1300000,6,0,FRE_0,EVE_0
767,28,EMP_1,GRA_0,600000,6,0,FRE_0,EVE_0
768,29,EMP_1,GRA_0,1200000,4,0,FRE_0,EVE_0
769,34,EMP_1,GRA_0,700000,4,1,FRE_0,EVE_0
770,25,EMP_1,GRA_1,1700000,3,0,FRE_1,EVE_0
771,27,EMP_0,GRA_0,850000,5,0,FRE_0,EVE_0
772,25,EMP_1,GRA_1,1150000,3,1,FRE_0,EVE_1
773,33,EMP_1,GRA_0,750000,4,1,FRE_0,EVE_0
774,28,EMP_1,GRA_0,1250000,4,1,FRE_0,EVE_0
775,31,EMP_0,GRA_0,1300000,6,0,FRE_0,EVE_0
776,31,EMP_1,GRA_0,950000,7,0,FRE_1,EVE_0
777,34,EMP_1,GRA_0,1500000,4,0,FRE_1,EVE_1
778,31,EMP_0,GRA_0,400000,5,0,FRE_0,EVE_0
779,28,EMP_1,GRA_0,1100000,4,1,FRE_0,EVE_0
780,31,EMP_1,GRA_0,1250000,5,1,FRE_0,EVE_0
781,28,EMP_1,GRA_0,900000,4,0,FRE_1,EVE_0
782,28,EMP_1,GRA_0,1150000,5,0,FRE_0,EVE_0
783,32,EMP_0,GRA_0,350000,3,0,FRE_0,EVE_0
784,34,EMP_1,GRA_0,1050000,5,0,FRE_0,EVE_0
785,34,EMP_1,GRA_0,700000,5,1,FRE_0,EVE_1
786,25,EMP_1,GRA_1,1150000,3,0,FRE_0,EVE_0
787,34,EMP_1,GRA_0,1000000,4,1,FRE_0,EVE_0
788,28,EMP_1,GRA_0,1200000,3,0,FRE_0,EVE_0
789,32,EMP_0,GRA_0,850000,7,1,FRE_0,EVE_0
790,28,EMP_1,GRA_0,700000,4,0,FRE_0,EVE_0
791,32,EMP_0,GRA_0,650000,5,1,FRE_0,EVE_0
792,26,EMP_1,GRA_0,500000,5,1,FRE_0,EVE_0
793,26,EMP_1,GRA_0,1500000,3,0,FRE_1,EVE_1
794,28,EMP_1,GRA_0,800000,4,1,FRE_0,EVE_1
795,29,EMP_1,GRA_0,1200000,7,0,FRE_0,EVE_0
796,26,EMP_1,GRA_0,1400000,5,0,FRE_0,EVE_1
797,27,EMP_1,GRA_1,350000,4,0,FRE_0,EVE_0
798,31,EMP_0,GRA_1,300000,4,0,FRE_0,EVE_0
799,28,EMP_1,GRA_0,500000,4,1,FRE_0,EVE_0
800,29,EMP_1,GRA_0,900000,5,0,FRE_0,EVE_0
801,34,EMP_1,GRA_0,850000,3,1,FRE_0,EVE_1
802,26,EMP_1,GRA_0,500000,4,1,FRE_0,EVE_0
803,33,EMP_0,GRA_0,600000,7,0,FRE_0,EVE_0
804,27,EMP_1,GRA_1,350000,5,1,FRE_0,EVE_0
805,25,EMP_1,GRA_1,600000,4,0,FRE_1,EVE_0
806,28,EMP_1,GRA_0,1100000,4,0,FRE_0,EVE_0
807,32,EMP_0,GRA_0,900000,5,0,FRE_1,EVE_0
808,28,EMP_1,GRA_0,900000,3,0,FRE_0,EVE_0
809,25,EMP_1,GRA_1,1150000,3,0,FRE_0,EVE_0
810,28,EMP_1,GRA_0,1100000,4,0,FRE_0,EVE_0
811,34,EMP_1,GRA_0,1050000,5,0,FRE_0,EVE_0
812,30,EMP_1,GRA_1,550000,7,0,FRE_0,EVE_0
813,25,EMP_1,GRA_0,500000,4,1,FRE_0,EVE_0
814,34,EMP_1,GRA_0,1500000,5,0,FRE_1,EVE_1
815,28,EMP_1,GRA_0,800000,5,0,FRE_0,EVE_0
816,32,EMP_0,GRA_0,850000,3,0,FRE_0,EVE_0
817,28,EMP_1,GRA_0,1150000,3,0,FRE_1,EVE_0
818,26,EMP_1,GRA_0,500000,6,0,FRE_0,EVE_0
819,33,EMP_1,GRA_0,550000,5,0,FRE_1,EVE_0
820,34,EMP_1,GRA_0,1000000,4,0,FRE_0,EVE_0
821,34,EMP_1,GRA_0,1500000,5,1,FRE_1,EVE_1
822,28,EMP_1,GRA_0,750000,4,0,FRE_0,EVE_0
823,28,EMP_1,GRA_0,1200000,6,1,FRE_0,EVE_0
824,32,EMP_0,GRA_0,650000,3,0,FRE_0,EVE_0
825,34,EMP_1,GRA_1,1300000,4,0,FRE_0,EVE_0
826,31,EMP_1,GRA_0,1400000,6,0,FRE_0,EVE_1
827,28,EMP_1,GRA_0,750000,2,0,FRE_0,EVE_0
828,34,EMP_1,GRA_0,1500000,4,1,FRE_1,EVE_1
829,28,EMP_1,GRA_0,550000,4,0,FRE_0,EVE_0
830,28,EMP_1,GRA_0,800000,7,0,FRE_1,EVE_0
831,30,EMP_1,GRA_1,800000,3,0,FRE_0,EVE_0
832,28,EMP_1,GRA_0,1150000,5,0,FRE_0,EVE_0
833,28,EMP_1,GRA_0,700000,3,0,FRE_0,EVE_0
834,33,EMP_1,GRA_0,1400000,8,0,FRE_0,EVE_1
835,28,EMP_1,GRA_0,800000,7,1,FRE_0,EVE_0
836,26,EMP_0,GRA_0,500000,6,0,FRE_0,EVE_0
837,35,EMP_1,GRA_1,800000,6,0,FRE_1,EVE_0
838,27,EMP_1,GRA_1,800000,5,0,FRE_0,EVE_0
839,31,EMP_0,GRA_0,1200000,6,1,FRE_0,EVE_0
840,31,EMP_0,GRA_1,400000,3,0,FRE_0,EVE_0
841,28,EMP_1,GRA_0,800000,6,0,FRE_0,EVE_1
842,28,EMP_1,GRA_0,650000,5,0,FRE_0,EVE_1
843,29,EMP_1,GRA_0,900000,7,0,FRE_0,EVE_0
844,34,EMP_1,GRA_0,700000,6,0,FRE_1,EVE_0
845,34,EMP_1,GRA_1,1300000,4,0,FRE_0,EVE_0
846,34,EMP_1,GRA_0,1500000,3,0,FRE_1,EVE_1
847,34,EMP_1,GRA_0,1300000,4,0,FRE_0,EVE_0
848,33,EMP_0,GRA_0,400000,5,0,FRE_0,EVE_0
849,30,EMP_1,GRA_1,800000,4,0,FRE_0,EVE_0
850,34,EMP_1,GRA_1,750000,4,0,FRE_1,EVE_0
851,33,EMP_0,GRA_0,650000,4,0,FRE_0,EVE_0
852,31,EMP_0,GRA_1,350000,3,0,FRE_0,EVE_0
853,29,EMP_1,GRA_0,500000,7,0,FRE_0,EVE_0
854,34,EMP_1,GRA_0,1000000,6,1,FRE_0,EVE_0
855,27,EMP_1,GRA_1,1550000,6,0,FRE_1,EVE_0
856,31,EMP_1,GRA_0,1400000,4,0,FRE_0,EVE_1
857,26,EMP_1,GRA_0,600000,4,0,FRE_0,EVE_0
858,30,EMP_1,GRA_1,550000,5,0,FRE_1,EVE_0
859,28,EMP_0,GRA_0,600000,4,1,FRE_0,EVE_0
860,28,EMP_1,GRA_0,1250000,6,0,FRE_0,EVE_1
861,31,EMP_0,GRA_0,1200000,6,0,FRE_0,EVE_0
862,28,EMP_0,GRA_0,300000,2,0,FRE_0,EVE_0
863,27,EMP_0,GRA_0,1050000,5,0,FRE_1,EVE_0
864,25,EMP_1,GRA_1,1150000,4,0,FRE_0,EVE_0
865,33,EMP_0,GRA_0,1100000,2,0,FRE_0,EVE_0
866,28,EMP_1,GRA_0,800000,5,1,FRE_0,EVE_0
867,30,EMP_1,GRA_1,650000,6,1,FRE_0,EVE_0
868,28,EMP_0,GRA_0,300000,3,0,FRE_0,EVE_0
869,28,EMP_1,GRA_0,1200000,5,0,FRE_0,EVE_0
870,28,EMP_1,GRA_0,1200000,5,0,FRE_0,EVE_0
871,27,EMP_0,GRA_0,500000,6,0,FRE_0,EVE_0
872,28,EMP_1,GRA_0,550000,3,0,FRE_0,EVE_0
873,26,EMP_0,GRA_0,500000,5,0,FRE_0,EVE_0
874,28,EMP_1,GRA_0,1200000,4,1,FRE_0,EVE_1
875,27,EMP_0,GRA_0,850000,4,1,FRE_0,EVE_0
876,28,EMP_1,GRA_0,750000,4,0,FRE_0,EVE_0
877,26,EMP_1,GRA_0,1400000,3,1,FRE_0,EVE_1
878,26,EMP_1,GRA_0,1500000,5,0,FRE_1,EVE_1
879,28,EMP_1,GRA_0,750000,2,0,FRE_0,EVE_0
880,33,EMP_0,GRA_0,1000000,4,0,FRE_1,EVE_1
881,29,EMP_1,GRA_0,1100000,4,0,FRE_0,EVE_1
882,28,EMP_0,GRA_0,1200000,4,0,FRE_0,EVE_0
883,33,EMP_0,GRA_0,1100000,4,1,FRE_0,EVE_0
884,28,EMP_1,GRA_0,1100000,5,0,FRE_0,EVE_0
885,28,EMP_0,GRA_0,600000,4,0,FRE_0,EVE_0
886,28,EMP_1,GRA_0,1450000,6,0,FRE_1,EVE_1
887,33,EMP_1,GRA_0,1500000,4,1,FRE_1,EVE_1
888,33,EMP_1,GRA_0,1400000,5,0,FRE_1,EVE_1
889,29,EMP_1,GRA_0,1200000,3,1,FRE_0,EVE_1
890,34,EMP_1,GRA_1,1300000,5,0,FRE_1,EVE_0
891,27,EMP_1,GRA_1,450000,7,0,FRE_0,EVE_0
892,25,EMP_1,GRA_0,1700000,4,0,FRE_1,EVE_0
893,31,EMP_1,GRA_0,1650000,2,0,FRE_1,EVE_0
894,31,EMP_1,GRA_0,950000,3,0,FRE_1,EVE_0
895,33,EMP_0,GRA_0,800000,6,0,FRE_0,EVE_0
896,27,EMP_0,GRA_0,1050000,3,0,FRE_0,EVE_0
897,29,EMP_1,GRA_0,1100000,4,0,FRE_0,EVE_0
898,31,EMP_1,GRA_0,1250000,5,0,FRE_0,EVE_0
899,27,EMP_0,GRA_0,750000,6,0,FRE_0,EVE_0
900,28,EMP_0,GRA_0,300000,4,0,FRE_0,EVE_0
901,30,EMP_1,GRA_1,1450000,5,1,FRE_1,EVE_1
902,28,EMP_1,GRA_0,500000,4,0,FRE_0,EVE_0
903,25,EMP_1,GRA_0,1700000,3,0,FRE_1,EVE_0
904,28,EMP_1,GRA_0,700000,5,0,FRE_1,EVE_0
905,31,EMP_1,GRA_0,1350000,6,0,FRE_0,EVE_1
906,32,EMP_0,GRA_0,800000,6,0,FRE_1,EVE_0
907,27,EMP_1,GRA_1,450000,3,0,FRE_0,EVE_0
908,28,EMP_1,GRA_0,550000,4,1,FRE_0,EVE_0
909,28,EMP_1,GRA_0,700000,4,1,FRE_0,EVE_1
910,29,EMP_0,GRA_0,600000,3,0,FRE_0,EVE_0
911,29,EMP_1,GRA_0,1100000,3,0,FRE_0,EVE_0
912,32,EMP_0,GRA_0,350000,4,1,FRE_0,EVE_0
913,28,EMP_1,GRA_0,900000,5,0,FRE_0,EVE_0
914,28,EMP_1,GRA_0,900000,2,0,FRE_1,EVE_0
915,34,EMP_1,GRA_0,1300000,3,0,FRE_0,EVE_0
916,28,EMP_0,GRA_0,300000,6,0,FRE_0,EVE_0
917,28,EMP_1,GRA_0,500000,3,0,FRE_0,EVE_0
918,28,EMP_1,GRA_0,700000,4,1,FRE_0,EVE_0
919,30,EMP_1,GRA_1,650000,3,0,FRE_0,EVE_0
920,33,EMP_0,GRA_0,600000,4,0,FRE_0,EVE_0
921,25,EMP_1,GRA_1,1150000,4,0,FRE_0,EVE_0
922,31,EMP_1,GRA_0,500000,6,1,FRE_0,EVE_0
923,28,EMP_1,GRA_0,1150000,6,0,FRE_0,EVE_0
924,27,EMP_1,GRA_1,600000,4,0,FRE_1,EVE_0
925,25,EMP_1,GRA_0,1750000,4,0,FRE_0,EVE_1
926,26,EMP_0,GRA_0,1450000,3,1,FRE_1,EVE_1
927,31,EMP_1,GRA_0,900000,5,1,FRE_1,EVE_0
928,33,EMP_1,GRA_0,1400000,3,0,FRE_0,EVE_1
929,29,EMP_1,GRA_0,500000,5,0,FRE_0,EVE_0
930,26,EMP_1,GRA_0,1250000,3,1,FRE_0,EVE_0
931,34,EMP_1,GRA_0,1000000,4,0,FRE_0,EVE_0
932,28,EMP_1,GRA_0,1100000,7,0,FRE_1,EVE_0
933,26,EMP_1,GRA_0,1300000,5,0,FRE_0,EVE_0
934,34,EMP_1,GRA_0,700000,5,0,FRE_0,EVE_0
935,34,EMP_1,GRA_0,1300000,4,1,FRE_0,EVE_0
936,29,EMP_1,GRA_0,500000,3,1,FRE_0,EVE_0
937,32,EMP_0,GRA_0,650000,5,0,FRE_1,EVE_0
938,33,EMP_0,GRA_0,400000,4,0,FRE_0,EVE_0
939,34,EMP_1,GRA_0,700000,4,0,FRE_1,EVE_0
940,29,EMP_1,GRA_0,1200000,5,0,FRE_0,EVE_0
941,31,EMP_1,GRA_0,1400000,6,1,FRE_0,EVE_1
942,28,EMP_1,GRA_0,800000,4,0,FRE_0,EVE_0
943,25,EMP_1,GRA_0,1700000,5,0,FRE_1,EVE_0
944,33,EMP_0,GRA_0,400000,6,0,FRE_0,EVE_0
945,28,EMP_1,GRA_0,900000,9,1,FRE_0,EVE_1
946,29,EMP_1,GRA_0,1050000,5,0,FRE_0,EVE_0
947,28,EMP_1,GRA_0,800000,5,0,FRE_1,EVE_0
948,25,EMP_1,GRA_1,1150000,3,1,FRE_0,EVE_0
949,31,EMP_1,GRA_0,1250000,7,0,FRE_0,EVE_0
950,33,EMP_0,GRA_0,400000,5,0,FRE_0,EVE_0
951,30,EMP_1,GRA_1,1450000,3,1,FRE_1,EVE_1
952,31,EMP_1,GRA_0,950000,4,1,FRE_0,EVE_0
953,35,EMP_1,GRA_1,800000,6,0,FRE_0,EVE_0
954,29,EMP_1,GRA_0,500000,4,0,FRE_0,EVE_0
955,28,EMP_0,GRA_0,1200000,8,0,FRE_1,EVE_0
956,29,EMP_1,GRA_0,500000,3,0,FRE_0,EVE_0
957,29,EMP_1,GRA_0,1050000,4,0,FRE_0,EVE_0
958,28,EMP_0,GRA_0,300000,3,1,FRE_0,EVE_0
959,32,EMP_0,GRA_0,800000,6,1,FRE_0,EVE_0
960,34,EMP_1,GRA_0,1300000,5,1,FRE_0,EVE_0
961,31,EMP_1,GRA_0,1400000,4,0,FRE_1,EVE_1
962,25,EMP_1,GRA_0,1750000,3,0,FRE_0,EVE_1
963,27,EMP_0,GRA_0,850000,3,0,FRE_0,EVE_0
964,33,EMP_0,GRA_0,700000,6,1,FRE_0,EVE_0
965,31,EMP_0,GRA_0,400000,5,0,FRE_0,EVE_0
966,29,EMP_1,GRA_0,350000,9,1,FRE_0,EVE_0
967,34,EMP_0,GRA_0,1300000,4,0,FRE_0,EVE_0
968,31,EMP_0,GRA_1,300000,6,0,FRE_0,EVE_0
969,30,EMP_1,GRA_1,550000,3,0,FRE_0,EVE_0
970,28,EMP_1,GRA_0,1250000,6,0,FRE_1,EVE_0
971,31,EMP_0,GRA_1,350000,4,1,FRE_0,EVE_0
972,26,EMP_1,GRA_0,1400000,6,0,FRE_0,EVE_1
973,34,EMP_1,GRA_0,1500000,7,0,FRE_1,EVE_1
974,25,EMP_1,GRA_0,1400000,7,0,FRE_0,EVE_1
975,28,EMP_1,GRA_0,550000,5,0,FRE_0,EVE_0
976,34,EMP_1,GRA_0,500000,5,0,FRE_0,EVE_0
977,28,EMP_1,GRA_0,700000,4,1,FRE_0,EVE_0
978,34,EMP_1,GRA_0,1050000,5,1,FRE_0,EVE_0
979,34,EMP_1,GRA_0,700000,6,0,FRE_0,EVE_0
980,29,EMP_1,GRA_0,1200000,8,0,FRE_1,EVE_0
981,28,EMP_1,GRA_0,1250000,3,0,FRE_0,EVE_0
982,25,EMP_1,GRA_0,1800000,4,1,FRE_1,EVE_0
983,26,EMP_1,GRA_0,600000,6,0,FRE_0,EVE_0
984,31,EMP_1,GRA_0,1250000,3,0,FRE_0,EVE_0
985,28,EMP_1,GRA_0,550000,5,0,FRE_0,EVE_0
986,34,EMP_1,GRA_0,1500000,3,1,FRE_1,EVE_1
987,33,EMP_0,GRA_0,700000,7,0,FRE_1,EVE_0
988,28,EMP_1,GRA_0,800000,4,1,FRE_0,EVE_0
989,29,EMP_1,GRA_0,500000,3,0,FRE_0,EVE_0
990,29,EMP_1,GRA_0,500000,5,0,FRE_0,EVE_0
991,28,EMP_1,GRA_0,700000,7,0,FRE_1,EVE_0
992,27,EMP_0,GRA_0,500000,5,0,FRE_0,EVE_0
993,33,EMP_0,GRA_0,1000000,3,0,FRE_0,EVE_0
994,29,EMP_1,GRA_0,1050000,5,1,FRE_0,EVE_0
995,31,EMP_0,GRA_1,350000,4,1,FRE_0,EVE_0
996,31,EMP_1,GRA_0,900000,3,0,FRE_0,EVE_0
997,27,EMP_0,GRA_0,1050000,4,0,FRE_0,EVE_0
998,34,EMP_0,GRA_0,1300000,5,1,FRE_0,EVE_0
999,34,EMP_1,GRA_0,1050000,5,0,FRE_1,EVE_0
1000,25,EMP_1,GRA_1,1150000,4,1,FRE_0,EVE_0
1001,29,EMP_1,GRA_0,1050000,7,0,FRE_0,EVE_0
1002,28,EMP_1,GRA_0,1150000,7,0,FRE_0,EVE_0
1003,31,EMP_0,GRA_0,400000,3,0,FRE_0,EVE_0
1004,26,EMP_1,GRA_0,1500000,4,0,FRE_1,EVE_1
1005,28,EMP_0,GRA_0,300000,5,0,FRE_0,EVE_0
1006,28,EMP_1,GRA_0,550000,4,0,FRE_1,EVE_0
1007,34,EMP_1,GRA_0,500000,4,0,FRE_0,EVE_0
1008,27,EMP_0,GRA_0,850000,6,0,FRE_1,EVE_0
1009,31,EMP_0,GRA_0,400000,9,0,FRE_0,EVE_0
1010,25,EMP_1,GRA_1,1150000,6,0,FRE_0,EVE_0
1011,29,EMP_1,GRA_0,1200000,4,0,FRE_1,EVE_0
1012,33,EMP_0,GRA_0,600000,8,0,FRE_0,EVE_0
1013,33,EMP_0,GRA_0,1000000,4,0,FRE_0,EVE_1
1014,34,EMP_1,GRA_0,1500000,3,0,FRE_1,EVE_1
1015,25,EMP_1,GRA_1,1150000,7,0,FRE_0,EVE_0
1016,28,EMP_1,GRA_0,800000,4,0,FRE_0,EVE_0
1017,26,EMP_1,GRA_0,600000,3,0,FRE_1,EVE_0
1018,26,EMP_1,GRA_0,500000,7,0,FRE_0,EVE_0
1019,28,EMP_1,GRA_0,1450000,6,0,FRE_1,EVE_1
1020,28,EMP_1,GRA_0,550000,5,0,FRE_1,EVE_0
1021,28,EMP_1,GRA_0,500000,5,1,FRE_0,EVE_0
1022,29,EMP_1,GRA_0,1350000,4,0,FRE_0,EVE_1
1023,26,EMP_1,GRA_0,750000,3,1,FRE_0,EVE_0
1024,28,EMP_0,GRA_0,600000,3,0,FRE_0,EVE_0
1025,29,EMP_1,GRA_0,600000,6,0,FRE_0,EVE_0
1026,34,EMP_1,GRA_0,500000,5,0,FRE_0,EVE_0
1027,29,EMP_1,GRA_0,1200000,4,0,FRE_0,EVE_0
1028,26,EMP_1,GRA_0,1400000,5,0,FRE_0,EVE_1
1029,32,EMP_0,GRA_0,800000,5,0,FRE_1,EVE_0
1030,34,EMP_1,GRA_0,1000000,4,0,FRE_0,EVE_0
1031,28,EMP_1,GRA_0,500000,5,0,FRE_0,EVE_0
1032,25,EMP_1,GRA_0,1400000,5,0,FRE_0,EVE_1
1033,31,EMP_1,GRA_0,1350000,5,0,FRE_0,EVE_1
1034,28,EMP_0,GRA_0,300000,3,0,FRE_0,EVE_0
1035,31,EMP_0,GRA_1,300000,5,0,FRE_0,EVE_0
1036,32,EMP_0,GRA_0,850000,4,1,FRE_0,EVE_0
1037,32,EMP_0,GRA_0,850000,4,0,FRE_1,EVE_0
1038,29,EMP_1,GRA_0,600000,3,0,FRE_0,EVE_0
1039,31,EMP_1,GRA_0,1350000,3,0,FRE_0,EVE_1
1040,30,EMP_1,GRA_1,1450000,6,0,FRE_1,EVE_1
1041,25,EMP_1,GRA_0,1400000,4,1,FRE_1,EVE_1
1042,28,EMP_0,GRA_0,1200000,6,1,FRE_0,EVE_0
1043,28,EMP_1,GRA_0,700000,4,1,FRE_0,EVE_0
1044,27,EMP_0,GRA_0,500000,7,0,FRE_0,EVE_0
1045,28,EMP_1,GRA_0,900000,8,0,FRE_0,EVE_0
1046,29,EMP_1,GRA_0,1200000,6,1,FRE_0,EVE_0
1047,31,EMP_1,GRA_0,1250000,6,0,FRE_0,EVE_0
1048,25,EMP_1,GRA_1,1350000,5,1,FRE_0,EVE_1
1049,25,EMP_1,GRA_1,1700000,3,0,FRE_1,EVE_0
1050,34,EMP_1,GRA_0,1000000,6,0,FRE_0,EVE_0
1051,29,EMP_1,GRA_0,1050000,3,0,FRE_1,EVE_0
1052,33,EMP_0,GRA_0,400000,7,1,FRE_0,EVE_0
1053,34,EMP_1,GRA_0,700000,3,1,FRE_0,EVE_0
1054,28,EMP_1,GRA_0,800000,4,0,FRE_1,EVE_0
1055,31,EMP_1,GRA_0,1750000,7,0,FRE_0,EVE_0
1056,29,EMP_1,GRA_0,900000,7,0,FRE_0,EVE_0
1057,28,EMP_0,GRA_0,600000,7,1,FRE_0,EVE_0
1058,28,EMP_0,GRA_0,300000,5,0,FRE_0,EVE_0
1059,29,EMP_1,GRA_0,1050000,2,1,FRE_1,EVE_0
1060,26,EMP_1,GRA_0,500000,2,1,FRE_0,EVE_0
1061,26,EMP_1,GRA_0,1500000,5,0,FRE_1,EVE_1
1062,28,EMP_1,GRA_0,1750000,5,1,FRE_0,EVE_1
1063,34,EMP_1,GRA_0,1500000,4,1,FRE_1,EVE_1
1064,30,EMP_1,GRA_1,750000,3,1,FRE_0,EVE_0
1065,28,EMP_1,GRA_0,1450000,5,0,FRE_1,EVE_1
1066,33,EMP_1,GRA_0,550000,4,0,FRE_0,EVE_0
1067,29,EMP_1,GRA_0,1350000,4,0,FRE_0,EVE_1
1068,29,EMP_1,GRA_0,1200000,5,0,FRE_0,EVE_0
1069,28,EMP_1,GRA_0,900000,6,1,FRE_1,EVE_0
1070,28,EMP_1,GRA_0,650000,2,1,FRE_0,EVE_0
1071,26,EMP_1,GRA_0,500000,2,0,FRE_0,EVE_0
1072,28,EMP_1,GRA_0,800000,2,0,FRE_0,EVE_0
1073,34,EMP_1,GRA_1,750000,3,0,FRE_1,EVE_0
1074,26,EMP_1,GRA_0,500000,5,0,FRE_0,EVE_0
1075,34,EMP_1,GRA_0,1000000,5,1,FRE_0,EVE_0
1076,28,EMP_1,GRA_0,800000,7,0,FRE_0,EVE_0
1077,28,EMP_1,GRA_0,700000,4,0,FRE_0,EVE_0
1078,30,EMP_1,GRA_1,650000,7,0,FRE_0,EVE_0
1079,26,EMP_1,GRA_0,1400000,5,0,FRE_0,EVE_1
1080,28,EMP_1,GRA_0,1200000,5,0,FRE_1,EVE_0
1081,32,EMP_0,GRA_0,800000,3,1,FRE_1,EVE_0
1082,35,EMP_0,GRA_0,1100000,8,0,FRE_1,EVE_0
1083,25,EMP_1,GRA_1,600000,4,0,FRE_1,EVE_1
1084,28,EMP_1,GRA_0,1250000,6,0,FRE_0,EVE_0
1085,25,EMP_1,GRA_1,1700000,5,0,FRE_1,EVE_0
1086,34,EMP_1,GRA_0,1050000,4,1,FRE_0,EVE_0
1087,29,EMP_1,GRA_0,1200000,5,0,FRE_0,EVE_1
1088,28,EMP_1,GRA_0,550000,4,0,FRE_0,EVE_0
1089,34,EMP_1,GRA_0,1000000,4,0,FRE_1,EVE_0
1090,28,EMP_1,GRA_0,600000,5,0,FRE_1,EVE_0
1091,32,EMP_0,GRA_0,850000,7,0,FRE_1,EVE_1
1092,31,EMP_1,GRA_0,1250000,3,0,FRE_0,EVE_0
1093,35,EMP_1,GRA_1,950000,4,0,FRE_0,EVE_0
1094,29,EMP_1,GRA_0,1100000,4,0,FRE_0,EVE_0
1095,27,EMP_0,GRA_0,500000,4,0,FRE_0,EVE_0
1096,31,EMP_1,GRA_0,950000,5,1,FRE_0,EVE_0
1097,27,EMP_0,GRA_0,750000,4,0,FRE_1,EVE_0
1098,31,EMP_0,GRA_0,400000,6,1,FRE_0,EVE_0
1099,31,EMP_1,GRA_0,1250000,7,1,FRE_0,EVE_0
1100,34,EMP_1,GRA_0,1500000,4,1,FRE_1,EVE_1
1101,34,EMP_1,GRA_0,1050000,3,0,FRE_0,EVE_0
1102,28,EMP_0,GRA_0,1200000,5,0,FRE_0,EVE_0
1103,31,EMP_1,GRA_0,900000,5,0,FRE_0,EVE_0
1104,27,EMP_0,GRA_0,850000,4,1,FRE_0,EVE_0
1105,34,EMP_1,GRA_0,850000,4,0,FRE_0,EVE_0
1106,28,EMP_1,GRA_0,700000,4,0,FRE_1,EVE_0
1107,26,EMP_1,GRA_0,1300000,4,0,FRE_0,EVE_0
1108,32,EMP_0,GRA_0,350000,2,0,FRE_0,EVE_0
1109,33,EMP_1,GRA_0,1400000,6,1,FRE_0,EVE_1
1110,31,EMP_1,GRA_0,1100000,4,0,FRE_0,EVE_0
1111,32,EMP_0,GRA_0,350000,6,0,FRE_0,EVE_0
1112,31,EMP_1,GRA_0,950000,6,0,FRE_0,EVE_0
1113,27,EMP_1,GRA_1,350000,4,1,FRE_0,EVE_0
1114,34,EMP_0,GRA_0,1100000,2,0,FRE_0,EVE_0
1115,34,EMP_1,GRA_0,1500000,6,0,FRE_1,EVE_1
1116,28,EMP_1,GRA_0,1200000,4,0,FRE_0,EVE_0
1117,31,EMP_1,GRA_0,950000,4,0,FRE_0,EVE_0
1118,31,EMP_1,GRA_0,900000,7,0,FRE_0,EVE_1
1119,28,EMP_1,GRA_0,1250000,6,1,FRE_0,EVE_0
1120,25,EMP_1,GRA_1,600000,3,1,FRE_0,EVE_0
1121,28,EMP_1,GRA_0,500000,4,0,FRE_0,EVE_0
1122,26,EMP_1,GRA_0,1250000,4,0,FRE_0,EVE_0
1123,28,EMP_1,GRA_0,800000,7,0,FRE_0,EVE_0
1124,27,EMP_0,GRA_0,850000,4,1,FRE_1,EVE_1
1125,27,EMP_0,GRA_0,850000,3,0,FRE_0,EVE_1
1126,26,EMP_1,GRA_0,1300000,5,0,FRE_0,EVE_0
1127,25,EMP_1,GRA_0,1400000,5,0,FRE_0,EVE_1
1128,33,EMP_1,GRA_0,550000,5,0,FRE_0,EVE_0
1129,29,EMP_1,GRA_0,1150000,5,1,FRE_1,EVE_0
1130,25,EMP_1,GRA_0,1400000,5,0,FRE_1,EVE_1
1131,27,EMP_0,GRA_0,1050000,3,0,FRE_1,EVE_0
1132,29,EMP_1,GRA_0,1050000,2,0,FRE_0,EVE_0
1133,29,EMP_1,GRA_0,1200000,3,0,FRE_0,EVE_0
1134,34,EMP_1,GRA_0,1500000,5,1,FRE_1,EVE_1
1135,27,EMP_1,GRA_1,350000,7,0,FRE_0,EVE_0
1136,26,EMP_1,GRA_0,1500000,2,0,FRE_1,EVE_1
1137,28,EMP_1,GRA_0,800000,3,0,FRE_0,EVE_0
1138,25,EMP_1,GRA_1,1350000,6,0,FRE_0,EVE_1
1139,33,EMP_0,GRA_0,800000,6,1,FRE_0,EVE_0
1140,31,EMP_0,GRA_0,1500000,7,0,FRE_1,EVE_1
1141,34,EMP_1,GRA_0,1500000,5,1,FRE_1,EVE_1
1142,31,EMP_0,GRA_1,350000,3,0,FRE_0,EVE_0
1143,34,EMP_1,GRA_0,500000,4,0,FRE_0,EVE_0
1144,28,EMP_0,GRA_0,300000,3,0,FRE_0,EVE_0
1145,26,EMP_1,GRA_0,1400000,9,1,FRE_0,EVE_1
1146,34,EMP_0,GRA_0,1300000,8,0,FRE_0,EVE_0
1147,34,EMP_1,GRA_0,500000,4,0,FRE_0,EVE_0
1148,25,EMP_1,GRA_1,1150000,8,0,FRE_0,EVE_0
1149,34,EMP_1,GRA_1,1400000,5,1,FRE_0,EVE_1
1150,28,EMP_1,GRA_0,800000,2,0,FRE_0,EVE_0
1151,32,EMP_0,GRA_0,850000,6,0,FRE_0,EVE_0
1152,33,EMP_0,GRA_0,650000,3,0,FRE_0,EVE_0
1153,29,EMP_1,GRA_0,900000,6,0,FRE_1,EVE_0
1154,29,EMP_1,GRA_0,1100000,7,1,FRE_1,EVE_0
1155,31,EMP_0,GRA_0,400000,7,0,FRE_0,EVE_0
1156,31,EMP_0,GRA_1,400000,4,1,FRE_0,EVE_0
1157,25,EMP_1,GRA_0,1700000,4,1,FRE_1,EVE_0
1158,34,EMP_1,GRA_0,1300000,5,0,FRE_0,EVE_0
1159,28,EMP_1,GRA_0,1400000,3,0,FRE_0,EVE_1
1160,27,EMP_0,GRA_0,900000,4,0,FRE_0,EVE_0
1161,29,EMP_1,GRA_0,1050000,4,0,FRE_0,EVE_0
1162,29,EMP_1,GRA_0,1200000,4,0,FRE_0,EVE_0
1163,33,EMP_0,GRA_0,600000,4,0,FRE_0,EVE_0
1164,27,EMP_0,GRA_0,850000,5,0,FRE_0,EVE_0
1165,28,EMP_0,GRA_0,300000,8,0,FRE_0,EVE_0
1166,34,EMP_1,GRA_0,1000000,7,0,FRE_0,EVE_0
1167,27,EMP_0,GRA_0,1050000,4,0,FRE_0,EVE_0
1168,33,EMP_1,GRA_0,1400000,4,0,FRE_0,EVE_1
1169,33,EMP_1,GRA_0,1400000,6,1,FRE_0,EVE_1
1170,25,EMP_1,GRA_1,1150000,5,0,FRE_0,EVE_0
1171,31,EMP_1,GRA_0,1400000,3,0,FRE_1,EVE_1
1172,28,EMP_1,GRA_0,800000,2,0,FRE_0,EVE_0
1173,31,EMP_1,GRA_0,1400000,6,1,FRE_0,EVE_1
1174,29,EMP_1,GRA_0,1200000,3,0,FRE_0,EVE_0
1175,28,EMP_1,GRA_0,1450000,4,0,FRE_1,EVE_1
1176,30,EMP_1,GRA_1,550000,4,0,FRE_0,EVE_0
1177,31,EMP_0,GRA_0,400000,3,0,FRE_0,EVE_0
1178,28,EMP_0,GRA_0,300000,4,0,FRE_0,EVE_0
1179,28,EMP_1,GRA_0,650000,4,0,FRE_0,EVE_0
1180,33,EMP_1,GRA_0,1500000,5,1,FRE_1,EVE_1
1181,32,EMP_0,GRA_0,350000,7,0,FRE_0,EVE_0
1182,31,EMP_1,GRA_0,500000,5,0,FRE_0,EVE_0
1183,33,EMP_0,GRA_0,400000,6,0,FRE_0,EVE_0
1184,29,EMP_1,GRA_0,1050000,3,0,FRE_0,EVE_0
1185,35,EMP_1,GRA_1,800000,5,0,FRE_0,EVE_0
1186,31,EMP_0,GRA_1,350000,3,1,FRE_0,EVE_0
1187,29,EMP_1,GRA_0,1200000,7,1,FRE_0,EVE_0
1188,29,EMP_1,GRA_0,600000,5,1,FRE_0,EVE_0
1189,32,EMP_0,GRA_0,800000,9,0,FRE_0,EVE_1
1190,32,EMP_0,GRA_0,350000,9,1,FRE_0,EVE_0
1191,31,EMP_1,GRA_0,1250000,6,0,FRE_1,EVE_0
1192,28,EMP_0,GRA_0,300000,8,0,FRE_0,EVE_0
1193,31,EMP_1,GRA_0,1400000,4,1,FRE_0,EVE_1
1194,25,EMP_1,GRA_0,1700000,2,1,FRE_1,EVE_0
1195,31,EMP_0,GRA_0,1200000,5,1,FRE_0,EVE_0
1196,29,EMP_1,GRA_0,600000,5,0,FRE_0,EVE_0
1197,28,EMP_1,GRA_0,800000,5,0,FRE_0,EVE_0
1198,27,EMP_0,GRA_0,500000,5,0,FRE_0,EVE_0
1199,26,EMP_0,GRA_0,500000,5,1,FRE_0,EVE_0
1200,26,EMP_1,GRA_0,1300000,4,0,FRE_0,EVE_0
1201,25,EMP_1,GRA_1,600000,6,0,FRE_0,EVE_0
1202,34,EMP_1,GRA_1,1400000,7,1,FRE_0,EVE_1
1203,35,EMP_1,GRA_1,800000,5,0,FRE_0,EVE_0
1204,28,EMP_1,GRA_0,800000,3,0,FRE_0,EVE_0
1205,27,EMP_0,GRA_0,850000,5,1,FRE_0,EVE_1
1206,26,EMP_1,GRA_0,600000,7,0,FRE_0,EVE_0
1207,31,EMP_1,GRA_0,1350000,5,0,FRE_0,EVE_1
1208,28,EMP_1,GRA_0,750000,6,0,FRE_1,EVE_0
1209,25,EMP_1,GRA_0,1400000,6,0,FRE_1,EVE_1
1210,34,EMP_1,GRA_0,1000000,9,0,FRE_0,EVE_0
1211,32,EMP_0,GRA_0,350000,7,0,FRE_0,EVE_0
1212,31,EMP_1,GRA_0,1250000,4,0,FRE_0,EVE_0
1213,26,EMP_1,GRA_0,1500000,3,0,FRE_1,EVE_1
1214,28,EMP_1,GRA_0,800000,6,1,FRE_0,EVE_0
1215,34,EMP_1,GRA_0,700000,3,0,FRE_1,EVE_0
1216,28,EMP_1,GRA_0,700000,7,0,FRE_0,EVE_0
1217,28,EMP_1,GRA_0,1150000,2,1,FRE_1,EVE_0
1218,28,EMP_1,GRA_0,550000,8,0,FRE_0,EVE_0
1219,29,EMP_1,GRA_0,1050000,5,0,FRE_0,EVE_0
1220,34,EMP_1,GRA_0,1000000,6,1,FRE_0,EVE_0
1221,31,EMP_1,GRA_0,1350000,4,0,FRE_0,EVE_1
1222,28,EMP_1,GRA_0,1100000,6,0,FRE_0,EVE_0
1223,32,EMP_0,GRA_0,350000,4,0,FRE_0,EVE_0
1224,34,EMP_0,GRA_0,1300000,6,0,FRE_0,EVE_1
1225,28,EMP_1,GRA_0,1350000,5,0,FRE_0,EVE_1
1226,26,EMP_1,GRA_0,1400000,3,0,FRE_0,EVE_1
1227,32,EMP_0,GRA_0,900000,6,0,FRE_0,EVE_0
1228,31,EMP_1,GRA_0,1750000,4,0,FRE_0,EVE_0
1229,32,EMP_0,GRA_0,350000,3,1,FRE_0,EVE_0
1230,31,EMP_1,GRA_0,1400000,3,0,FRE_1,EVE_1
1231,30,EMP_1,GRA_1,650000,3,1,FRE_0,EVE_0
1232,31,EMP_0,GRA_0,400000,4,0,FRE_0,EVE_0
1233,28,EMP_0,GRA_0,300000,3,0,FRE_0,EVE_0
1234,35,EMP_1,GRA_1,800000,3,0,FRE_1,EVE_0
1235,34,EMP_1,GRA_0,700000,5,1,FRE_0,EVE_0
1236,34,EMP_1,GRA_0,1000000,3,1,FRE_0,EVE_0
1237,33,EMP_1,GRA_0,1400000,3,0,FRE_0,EVE_1
1238,33,EMP_1,GRA_0,550000,4,0,FRE_1,EVE_0
1239,28,EMP_1,GRA_0,800000,5,0,FRE_0,EVE_0
1240,29,EMP_1,GRA_0,1200000,5,0,FRE_1,EVE_0
1241,35,EMP_1,GRA_1,800000,7,1,FRE_0,EVE_1
1242,25,EMP_1,GRA_1,1150000,5,0,FRE_0,EVE_0
1243,31,EMP_1,GRA_0,1250000,6,0,FRE_0,EVE_0
1244,34,EMP_0,GRA_0,1300000,5,0,FRE_0,EVE_0
1245,28,EMP_1,GRA_0,600000,3,0,FRE_0,EVE_0
1246,29,EMP_1,GRA_0,1100000,4,0,FRE_0,EVE_0
1247,25,EMP_1,GRA_1,600000,4,1,FRE_1,EVE_0
1248,31,EMP_0,GRA_0,400000,2,0,FRE_0,EVE_0
1249,29,EMP_1,GRA_0,500000,2,0,FRE_0,EVE_0
1250,32,EMP_0,GRA_0,800000,7,0,FRE_0,EVE_0
1251,32,EMP_0,GRA_0,900000,4,0,FRE_1,EVE_0
1252,33,EMP_1,GRA_0,550000,5,1,FRE_0,EVE_0
1253,35,EMP_1,GRA_1,950000,3,0,FRE_1,EVE_0
1254,35,EMP_0,GRA_0,900000,7,1,FRE_1,EVE_0
1255,28,EMP_1,GRA_0,1100000,6,1,FRE_0,EVE_0
1256,28,EMP_1,GRA_0,900000,4,0,FRE_0,EVE_0
1257,34,EMP_1,GRA_0,1050000,4,0,FRE_0,EVE_0
1258,31,EMP_0,GRA_0,1500000,4,0,FRE_1,EVE_1
1259,34,EMP_1,GRA_0,1500000,5,1,FRE_1,EVE_1
1260,25,EMP_1,GRA_0,1700000,5,0,FRE_1,EVE_0
1261,28,EMP_0,GRA_0,300000,6,0,FRE_0,EVE_0
1262,31,EMP_1,GRA_0,1250000,6,0,FRE_0,EVE_1
1263,33,EMP_1,GRA_0,1400000,6,0,FRE_1,EVE_1
1264,31,EMP_1,GRA_0,1250000,6,1,FRE_0,EVE_0
1265,28,EMP_1,GRA_0,1450000,9,0,FRE_1,EVE_1
1266,28,EMP_1,GRA_0,750000,5,0,FRE_0,EVE_0
1267,28,EMP_1,GRA_0,700000,7,1,FRE_1,EVE_1
1268,25,EMP_1,GRA_0,1400000,7,0,FRE_0,EVE_1
1269,28,EMP_0,GRA_0,600000,9,0,FRE_0,EVE_0
1270,25,EMP_1,GRA_1,1700000,5,1,FRE_1,EVE_1
1271,28,EMP_1,GRA_0,1150000,8,0,FRE_1,EVE_0
1272,28,EMP_1,GRA_0,800000,6,1,FRE_1,EVE_0
1273,33,EMP_1,GRA_0,1400000,2,1,FRE_0,EVE_1
1274,28,EMP_0,GRA_0,300000,5,0,FRE_0,EVE_0
1275,31,EMP_1,GRA_0,1350000,4,0,FRE_0,EVE_1
1276,25,EMP_0,GRA_0,750000,3,1,FRE_0,EVE_0
1277,25,EMP_1,GRA_1,1700000,4,0,FRE_1,EVE_0
1278,34,EMP_1,GRA_0,1000000,5,0,FRE_1,EVE_0
1279,28,EMP_1,GRA_0,700000,5,0,FRE_0,EVE_0
1280,32,EMP_0,GRA_0,800000,5,1,FRE_0,EVE_0
1281,34,EMP_1,GRA_0,1050000,5,1,FRE_0,EVE_0
1282,30,EMP_1,GRA_1,1450000,7,1,FRE_1,EVE_1
1283,33,EMP_0,GRA_0,1100000,8,0,FRE_0,EVE_0
1284,27,EMP_1,GRA_1,1000000,3,1,FRE_0,EVE_0
1285,34,EMP_1,GRA_0,1500000,7,1,FRE_1,EVE_1
1286,31,EMP_0,GRA_0,1300000,2,0,FRE_1,EVE_0
1287,29,EMP_1,GRA_0,1200000,3,0,FRE_0,EVE_1
1288,34,EMP_1,GRA_1,1300000,6,0,FRE_0,EVE_0
1289,34,EMP_1,GRA_0,1000000,6,0,FRE_0,EVE_0
1290,28,EMP_0,GRA_0,600000,4,0,FRE_0,EVE_0
1291,28,EMP_0,GRA_0,300000,6,0,FRE_0,EVE_0
1292,28,EMP_1,GRA_0,1150000,6,1,FRE_0,EVE_0
1293,25,EMP_1,GRA_1,600000,3,0,FRE_0,EVE_0
1294,26,EMP_1,GRA_0,450000,7,0,FRE_0,EVE_0
1295,28,EMP_0,GRA_0,1200000,5,0,FRE_0,EVE_0
1296,28,EMP_1,GRA_0,700000,4,1,FRE_0,EVE_0
1297,30,EMP_1,GRA_1,550000,8,0,FRE_0,EVE_0
1298,25,EMP_1,GRA_0,1800000,7,1,FRE_1,EVE_0
1299,25,EMP_1,GRA_0,1400000,4,0,FRE_0,EVE_1
1300,27,EMP_1,GRA_1,600000,6,0,FRE_0,EVE_0
1301,33,EMP_0,GRA_0,650000,4,0,FRE_0,EVE_1
1302,26,EMP_1,GRA_0,750000,5,0,FRE_0,EVE_0
1303,34,EMP_1,GRA_0,1000000,6,1,FRE_0,EVE_0
1304,26,EMP_1,GRA_0,1500000,4,0,FRE_1,EVE_1
1305,25,EMP_1,GRA_0,1400000,3,0,FRE_0,EVE_1
1306,31,EMP_1,GRA_0,500000,2,0,FRE_0,EVE_0
1307,31,EMP_0,GRA_0,1200000,2,1,FRE_0,EVE_0
1308,31,EMP_1,GRA_0,900000,4,1,FRE_0,EVE_0
1309,28,EMP_1,GRA_0,1150000,7,0,FRE_0,EVE_0
1310,28,EMP_1,GRA_0,700000,3,0,FRE_0,EVE_0
1311,35,EMP_1,GRA_1,800000,4,1,FRE_0,EVE_0
1312,31,EMP_1,GRA_0,1100000,4,0,FRE_0,EVE_0
1313,28,EMP_0,GRA_0,300000,4,0,FRE_0,EVE_0
1314,33,EMP_1,GRA_0,550000,5,1,FRE_0,EVE_0
1315,28,EMP_1,GRA_0,1100000,4,0,FRE_0,EVE_0
1316,30,EMP_1,GRA_1,750000,3,1,FRE_0,EVE_0
1317,29,EMP_1,GRA_0,1200000,5,0,FRE_0,EVE_0
1318,28,EMP_1,GRA_0,700000,4,0,FRE_0,EVE_0
1319,31,EMP_1,GRA_0,1250000,6,0,FRE_0,EVE_0
1320,28,EMP_1,GRA_0,1100000,6,0,FRE_0,EVE_0
1321,26,EMP_1,GRA_0,1500000,4,0,FRE_1,EVE_1
1322,33,EMP_1,GRA_0,550000,4,1,FRE_0,EVE_0
1323,29,EMP_1,GRA_0,350000,5,1,FRE_0,EVE_0
1324,27,EMP_1,GRA_1,1000000,6,0,FRE_0,EVE_0
1325,34,EMP_1,GRA_0,500000,5,0,FRE_0,EVE_0
1326,31,EMP_1,GRA_0,1350000,3,0,FRE_1,EVE_1
1327,34,EMP_1,GRA_0,1300000,6,0,FRE_0,EVE_0
1328,28,EMP_1,GRA_0,700000,6,1,FRE_0,EVE_0
1329,28,EMP_1,GRA_0,1150000,6,1,FRE_0,EVE_0
1330,31,EMP_1,GRA_0,1400000,3,0,FRE_1,EVE_1
1331,34,EMP_1,GRA_0,1000000,6,0,FRE_0,EVE_0
1332,28,EMP_1,GRA_0,1250000,7,0,FRE_0,EVE_0
1333,34,EMP_1,GRA_0,1500000,5,0,FRE_1,EVE_1
1334,27,EMP_0,GRA_0,500000,4,1,FRE_0,EVE_0
1335,31,EMP_0,GRA_0,1200000,7,0,FRE_0,EVE_0
1336,29,EMP_1,GRA_0,350000,3,0,FRE_0,EVE_0
1337,33,EMP_0,GRA_0,1000000,6,0,FRE_1,EVE_0
1338,28,EMP_0,GRA_0,300000,7,1,FRE_0,EVE_0
1339,31,EMP_0,GRA_1,400000,5,0,FRE_0,EVE_0
1340,28,EMP_1,GRA_0,700000,7,1,FRE_0,EVE_0
1341,25,EMP_1,GRA_0,1700000,3,0,FRE_1,EVE_0
1342,26,EMP_1,GRA_0,500000,4,0,FRE_0,EVE_0
1343,28,EMP_1,GRA_0,750000,3,0,FRE_0,EVE_0
1344,34,EMP_1,GRA_0,700000,4,0,FRE_0,EVE_0
1345,34,EMP_1,GRA_0,1000000,8,0,FRE_0,EVE_0
1346,28,EMP_1,GRA_0,500000,3,1,FRE_0,EVE_0
1347,34,EMP_1,GRA_0,850000,5,1,FRE_0,EVE_0
1348,34,EMP_1,GRA_0,1000000,5,1,FRE_1,EVE_0
1349,27,EMP_1,GRA_1,350000,4,0,FRE_0,EVE_0
1350,29,EMP_1,GRA_0,1200000,4,0,FRE_0,EVE_0
1351,31,EMP_0,GRA_0,1500000,6,0,FRE_1,EVE_1
1352,33,EMP_0,GRA_0,1000000,4,1,FRE_0,EVE_0
1353,29,EMP_1,GRA_0,900000,5,0,FRE_0,EVE_0
1354,33,EMP_0,GRA_0,1100000,4,0,FRE_0,EVE_0
1355,34,EMP_0,GRA_0,1300000,6,0,FRE_0,EVE_0
1356,28,EMP_1,GRA_0,1300000,4,1,FRE_0,EVE_0
1357,31,EMP_0,GRA_1,400000,4,1,FRE_0,EVE_0
1358,28,EMP_1,GRA_0,1200000,9,0,FRE_0,EVE_0
1359,29,EMP_1,GRA_0,1050000,9,0,FRE_0,EVE_0
1360,29,EMP_1,GRA_0,1200000,9,0,FRE_0,EVE_0
1361,30,EMP_1,GRA_1,1450000,2,1,FRE_1,EVE_1
1362,28,EMP_1,GRA_0,800000,4,0,FRE_0,EVE_0
1363,35,EMP_0,GRA_0,1100000,3,0,FRE_0,EVE_0
1364,34,EMP_1,GRA_0,1000000,3,1,FRE_0,EVE_0
1365,28,EMP_1,GRA_0,1450000,6,1,FRE_1,EVE_1
1366,27,EMP_0,GRA_0,900000,5,1,FRE_0,EVE_1
1367,31,EMP_1,GRA_0,1250000,8,0,FRE_0,EVE_0
1368,25,EMP_1,GRA_1,1150000,4,0,FRE_0,EVE_0
1369,28,EMP_1,GRA_0,1250000,2,0,FRE_1,EVE_0
1370,33,EMP_0,GRA_0,1000000,7,1,FRE_0,EVE_0
1371,29,EMP_1,GRA_0,1200000,5,1,FRE_0,EVE_0
1372,29,EMP_1,GRA_0,900000,7,0,FRE_0,EVE_0
1373,34,EMP_0,GRA_0,1300000,4,0,FRE_0,EVE_0
1374,29,EMP_1,GRA_0,900000,7,0,FRE_1,EVE_0
1375,27,EMP_0,GRA_0,500000,4,0,FRE_0,EVE_0
1376,27,EMP_0,GRA_0,500000,8,0,FRE_0,EVE_0
1377,32,EMP_0,GRA_0,850000,9,0,FRE_1,EVE_0
1378,33,EMP_0,GRA_0,400000,5,0,FRE_0,EVE_0
1379,31,EMP_1,GRA_0,900000,4,1,FRE_0,EVE_0
1380,31,EMP_1,GRA_0,1400000,6,0,FRE_0,EVE_1
1381,28,EMP_1,GRA_0,750000,4,0,FRE_1,EVE_1
1382,28,EMP_1,GRA_0,1450000,5,0,FRE_1,EVE_1
1383,34,EMP_1,GRA_0,1050000,4,0,FRE_0,EVE_0
1384,28,EMP_1,GRA_0,1250000,5,0,FRE_0,EVE_0
1385,28,EMP_1,GRA_0,1150000,4,0,FRE_0,EVE_0
1386,30,EMP_1,GRA_1,550000,3,1,FRE_0,EVE_0
1387,35,EMP_0,GRA_0,1100000,3,0,FRE_0,EVE_0
1388,31,EMP_0,GRA_0,1300000,6,0,FRE_0,EVE_0
1389,31,EMP_0,GRA_0,400000,3,0,FRE_0,EVE_0
1390,32,EMP_0,GRA_0,850000,3,0,FRE_0,EVE_0
1391,25,EMP_1,GRA_1,1150000,6,0,FRE_0,EVE_0
1392,28,EMP_1,GRA_0,1250000,4,0,FRE_1,EVE_0
1393,28,EMP_0,GRA_0,300000,6,1,FRE_0,EVE_0
1394,28,EMP_1,GRA_0,1200000,5,0,FRE_0,EVE_0
1395,33,EMP_0,GRA_0,400000,8,0,FRE_0,EVE_0
1396,28,EMP_1,GRA_0,600000,3,0,FRE_0,EVE_0
1397,33,EMP_0,GRA_0,650000,4,1,FRE_0,EVE_0
1398,31,EMP_1,GRA_0,1400000,6,0,FRE_1,EVE_1
1399,34,EMP_1,GRA_0,1750000,5,0,FRE_0,EVE_0
1400,34,EMP_1,GRA_0,850000,3,1,FRE_0,EVE_0
1401,31,EMP_1,GRA_0,1350000,3,0,FRE_0,EVE_1
1402,35,EMP_1,GRA_1,800000,5,0,FRE_0,EVE_0
1403,31,EMP_1,GRA_0,1400000,4,0,FRE_0,EVE_1
1404,31,EMP_0,GRA_0,400000,3,0,FRE_0,EVE_0
1405,31,EMP_0,GRA_0,1500000,7,0,FRE_1,EVE_1
1406,28,EMP_1,GRA_0,750000,3,1,FRE_0,EVE_0
1407,32,EMP_0,GRA_0,900000,6,1,FRE_0,EVE_0
1408,34,EMP_1,GRA_0,1050000,6,0,FRE_0,EVE_1
1409,28,EMP_1,GRA_0,900000,7,0,FRE_0,EVE_0
1410,29,EMP_1,GRA_0,500000,2,0,FRE_0,EVE_0
1411,34,EMP_1,GRA_0,1050000,7,0,FRE_0,EVE_0
1412,25,EMP_1,GRA_1,1150000,8,0,FRE_1,EVE_0
1413,25,EMP_1,GRA_1,1700000,3,1,FRE_1,EVE_0
1414,31,EMP_1,GRA_0,900000,3,0,FRE_0,EVE_0
1415,35,EMP_0,GRA_0,900000,4,1,FRE_0,EVE_0
1416,29,EMP_1,GRA_0,1150000,5,0,FRE_1,EVE_0
1417,28,EMP_1,GRA_0,1200000,9,0,FRE_0,EVE_0
1418,34,EMP_1,GRA_0,1300000,3,0,FRE_0,EVE_0
1419,28,EMP_1,GRA_0,1150000,5,0,FRE_0,EVE_0
1420,26,EMP_1,GRA_0,600000,3,0,FRE_0,EVE_0
1421,27,EMP_0,GRA_0,500000,6,0,FRE_0,EVE_0
1422,28,EMP_0,GRA_0,600000,6,0,FRE_0,EVE_0
1423,26,EMP_1,GRA_0,1400000,5,0,FRE_1,EVE_1
1424,27,EMP_1,GRA_1,1550000,6,1,FRE_1,EVE_0
1425,29,EMP_1,GRA_0,1100000,6,0,FRE_1,EVE_0
1426,28,EMP_1,GRA_0,1150000,4,1,FRE_0,EVE_0
1427,25,EMP_1,GRA_1,1150000,4,0,FRE_0,EVE_0
1428,31,EMP_0,GRA_0,400000,5,0,FRE_0,EVE_0
1429,34,EMP_1,GRA_0,500000,3,0,FRE_0,EVE_0
1430,26,EMP_1,GRA_0,1250000,4,1,FRE_0,EVE_1
1431,25,EMP_1,GRA_1,1350000,3,1,FRE_1,EVE_1
1432,28,EMP_1,GRA_0,500000,4,0,FRE_0,EVE_0
1433,28,EMP_0,GRA_0,300000,4,1,FRE_0,EVE_0
1434,26,EMP_1,GRA_0,1500000,2,1,FRE_1,EVE_1
1435,28,EMP_1,GRA_0,900000,4,0,FRE_1,EVE_0
1436,25,EMP_1,GRA_1,1150000,4,0,FRE_0,EVE_0
1437,28,EMP_0,GRA_0,1200000,5,0,FRE_0,EVE_0
1438,32,EMP_0,GRA_0,850000,3,1,FRE_0,EVE_0
1439,28,EMP_1,GRA_0,800000,6,0,FRE_0,EVE_1
1440,33,EMP_1,GRA_0,1200000,2,0,FRE_0,EVE_0
1441,25,EMP_1,GRA_0,1400000,5,0,FRE_1,EVE_1
1442,29,EMP_1,GRA_0,1100000,4,0,FRE_0,EVE_0
1443,26,EMP_0,GRA_0,550000,4,0,FRE_0,EVE_0
1444,31,EMP_1,GRA_0,950000,5,0,FRE_1,EVE_1
1445,30,EMP_1,GRA_1,550000,7,0,FRE_1,EVE_0
1446,28,EMP_1,GRA_0,1100000,4,1,FRE_0,EVE_0
1447,31,EMP_0,GRA_0,400000,5,0,FRE_0,EVE_0
1448,30,EMP_1,GRA_1,800000,4,1,FRE_1,EVE_0
1449,28,EMP_1,GRA_0,1250000,6,0,FRE_0,EVE_1
1450,29,EMP_1,GRA_0,500000,4,0,FRE_0,EVE_0
1451,28,EMP_1,GRA_0,1100000,4,1,FRE_0,EVE_0
1452,25,EMP_0,GRA_0,750000,2,0,FRE_0,EVE_1
1453,26,EMP_0,GRA_0,500000,4,0,FRE_0,EVE_0
1454,34,EMP_1,GRA_0,700000,7,0,FRE_0,EVE_0
1455,34,EMP_1,GRA_0,1500000,7,0,FRE_1,EVE_1
1456,29,EMP_1,GRA_0,1100000,4,1,FRE_0,EVE_0
1457,34,EMP_1,GRA_1,1400000,3,1,FRE_0,EVE_1
1458,28,EMP_1,GRA_0,500000,9,0,FRE_0,EVE_0
1459,28,EMP_1,GRA_0,1200000,6,0,FRE_0,EVE_0
1460,33,EMP_1,GRA_0,1200000,7,0,FRE_0,EVE_0
1461,34,EMP_1,GRA_0,1300000,7,0,FRE_0,EVE_0
1462,29,EMP_1,GRA_0,350000,8,1,FRE_0,EVE_0
1463,34,EMP_1,GRA_0,1500000,6,0,FRE_1,EVE_1
1464,25,EMP_1,GRA_0,1400000,9,1,FRE_0,EVE_1
1465,33,EMP_0,GRA_0,1000000,4,0,FRE_0,EVE_0
1466,28,EMP_0,GRA_0,300000,6,0,FRE_0,EVE_0
1467,29,EMP_1,GRA_0,1050000,7,1,FRE_0,EVE_0
1468,31,EMP_0,GRA_0,400000,6,0,FRE_0,EVE_0
1469,25,EMP_1,GRA_1,1700000,4,0,FRE_1,EVE_0
1470,29,EMP_1,GRA_0,1050000,6,1,FRE_1,EVE_0
1471,29,EMP_1,GRA_0,500000,4,0,FRE_0,EVE_0
1472,26,EMP_1,GRA_0,500000,6,0,FRE_0,EVE_0
1473,34,EMP_1,GRA_0,1000000,3,0,FRE_0,EVE_0
1474,28,EMP_1,GRA_0,1100000,2,1,FRE_0,EVE_0
1475,28,EMP_0,GRA_0,600000,3,0,FRE_0,EVE_0
1476,26,EMP_1,GRA_0,1400000,7,1,FRE_0,EVE_1
1477,31,EMP_1,GRA_0,1350000,3,0,FRE_0,EVE_1
1478,35,EMP_0,GRA_0,1100000,5,0,FRE_0,EVE_0
1479,35,EMP_1,GRA_1,800000,7,0,FRE_0,EVE_0
1480,31,EMP_0,GRA_0,1200000,7,1,FRE_0,EVE_0
1481,29,EMP_1,GRA_0,1050000,3,0,FRE_0,EVE_0
1482,31,EMP_0,GRA_0,1300000,4,1,FRE_0,EVE_0
1483,28,EMP_1,GRA_0,550000,4,0,FRE_0,EVE_0
1484,28,EMP_0,GRA_0,1200000,5,0,FRE_0,EVE_0
1485,29,EMP_1,GRA_0,900000,5,0,FRE_0,EVE_0
1486,28,EMP_0,GRA_0,600000,8,0,FRE_1,EVE_0
1487,31,EMP_1,GRA_0,1650000,7,1,FRE_1,EVE_0
1488,31,EMP_1,GRA_0,1350000,3,0,FRE_0,EVE_1
1489,25,EMP_1,GRA_0,1400000,4,0,FRE_0,EVE_1
1490,28,EMP_1,GRA_0,800000,3,0,FRE_0,EVE_0
1491,26,EMP_1,GRA_0,1400000,5,0,FRE_0,EVE_1
1492,26,EMP_1,GRA_0,1300000,4,1,FRE_0,EVE_1
1493,28,EMP_0,GRA_0,300000,3,1,FRE_0,EVE_0
1494,35,EMP_0,GRA_0,1100000,4,1,FRE_0,EVE_0
1495,28,EMP_1,GRA_0,1450000,4,0,FRE_1,EVE_1
1496,32,EMP_0,GRA_0,850000,5,1,FRE_1,EVE_0
1497,31,EMP_0,GRA_0,400000,3,0,FRE_0,EVE_0
1498,28,EMP_1,GRA_0,800000,6,0,FRE_0,EVE_0
1499,29,EMP_1,GRA_0,1200000,5,0,FRE_0,EVE_0
1500,28,EMP_1,GRA_0,1150000,7,0,FRE_0,EVE_0
1501,29,EMP_1,GRA_0,1050000,7,0,FRE_0,EVE_0
1502,28,EMP_1,GRA_0,1250000,5,0,FRE_1,EVE_0
1503,31,EMP_0,GRA_0,1200000,5,1,FRE_0,EVE_0
1504,33,EMP_1,GRA_0,750000,5,0,FRE_0,EVE_0
1505,29,EMP_1,GRA_0,1100000,4,1,FRE_0,EVE_1
1506,25,EMP_1,GRA_1,1150000,4,0,FRE_0,EVE_0
1507,28,EMP_1,GRA_0,1150000,6,1,FRE_0,EVE_0
1508,27,EMP_1,GRA_1,800000,5,1,FRE_0,EVE_0
1509,31,EMP_1,GRA_0,1250000,7,0,FRE_0,EVE_0
1510,34,EMP_1,GRA_0,1000000,5,0,FRE_0,EVE_0
1511,35,EMP_1,GRA_1,800000,5,0,FRE_0,EVE_0
1512,26,EMP_1,GRA_0,1300000,3,0,FRE_0,EVE_0
1513,28,EMP_1,GRA_0,800000,3,1,FRE_0,EVE_0
1514,28,EMP_0,GRA_0,1200000,7,1,FRE_0,EVE_0
1515,26,EMP_1,GRA_0,1250000,6,1,FRE_0,EVE_0
1516,34,EMP_0,GRA_0,1300000,4,0,FRE_0,EVE_0
1517,34,EMP_1,GRA_0,1500000,3,1,FRE_1,EVE_1
1518,33,EMP_0,GRA_0,1000000,5,0,FRE_1,EVE_0
1519,27,EMP_0,GRA_0,500000,4,1,FRE_0,EVE_0
1520,31,EMP_1,GRA_0,900000,8,0,FRE_0,EVE_1
1521,31,EMP_0,GRA_0,1200000,6,0,FRE_0,EVE_0
1522,28,EMP_1,GRA_0,800000,5,1,FRE_0,EVE_0
1523,28,EMP_0,GRA_0,300000,7,0,FRE_0,EVE_0
1524,30,EMP_1,GRA_1,550000,4,0,FRE_0,EVE_0
1525,28,EMP_1,GRA_0,600000,3,1,FRE_0,EVE_0
1526,32,EMP_0,GRA_0,900000,5,1,FRE_0,EVE_0
1527,28,EMP_1,GRA_0,750000,6,0,FRE_1,EVE_0
1528,29,EMP_0,GRA_0,600000,4,0,FRE_0,EVE_0
1529,34,EMP_1,GRA_0,700000,7,1,FRE_0,EVE_0
1530,28,EMP_1,GRA_0,700000,2,1,FRE_0,EVE_0
1531,28,EMP_0,GRA_1,300000,4,1,FRE_0,EVE_0
1532,28,EMP_1,GRA_0,800000,4,1,FRE_0,EVE_0
1533,30,EMP_1,GRA_1,1450000,5,0,FRE_1,EVE_1
1534,33,EMP_0,GRA_0,400000,2,0,FRE_0,EVE_0
1535,29,EMP_1,GRA_0,1100000,6,0,FRE_0,EVE_0
1536,34,EMP_1,GRA_0,1000000,3,0,FRE_0,EVE_0
1537,25,EMP_1,GRA_0,1700000,4,0,FRE_1,EVE_0
1538,26,EMP_1,GRA_0,500000,5,0,FRE_0,EVE_0
1539,28,EMP_1,GRA_0,750000,5,0,FRE_0,EVE_0
1540,32,EMP_0,GRA_0,350000,6,0,FRE_0,EVE_0
1541,32,EMP_0,GRA_0,850000,9,0,FRE_0,EVE_0
1542,32,EMP_0,GRA_0,800000,5,0,FRE_0,EVE_0
1543,27,EMP_0,GRA_0,1050000,4,0,FRE_0,EVE_0
1544,34,EMP_1,GRA_0,500000,7,0,FRE_0,EVE_0
1545,28,EMP_0,GRA_0,300000,4,0,FRE_0,EVE_0
1546,26,EMP_1,GRA_0,600000,3,0,FRE_0,EVE_0
1547,31,EMP_1,GRA_0,1350000,5,0,FRE_0,EVE_1
1548,29,EMP_1,GRA_0,350000,6,1,FRE_0,EVE_0
1549,29,EMP_1,GRA_0,1100000,4,0,FRE_0,EVE_0
1550,34,EMP_1,GRA_0,1300000,6,0,FRE_0,EVE_0
1551,28,EMP_1,GRA_0,700000,4,1,FRE_0,EVE_0
1552,31,EMP_1,GRA_0,900000,5,0,FRE_1,EVE_0
1553,27,EMP_0,GRA_0,850000,5,0,FRE_0,EVE_0
1554,30,EMP_1,GRA_1,550000,3,0,FRE_1,EVE_1
1555,28,EMP_1,GRA_0,1150000,6,1,FRE_0,EVE_0
1556,34,EMP_0,GRA_0,1300000,4,0,FRE_0,EVE_0
1557,33,EMP_0,GRA_0,650000,6,1,FRE_0,EVE_0
1558,26,EMP_1,GRA_0,1400000,6,0,FRE_0,EVE_1
1559,29,EMP_1,GRA_0,1150000,4,1,FRE_0,EVE_0
1560,29,EMP_1,GRA_0,350000,9,0,FRE_0,EVE_0
1561,28,EMP_1,GRA_0,1200000,6,0,FRE_1,EVE_0
1562,25,EMP_1,GRA_0,1400000,4,0,FRE_0,EVE_1
1563,35,EMP_1,GRA_1,800000,4,0,FRE_0,EVE_0
1564,25,EMP_1,GRA_1,1350000,4,0,FRE_0,EVE_1
1565,34,EMP_1,GRA_0,700000,4,1,FRE_1,EVE_0
1566,26,EMP_1,GRA_0,1400000,3,0,FRE_0,EVE_1
1567,32,EMP_0,GRA_0,800000,4,1,FRE_0,EVE_0
1568,28,EMP_1,GRA_0,800000,4,1,FRE_1,EVE_0
1569,34,EMP_1,GRA_0,1500000,2,0,FRE_1,EVE_1
1570,31,EMP_1,GRA_0,1400000,6,0,FRE_0,EVE_1
1571,32,EMP_0,GRA_0,800000,3,1,FRE_0,EVE_0
1572,28,EMP_1,GRA_0,1100000,4,1,FRE_0,EVE_0
1573,31,EMP_0,GRA_0,1500000,5,1,FRE_1,EVE_1
1574,27,EMP_0,GRA_0,500000,2,1,FRE_0,EVE_0
1575,34,EMP_1,GRA_0,1500000,5,0,FRE_1,EVE_1
1576,28,EMP_1,GRA_0,550000,6,0,FRE_1,EVE_0
1577,35,EMP_1,GRA_1,800000,5,0,FRE_0,EVE_0
1578,29,EMP_1,GRA_0,1050000,3,0,FRE_0,EVE_0
1579,27,EMP_1,GRA_1,1000000,3,0,FRE_0,EVE_0
1580,34,EMP_1,GRA_0,700000,4,0,FRE_0,EVE_0
1581,28,EMP_1,GRA_0,1100000,4,0,FRE_0,EVE_0
1582,32,EMP_0,GRA_0,350000,9,1,FRE_0,EVE_0
1583,33,EMP_1,GRA_0,550000,3,1,FRE_0,EVE_0
1584,25,EMP_1,GRA_0,1700000,5,0,FRE_1,EVE_0
1585,28,EMP_0,GRA_0,300000,5,0,FRE_0,EVE_0
1586,28,EMP_1,GRA_0,1100000,4,0,FRE_0,EVE_0
1587,27,EMP_0,GRA_0,850000,2,0,FRE_0,EVE_1
1588,26,EMP_1,GRA_0,1500000,6,0,FRE_1,EVE_1
