Age,Employment Type,GraduateOrNot,AnnualIncome,FamilyMembers,ChronicDiseases,FrequentFlyer,EverTravelledAbroad,Target
26,EMP_1,GRA_0,1443034,4,0,FRE_0,EVE_0,1
34,EMP_1,GRA_0,1565345,4,0,FRE_0,EVE_0,1
33,EMP_1,GRA_0,1279188,3,0,FRE_0,EVE_1,1
34,EMP_1,GRA_0,1230295,4,0,FRE_0,EVE_0,1
34,EMP_1,GRA_0,1235516,4,0,FRE_0,EVE_0,1
33,EMP_1,GRA_0,1249471,5,0,FRE_0,EVE_1,1
26,EMP_1,GRA_0,1279961,4,0,FRE_0,EVE_1,1
33,EMP_1,GRA_0,1596492,4,0,FRE_1,EVE_0,1
34,EMP_1,GRA_0,1202637,4,0,FRE_0,EVE_0,1
33,EMP_1,GRA_0,1438934,4,0,FRE_0,EVE_0,1
33,EMP_1,GRA_0,1022763,4,0,FRE_0,EVE_0,1
33,EMP_1,GRA_0,1291437,4,0,FRE_0,EVE_0,1
25,EMP_1,GRA_0,544056,4,0,FRE_0,EVE_0,1
26,EMP_1,GRA_0,1481010,5,0,FRE_0,EVE_0,1
33,EMP_1,GRA_0,1352820,4,0,FRE_0,EVE_0,1
35,EMP_1,GRA_0,1322538,4,0,FRE_0,EVE_0,1
33,EMP_1,GRA_0,1283463,4,0,FRE_0,EVE_1,1
34,EMP_1,GRA_0,1532181,4,0,FRE_0,EVE_0,1
34,EMP_1,GRA_0,1290679,4,0,FRE_0,EVE_0,1
33,EMP_1,GRA_0,1435772,4,0,FRE_0,EVE_1,1
25,EMP_1,GRA_0,1334491,4,0,FRE_0,EVE_1,1
34,EMP_1,GRA_0,1173211,4,0,FRE_0,EVE_0,1
34,EMP_1,GRA_0,1199847,4,0,FRE_0,EVE_0,1
33,EMP_1,GRA_0,1605374,4,0,FRE_0,EVE_0,1
32,EMP_1,GRA_0,1327329,4,0,FRE_0,EVE_0,1
33,EMP_1,GRA_0,1054521,4,0,FRE_0,EVE_0,1
34,EMP_1,GRA_0,1373206,4,0,FRE_0,EVE_0,1
33,EMP_1,GRA_0,1539276,3,0,FRE_0,EVE_1,1
35,EMP_1,GRA_0,1354418,3,0,FRE_0,EVE_1,1
33,EMP_1,GRA_0,1379674,3,0,FRE_0,EVE_1,1
34,EMP_1,GRA_0,1102034,3,0,FRE_0,EVE_0,1
33,EMP_1,GRA_0,1369334,4,0,FRE_0,EVE_0,1
33,EMP_1,GRA_0,1177299,3,0,FRE_0,EVE_0,1
26,EMP_1,GRA_0,1290133,5,0,FRE_0,EVE_1,1
33,EMP_1,GRA_0,1347463,3,0,FRE_0,EVE_0,1
26,EMP_1,GRA_0,1376775,5,0,FRE_0,EVE_1,1
33,EMP_1,GRA_0,1156302,4,0,FRE_0,EVE_0,1
34,EMP_1,GRA_0,1354009,4,0,FRE_0,EVE_0,1
34,EMP_1,GRA_0,1558408,4,0,FRE_0,EVE_1,1
26,EMP_1,GRA_0,1245816,5,0,FRE_0,EVE_0,1
33,EMP_1,GRA_0,1205126,3,0,FRE_0,EVE_0,1
27,EMP_1,GRA_0,1546082,4,0,FRE_0,EVE_0,1
33,EMP_1,GRA_0,1080189,4,0,FRE_0,EVE_0,1
33,EMP_1,GRA_0,1533088,4,0,FRE_0,EVE_0,1
33,EMP_1,GRA_0,1284671,4,0,FRE_0,EVE_0,1
34,EMP_1,GRA_0,1498220,4,0,FRE_0,EVE_0,1
25,EMP_1,GRA_0,1346429,5,0,FRE_0,EVE_0,1
26,EMP_1,GRA_0,1350398,5,0,FRE_1,EVE_1,1
33,EMP_1,GRA_0,1376665,4,0,FRE_0,EVE_1,1
34,EMP_1,GRA_0,1087357,4,0,FRE_0,EVE_0,1
32,EMP_1,GRA_0,1449176,3,0,FRE_0,EVE_0,1
26,EMP_1,GRA_0,1588307,5,0,FRE_1,EVE_1,1
33,EMP_1,GRA_0,1438664,4,0,FRE_0,EVE_0,1
26,EMP_1,GRA_0,1765853,5,0,FRE_0,EVE_1,1
34,EMP_1,GRA_0,1226782,4,0,FRE_0,EVE_0,1
34,EMP_1,GRA_0,1112457,4,0,FRE_0,EVE_0,1
27,EMP_1,GRA_0,1274098,4,0,FRE_0,EVE_1,1
32,EMP_1,GRA_0,1192503,4,0,FRE_0,EVE_0,1
34,EMP_1,GRA_0,1409472,4,0,FRE_0,EVE_0,1
33,EMP_1,GRA_0,1300053,3,0,FRE_0,EVE_0,1
26,EMP_1,GRA_0,1557675,5,0,FRE_0,EVE_1,1
33,EMP_1,GRA_0,1496324,4,0,FRE_0,EVE_1,1
34,EMP_1,GRA_0,1124898,4,0,FRE_0,EVE_0,1
33,EMP_1,GRA_0,1093766,4,0,FRE_0,EVE_0,1
33,EMP_1,GRA_0,1154257,4,0,FRE_0,EVE_0,1
33,EMP_1,GRA_0,1402680,5,0,FRE_0,EVE_1,1
35,EMP_1,GRA_0,1233187,5,0,FRE_0,EVE_1,1
33,EMP_1,GRA_0,1259802,4,0,FRE_0,EVE_0,1
33,EMP_1,GRA_0,1123612,5,0,FRE_0,EVE_1,1
33,EMP_1,GRA_0,1167925,4,0,FRE_0,EVE_0,1
26,EMP_1,GRA_0,1590902,3,0,FRE_0,EVE_0,1
33,EMP_1,GRA_0,1379663,4,0,FRE_0,EVE_1,1
33,EMP_1,GRA_0,975928,4,0,FRE_0,EVE_0,1
33,EMP_1,GRA_0,1445314,4,0,FRE_0,EVE_0,1
34,EMP_1,GRA_0,1287215,4,0,FRE_0,EVE_0,1
33,EMP_1,GRA_0,1075932,4,0,FRE_0,EVE_0,1
34,EMP_1,GRA_0,1355062,3,0,FRE_0,EVE_1,1
26,EMP_1,GRA_0,571445,4,0,FRE_0,EVE_0,1
25,EMP_1,GRA_0,1329077,5,0,FRE_0,EVE_0,1
25,EMP_1,GRA_0,1411927,5,0,FRE_0,EVE_1,1
26,EMP_1,GRA_0,1625692,3,0,FRE_0,EVE_1,1
32,EMP_1,GRA_0,1108907,4,0,FRE_0,EVE_1,1
26,EMP_1,GRA_0,1246136,5,0,FRE_0,EVE_0,1
25,EMP_1,GRA_0,1365587,4,0,FRE_0,EVE_1,1
26,EMP_1,GRA_0,1343923,4,0,FRE_0,EVE_0,1
33,EMP_1,GRA_0,1301174,4,0,FRE_0,EVE_0,1
33,EMP_1,GRA_0,1202651,4,0,FRE_0,EVE_0,1
34,EMP_1,GRA_0,1063220,3,0,FRE_0,EVE_0,1
33,EMP_1,GRA_0,1183570,3,0,FRE_0,EVE_1,1
25,EMP_1,GRA_0,1374060,5,0,FRE_0,EVE_1,1
27,EMP_1,GRA_0,1672989,4,0,FRE_0,EVE_1,1
33,EMP_1,GRA_0,1216406,4,0,FRE_0,EVE_0,1
34,EMP_1,GRA_0,1205490,4,0,FRE_0,EVE_0,1
34,EMP_1,GRA_0,1349146,4,0,FRE_0,EVE_0,1
33,EMP_1,GRA_0,1294514,3,0,FRE_0,EVE_0,1
34,EMP_1,GRA_0,1204551,3,0,FRE_0,EVE_1,1
33,EMP_1,GRA_0,1425269,4,0,FRE_0,EVE_1,1
33,EMP_1,GRA_0,1366625,4,0,FRE_0,EVE_0,1
33,EMP_1,GRA_0,1087555,4,0,FRE_0,EVE_0,1
27,EMP_1,GRA_0,1155821,5,0,FRE_0,EVE_1,1
33,EMP_1,GRA_0,1325479,4,0,FRE_0,EVE_0,1
33,EMP_1,GRA_0,1200284,5,0,FRE_0,EVE_0,1
33,EMP_1,GRA_0,1244844,3,0,FRE_0,EVE_1,1
33,EMP_1,GRA_0,1529348,5,0,FRE_0,EVE_0,1
26,EMP_1,GRA_0,1536336,4,0,FRE_0,EVE_0,1
33,EMP_1,GRA_0,1306759,4,0,FRE_0,EVE_0,1
34,EMP_1,GRA_0,1362674,3,0,FRE_0,EVE_0,1
25,EMP_1,GRA_0,1381226,5,0,FRE_0,EVE_1,1
33,EMP_1,GRA_0,726224,4,0,FRE_0,EVE_0,1
33,EMP_1,GRA_0,1503127,5,0,FRE_0,EVE_0,1
34,EMP_1,GRA_0,1322480,4,0,FRE_0,EVE_0,1
34,EMP_1,GRA_0,1170266,4,0,FRE_0,EVE_0,1
26,EMP_1,GRA_0,1585390,4,0,FRE_0,EVE_0,1
34,EMP_1,GRA_0,1414675,4,0,FRE_0,EVE_0,1
34,EMP_1,GRA_0,1432880,4,0,FRE_0,EVE_0,1
34,EMP_1,GRA_0,1419113,3,0,FRE_0,EVE_0,1
27,EMP_1,GRA_0,1503577,5,0,FRE_0,EVE_0,1
35,EMP_1,GRA_0,1347426,4,0,FRE_0,EVE_0,1
33,EMP_1,GRA_0,1659931,4,0,FRE_0,EVE_0,1
33,EMP_1,GRA_0,1456504,4,0,FRE_0,EVE_0,1
25,EMP_1,GRA_0,1176968,5,0,FRE_0,EVE_1,1
33,EMP_1,GRA_0,1311732,4,0,FRE_0,EVE_0,1
26,EMP_1,GRA_0,1542619,4,0,FRE_0,EVE_1,1
27,EMP_1,GRA_0,1090702,4,0,FRE_0,EVE_0,1
33,EMP_1,GRA_0,1490945,4,0,FRE_0,EVE_0,1
33,EMP_1,GRA_0,1349417,4,0,FRE_0,EVE_0,1
33,EMP_1,GRA_0,1297750,4,0,FRE_0,EVE_0,1
25,EMP_1,GRA_0,1209632,4,0,FRE_0,EVE_1,1
33,EMP_1,GRA_0,1421952,4,0,FRE_0,EVE_0,1
35,EMP_1,GRA_0,1373570,4,0,FRE_0,EVE_0,1
26,EMP_1,GRA_0,612231,5,0,FRE_0,EVE_0,1
34,EMP_1,GRA_0,987751,4,0,FRE_0,EVE_0,1
34,EMP_1,GRA_0,1561202,5,0,FRE_0,EVE_0,1
26,EMP_1,GRA_0,1357742,5,0,FRE_0,EVE_0,1
33,EMP_1,GRA_0,1188808,4,0,FRE_0,EVE_0,1
26,EMP_1,GRA_0,1395881,5,0,FRE_0,EVE_0,1
33,EMP_1,GRA_0,1293914,4,0,FRE_0,EVE_0,1
26,EMP_1,GRA_0,1325029,4,0,FRE_0,EVE_0,1
34,EMP_1,GRA_0,1390995,4,0,FRE_0,EVE_0,1
26,EMP_1,GRA_0,1554097,5,0,FRE_1,EVE_1,1
34,EMP_1,GRA_0,1215566,4,0,FRE_0,EVE_1,1
34,EMP_1,GRA_0,1201207,3,0,FRE_0,EVE_1,1
34,EMP_1,GRA_0,1290162,4,0,FRE_0,EVE_0,1
34,EMP_1,GRA_0,1334136,4,0,FRE_0,EVE_1,1
33,EMP_1,GRA_0,1322265,3,0,FRE_0,EVE_0,1
34,EMP_1,GRA_0,1255357,3,0,FRE_0,EVE_1,1
33,EMP_1,GRA_0,1531564,4,0,FRE_0,EVE_0,1
32,EMP_1,GRA_0,1081984,3,0,FRE_0,EVE_0,1
34,EMP_1,GRA_0,1309296,4,0,FRE_0,EVE_0,1
34,EMP_1,GRA_0,1163534,4,0,FRE_0,EVE_0,1
26,EMP_1,GRA_0,657710,4,0,FRE_0,EVE_0,1
27,EMP_1,GRA_0,1463867,4,0,FRE_0,EVE_0,1
33,EMP_1,GRA_0,1152001,4,0,FRE_0,EVE_0,1
26,EMP_1,GRA_0,1594302,4,0,FRE_0,EVE_1,1
34,EMP_1,GRA_0,1387023,5,0,FRE_0,EVE_1,1
33,EMP_1,GRA_0,1481414,4,0,FRE_0,EVE_0,1
34,EMP_1,GRA_0,1465773,4,0,FRE_0,EVE_1,1
34,EMP_1,GRA_0,1223093,3,0,FRE_0,EVE_0,1
33,EMP_1,GRA_0,1247096,4,0,FRE_0,EVE_0,1
33,EMP_1,GRA_0,1367689,4,0,FRE_0,EVE_0,1
26,EMP_1,GRA_0,1661718,4,0,FRE_0,EVE_0,1
25,EMP_1,GRA_0,1386298,4,0,FRE_0,EVE_0,1
33,EMP_1,GRA_0,1505584,4,0,FRE_0,EVE_1,1
33,EMP_1,GRA_0,1527974,4,0,FRE_0,EVE_1,1
27,EMP_1,GRA_0,1497300,4,0,FRE_0,EVE_0,1
33,EMP_1,GRA_0,1286109,4,0,FRE_0,EVE_0,1
25,EMP_1,GRA_0,527708,4,0,FRE_0,EVE_0,1
26,EMP_1,GRA_0,1647427,5,0,FRE_1,EVE_1,1
33,EMP_1,GRA_0,1472994,4,0,FRE_0,EVE_0,1
25,EMP_1,GRA_0,1615240,5,0,FRE_1,EVE_1,1
33,EMP_1,GRA_0,1276151,4,0,FRE_0,EVE_0,1
26,EMP_1,GRA_0,1491302,5,0,FRE_0,EVE_0,1
33,EMP_1,GRA_0,1355039,4,0,FRE_0,EVE_0,1
34,EMP_1,GRA_0,1196860,4,0,FRE_0,EVE_1,1
33,EMP_1,GRA_0,1343534,5,0,FRE_1,EVE_1,1
34,EMP_1,GRA_0,1617631,4,0,FRE_0,EVE_0,1
33,EMP_1,GRA_0,1362749,4,0,FRE_0,EVE_0,1
34,EMP_1,GRA_0,1291274,4,0,FRE_0,EVE_0,1
25,EMP_1,GRA_0,1556033,4,0,FRE_1,EVE_1,1
34,EMP_1,GRA_0,1424951,4,0,FRE_0,EVE_0,1
33,EMP_1,GRA_0,1520953,5,0,FRE_0,EVE_1,1
34,EMP_1,GRA_0,1072449,4,0,FRE_0,EVE_0,1
34,EMP_1,GRA_0,1376898,3,0,FRE_0,EVE_1,1
33,EMP_1,GRA_0,1043801,4,0,FRE_0,EVE_0,1
33,EMP_1,GRA_0,1555044,5,0,FRE_0,EVE_0,1
34,EMP_1,GRA_0,1329009,4,0,FRE_0,EVE_0,1
27,EMP_1,GRA_0,1017333,4,0,FRE_0,EVE_1,1
26,EMP_1,GRA_0,1336923,5,0,FRE_0,EVE_1,1
33,EMP_1,GRA_0,1320957,4,0,FRE_0,EVE_0,1
33,EMP_1,GRA_0,1281570,4,0,FRE_0,EVE_0,1
33,EMP_1,GRA_0,1441642,4,0,FRE_0,EVE_0,1
34,EMP_1,GRA_0,1273726,5,0,FRE_0,EVE_1,1
25,EMP_1,GRA_0,1442033,5,0,FRE_1,EVE_1,1
34,EMP_1,GRA_0,1160294,4,0,FRE_0,EVE_0,1
26,EMP_1,GRA_0,1089601,5,0,FRE_0,EVE_0,1
26,EMP_1,GRA_0,1533913,4,0,FRE_0,EVE_1,1
34,EMP_1,GRA_0,1187586,3,0,FRE_0,EVE_0,1
25,EMP_1,GRA_0,1643372,4,0,FRE_0,EVE_1,1
34,EMP_1,GRA_0,1402034,4,0,FRE_0,EVE_0,1
35,EMP_1,GRA_0,1290954,4,0,FRE_0,EVE_0,1
25,EMP_1,GRA_0,1453251,5,0,FRE_0,EVE_0,1
25,EMP_1,GRA_0,1468951,5,0,FRE_0,EVE_0,1
34,EMP_1,GRA_0,1287754,4,0,FRE_0,EVE_0,1
34,EMP_1,GRA_0,1041001,4,0,FRE_0,EVE_0,1
35,EMP_1,GRA_0,1418544,5,0,FRE_0,EVE_0,1
33,EMP_1,GRA_0,1249803,4,0,FRE_0,EVE_1,1
33,EMP_1,GRA_0,1210835,3,0,FRE_0,EVE_1,1
27,EMP_1,GRA_0,1400919,4,0,FRE_0,EVE_1,1
27,EMP_1,GRA_0,1560204,3,0,FRE_0,EVE_0,1
26,EMP_1,GRA_0,1492344,4,0,FRE_0,EVE_1,1
34,EMP_1,GRA_0,981714,4,0,FRE_0,EVE_0,1
34,EMP_1,GRA_0,1468206,4,0,FRE_0,EVE_0,1
34,EMP_1,GRA_0,1155026,3,0,FRE_0,EVE_0,1
33,EMP_1,GRA_0,996203,4,0,FRE_0,EVE_0,1
25,EMP_1,GRA_0,1317597,5,0,FRE_0,EVE_1,1
26,EMP_1,GRA_0,1611025,4,0,FRE_0,EVE_1,1
26,EMP_1,GRA_0,1569206,5,0,FRE_0,EVE_1,1
33,EMP_1,GRA_0,1402366,5,0,FRE_0,EVE_1,1
33,EMP_1,GRA_0,1288657,3,0,FRE_0,EVE_1,1
33,EMP_1,GRA_0,1410582,4,0,FRE_0,EVE_0,1
26,EMP_1,GRA_0,1180491,4,0,FRE_0,EVE_0,1
34,EMP_1,GRA_0,1157703,4,0,FRE_0,EVE_0,1
32,EMP_1,GRA_0,1233276,3,0,FRE_0,EVE_0,1
35,EMP_1,GRA_0,1369981,4,0,FRE_0,EVE_0,1
26,EMP_1,GRA_0,1324808,4,0,FRE_0,EVE_0,1
34,EMP_1,GRA_0,1427042,3,0,FRE_0,EVE_0,1
33,EMP_1,GRA_0,1140213,4,0,FRE_0,EVE_0,1
26,EMP_1,GRA_0,1309997,5,0,FRE_0,EVE_1,1
25,EMP_1,GRA_0,1592458,5,0,FRE_0,EVE_1,1
26,EMP_1,GRA_0,1680461,3,0,FRE_0,EVE_1,1
33,EMP_1,GRA_0,1358718,4,0,FRE_0,EVE_0,1
33,EMP_1,GRA_0,1503902,4,0,FRE_0,EVE_0,1
34,EMP_1,GRA_0,1445286,5,0,FRE_0,EVE_1,1
25,EMP_1,GRA_0,1590816,5,0,FRE_0,EVE_1,1
26,EMP_1,GRA_0,1431363,5,0,FRE_0,EVE_0,1
33,EMP_1,GRA_0,1214172,4,0,FRE_0,EVE_0,1
26,EMP_1,GRA_0,1383841,5,0,FRE_0,EVE_1,1
34,EMP_1,GRA_0,1402776,4,0,FRE_0,EVE_1,1
33,EMP_1,GRA_0,1172890,3,0,FRE_0,EVE_1,1
27,EMP_1,GRA_0,1621051,4,0,FRE_0,EVE_0,1
32,EMP_0,GRA_0,1197119,4,0,FRE_0,EVE_0,1
33,EMP_1,GRA_0,1282184,4,0,FRE_0,EVE_0,1
33,EMP_1,GRA_0,1642130,4,0,FRE_0,EVE_0,1
34,EMP_1,GRA_0,1405383,4,0,FRE_0,EVE_0,1
26,EMP_1,GRA_0,761781,4,0,FRE_0,EVE_0,1
33,EMP_1,GRA_0,1387678,4,0,FRE_0,EVE_0,1
34,EMP_1,GRA_0,1337444,5,0,FRE_0,EVE_1,1
26,EMP_1,GRA_0,1369922,4,0,FRE_0,EVE_0,1
33,EMP_1,GRA_0,1333874,3,0,FRE_0,EVE_1,1
25,EMP_1,GRA_0,1470252,4,0,FRE_0,EVE_0,1
33,EMP_1,GRA_0,1396761,5,0,FRE_0,EVE_1,1
33,EMP_1,GRA_0,1240146,4,0,FRE_0,EVE_0,1
34,EMP_1,GRA_0,1322316,4,0,FRE_0,EVE_0,1
33,EMP_1,GRA_0,764173,4,0,FRE_0,EVE_0,1
26,EMP_1,GRA_0,1419373,3,0,FRE_1,EVE_1,1
33,EMP_1,GRA_0,1406196,4,0,FRE_0,EVE_0,1
34,EMP_1,GRA_0,1250630,3,0,FRE_0,EVE_1,1
26,EMP_1,GRA_0,1438407,5,0,FRE_0,EVE_1,1
26,EMP_1,GRA_0,924053,4,0,FRE_0,EVE_0,1
26,EMP_1,GRA_0,1413813,3,0,FRE_1,EVE_1,1
26,EMP_1,GRA_0,1601392,4,0,FRE_1,EVE_1,1
34,EMP_1,GRA_0,1466985,3,0,FRE_0,EVE_0,1
33,EMP_1,GRA_0,1115034,4,0,FRE_0,EVE_1,1
33,EMP_1,GRA_0,1330216,4,0,FRE_0,EVE_0,1
26,EMP_1,GRA_0,1121980,4,0,FRE_0,EVE_0,1
34,EMP_1,GRA_0,1063975,4,0,FRE_0,EVE_0,1
26,EMP_1,GRA_0,1430019,5,0,FRE_0,EVE_1,1
33,EMP_1,GRA_0,1388376,5,0,FRE_0,EVE_0,1
32,EMP_1,GRA_0,1172939,3,0,FRE_0,EVE_1,1
33,EMP_1,GRA_0,1456032,5,0,FRE_0,EVE_0,1
27,EMP_1,GRA_0,1186084,5,0,FRE_0,EVE_0,1
33,EMP_1,GRA_0,1052691,4,0,FRE_0,EVE_0,1
26,EMP_1,GRA_0,1354988,4,0,FRE_0,EVE_0,1
34,EMP_1,GRA_0,1429331,5,0,FRE_0,EVE_0,1
25,EMP_1,GRA_0,1527881,3,0,FRE_1,EVE_1,1
25,EMP_1,GRA_0,1408922,3,0,FRE_1,EVE_1,1
26,EMP_1,GRA_0,1657743,4,0,FRE_0,EVE_0,1
26,EMP_1,GRA_0,1361682,5,0,FRE_0,EVE_1,1
33,EMP_1,GRA_0,1310965,4,0,FRE_0,EVE_0,1
34,EMP_1,GRA_0,1360145,4,0,FRE_0,EVE_1,1
34,EMP_1,GRA_0,1359778,5,0,FRE_1,EVE_1,1
25,EMP_1,GRA_0,1424931,5,0,FRE_0,EVE_1,1
33,EMP_1,GRA_0,1261112,4,0,FRE_0,EVE_0,1
26,EMP_1,GRA_0,1650264,4,0,FRE_0,EVE_0,1
33,EMP_1,GRA_0,1359440,3,0,FRE_0,EVE_1,1
34,EMP_1,GRA_0,1333579,4,0,FRE_0,EVE_0,1
33,EMP_1,GRA_0,1346375,4,0,FRE_0,EVE_0,1
33,EMP_1,GRA_0,1323360,4,0,FRE_0,EVE_0,1
32,EMP_1,GRA_0,1422240,5,0,FRE_0,EVE_1,1
27,EMP_1,GRA_0,1534563,4,0,FRE_0,EVE_1,1
33,EMP_1,GRA_0,1267560,4,0,FRE_0,EVE_0,1
34,EMP_1,GRA_0,1605361,4,0,FRE_0,EVE_0,1
34,EMP_1,GRA_0,1424109,4,0,FRE_0,EVE_0,1
33,EMP_1,GRA_0,1149168,4,0,FRE_0,EVE_0,1
33,EMP_1,GRA_0,1405121,4,0,FRE_0,EVE_0,1
33,EMP_1,GRA_0,1468386,4,0,FRE_0,EVE_0,1
34,EMP_1,GRA_0,1539054,4,0,FRE_0,EVE_0,1
34,EMP_1,GRA_0,1455069,5,0,FRE_0,EVE_0,1
26,EMP_1,GRA_0,1367037,5,0,FRE_0,EVE_1,1
34,EMP_1,GRA_0,1159058,3,0,FRE_0,EVE_0,1
33,EMP_1,GRA_0,1475064,4,0,FRE_0,EVE_0,1
25,EMP_1,GRA_0,1398913,5,0,FRE_0,EVE_0,1
25,EMP_1,GRA_0,1399389,4,0,FRE_0,EVE_0,1
33,EMP_1,GRA_0,754521,4,0,FRE_0,EVE_0,1
25,EMP_1,GRA_0,1475249,5,0,FRE_0,EVE_0,1
26,EMP_1,GRA_0,1374322,4,0,FRE_0,EVE_0,1
33,EMP_1,GRA_0,1593603,4,0,FRE_0,EVE_0,1
25,EMP_1,GRA_0,731288,5,0,FRE_0,EVE_0,1
25,EMP_1,GRA_0,1480480,5,0,FRE_1,EVE_1,1
33,EMP_1,GRA_0,1413091,4,0,FRE_0,EVE_0,1
26,EMP_1,GRA_0,1511854,5,0,FRE_0,EVE_0,1
33,EMP_1,GRA_0,1456760,4,0,FRE_0,EVE_0,1
34,EMP_1,GRA_0,1276268,4,0,FRE_0,EVE_0,1
33,EMP_1,GRA_0,1436594,4,0,FRE_0,EVE_0,1
25,EMP_1,GRA_0,1166165,4,0,FRE_0,EVE_0,1
25,EMP_1,GRA_0,1664428,5,0,FRE_0,EVE_0,1
26,EMP_1,GRA_0,1359477,4,0,FRE_0,EVE_1,1
26,EMP_1,GRA_0,597513,4,0,FRE_0,EVE_0,1
34,EMP_1,GRA_0,919862,4,0,FRE_0,EVE_0,1
25,EMP_1,GRA_0,1493600,3,0,FRE_1,EVE_1,1
33,EMP_1,GRA_0,994127,3,0,FRE_0,EVE_1,1
32,EMP_1,GRA_0,1278961,4,0,FRE_0,EVE_1,1
26,EMP_1,GRA_0,1681665,5,0,FRE_1,EVE_1,1
33,EMP_1,GRA_0,1116662,5,0,FRE_0,EVE_0,1
34,EMP_1,GRA_0,1461569,4,0,FRE_0,EVE_0,1
35,EMP_1,GRA_0,1352580,4,0,FRE_0,EVE_1,1
34,EMP_1,GRA_0,1237254,3,0,FRE_0,EVE_1,1
33,EMP_1,GRA_0,1467295,4,0,FRE_0,EVE_0,1
32,EMP_1,GRA_0,1521369,5,0,FRE_0,EVE_0,1
34,EMP_1,GRA_0,1263506,3,0,FRE_0,EVE_1,1
34,EMP_1,GRA_0,1352936,4,0,FRE_0,EVE_0,1
33,EMP_1,GRA_0,1346924,4,0,FRE_0,EVE_0,1
34,EMP_1,GRA_0,1623635,4,0,FRE_0,EVE_0,1
34,EMP_1,GRA_0,1495478,5,0,FRE_0,EVE_1,1
33,EMP_1,GRA_0,1059419,4,0,FRE_0,EVE_0,1
26,EMP_1,GRA_0,1303613,5,0,FRE_0,EVE_0,1
26,EMP_1,GRA_0,1385299,5,0,FRE_1,EVE_1,1
26,EMP_1,GRA_0,1368413,5,0,FRE_0,EVE_0,1
26,EMP_1,GRA_0,1649736,5,0,FRE_0,EVE_0,1
26,EMP_1,GRA_0,1328794,5,0,FRE_0,EVE_0,1
25,EMP_1,GRA_0,1605782,4,0,FRE_1,EVE_1,1
26,EMP_1,GRA_0,589124,4,0,FRE_0,EVE_0,1
33,EMP_1,GRA_0,1245886,4,0,FRE_0,EVE_1,1
34,EMP_1,GRA_0,1195542,4,0,FRE_0,EVE_0,1
33,EMP_1,GRA_0,1170732,4,0,FRE_0,EVE_0,1
26,EMP_1,GRA_0,1301251,4,0,FRE_0,EVE_0,1
33,EMP_1,GRA_0,1223042,4,0,FRE_0,EVE_0,1
33,EMP_1,GRA_0,1191240,4,0,FRE_0,EVE_0,1
34,EMP_1,GRA_0,1294589,5,0,FRE_0,EVE_0,1
26,EMP_1,GRA_0,1356374,3,0,FRE_0,EVE_0,1
25,EMP_1,GRA_0,1434674,5,0,FRE_1,EVE_0,1
25,EMP_1,GRA_0,1292162,4,0,FRE_0,EVE_0,1
25,EMP_1,GRA_0,1342783,4,0,FRE_0,EVE_0,1
33,EMP_1,GRA_0,1179240,4,0,FRE_0,EVE_0,1
33,EMP_1,GRA_0,1389046,4,0,FRE_0,EVE_0,1
25,EMP_1,GRA_0,1235126,5,0,FRE_0,EVE_0,1
26,EMP_1,GRA_0,1526350,3,0,FRE_1,EVE_1,1
32,EMP_1,GRA_0,1157202,5,0,FRE_0,EVE_1,1
33,EMP_1,GRA_0,1151377,4,0,FRE_0,EVE_0,1
32,EMP_1,GRA_0,1356250,4,0,FRE_0,EVE_0,1
25,EMP_1,GRA_0,1348133,4,0,FRE_0,EVE_0,1
34,EMP_1,GRA_0,1258842,4,0,FRE_0,EVE_0,1
33,EMP_1,GRA_0,1390307,4,0,FRE_0,EVE_0,1
34,EMP_1,GRA_0,1217437,4,0,FRE_0,EVE_0,1
33,EMP_1,GRA_0,1572340,4,0,FRE_0,EVE_0,1
32,EMP_1,GRA_0,1136614,3,0,FRE_0,EVE_0,1
33,EMP_1,GRA_0,1087336,4,0,FRE_0,EVE_0,1
33,EMP_1,GRA_0,1234337,4,0,FRE_0,EVE_0,1
32,EMP_1,GRA_0,1269077,4,0,FRE_0,EVE_0,1
26,EMP_1,GRA_0,1526476,4,0,FRE_0,EVE_1,1
33,EMP_1,GRA_0,1438762,4,0,FRE_0,EVE_0,1
34,EMP_1,GRA_0,572012,4,0,FRE_0,EVE_0,1
34,EMP_1,GRA_0,1334035,4,0,FRE_0,EVE_1,1
25,EMP_1,GRA_0,1471541,5,0,FRE_0,EVE_1,1
33,EMP_1,GRA_0,1338896,5,0,FRE_0,EVE_0,1
34,EMP_1,GRA_0,1122840,4,0,FRE_0,EVE_0,1
26,EMP_1,GRA_0,1340085,5,0,FRE_0,EVE_0,1
33,EMP_1,GRA_0,1143695,4,0,FRE_0,EVE_1,1
34,EMP_1,GRA_0,1156002,5,0,FRE_0,EVE_1,1
34,EMP_1,GRA_0,1225437,4,0,FRE_0,EVE_0,1
34,EMP_1,GRA_0,1031017,5,0,FRE_0,EVE_1,1
26,EMP_1,GRA_0,1487901,5,0,FRE_1,EVE_1,1
26,EMP_1,GRA_0,1336533,4,0,FRE_0,EVE_0,1
34,EMP_1,GRA_0,1127195,4,0,FRE_0,EVE_0,1
34,EMP_1,GRA_0,1229578,4,0,FRE_0,EVE_0,1
33,EMP_1,GRA_0,1259977,4,0,FRE_0,EVE_0,1
33,EMP_1,GRA_0,1449784,4,0,FRE_0,EVE_0,1
27,EMP_1,GRA_0,1190580,5,0,FRE_1,EVE_1,1
26,EMP_1,GRA_0,542373,4,0,FRE_0,EVE_0,1
26,EMP_1,GRA_0,588750,5,0,FRE_0,EVE_0,1
34,EMP_1,GRA_0,1239819,4,0,FRE_0,EVE_0,1
33,EMP_1,GRA_0,1440420,3,0,FRE_0,EVE_1,1
32,EMP_1,GRA_0,1132356,4,0,FRE_0,EVE_0,1
32,EMP_1,GRA_0,1113190,3,0,FRE_0,EVE_0,1
26,EMP_1,GRA_0,651224,4,0,FRE_0,EVE_0,1
33,EMP_1,GRA_0,1364399,4,0,FRE_0,EVE_0,1
33,EMP_1,GRA_0,1174115,3,0,FRE_0,EVE_0,1
34,EMP_1,GRA_0,1217306,4,0,FRE_0,EVE_0,1
25,EMP_1,GRA_0,1262426,5,0,FRE_0,EVE_1,1
26,EMP_1,GRA_0,1215877,4,0,FRE_0,EVE_1,1
33,EMP_1,GRA_0,1183697,3,0,FRE_0,EVE_0,1
26,EMP_1,GRA_0,1566565,4,0,FRE_0,EVE_1,1
33,EMP_1,GRA_0,1292553,4,0,FRE_0,EVE_0,1
34,EMP_1,GRA_0,1415482,4,0,FRE_0,EVE_0,1
27,EMP_1,GRA_0,1446285,4,0,FRE_0,EVE_0,1
25,EMP_1,GRA_0,1541794,5,0,FRE_0,EVE_1,1
33,EMP_1,GRA_0,1335056,3,0,FRE_0,EVE_0,1
32,EMP_1,GRA_0,1306461,5,0,FRE_0,EVE_0,1
34,EMP_1,GRA_0,1302173,4,0,FRE_0,EVE_0,1
26,EMP_1,GRA_0,1049143,4,0,FRE_0,EVE_0,1
26,EMP_1,GRA_0,1523371,5,0,FRE_0,EVE_1,1
34,EMP_1,GRA_0,1172905,4,0,FRE_0,EVE_0,1
26,EMP_1,GRA_0,1361393,3,0,FRE_0,EVE_0,1
33,EMP_1,GRA_0,1407186,4,0,FRE_0,EVE_0,1
33,EMP_1,GRA_0,1283341,4,0,FRE_0,EVE_0,1
32,EMP_1,GRA_0,1424390,4,0,FRE_0,EVE_0,1
26,EMP_1,GRA_0,1327606,5,0,FRE_1,EVE_1,1
33,EMP_1,GRA_0,1250091,4,0,FRE_0,EVE_0,1
27,EMP_1,GRA_0,1524011,5,0,FRE_0,EVE_1,1
34,EMP_1,GRA_0,1595123,4,0,FRE_0,EVE_0,1
32,EMP_1,GRA_0,480584,4,0,FRE_0,EVE_0,1
34,EMP_1,GRA_0,1323400,4,0,FRE_0,EVE_0,1
34,EMP_1,GRA_0,1108204,4,0,FRE_0,EVE_0,1
27,EMP_1,GRA_0,1425639,4,0,FRE_0,EVE_0,1
33,EMP_1,GRA_0,1497809,4,0,FRE_0,EVE_0,1
33,EMP_1,GRA_0,1239657,5,0,FRE_0,EVE_0,1
34,EMP_1,GRA_0,1286595,4,0,FRE_0,EVE_1,1
26,EMP_1,GRA_0,718701,5,0,FRE_0,EVE_0,1
33,EMP_1,GRA_0,1376946,5,0,FRE_0,EVE_1,1
33,EMP_1,GRA_0,1312476,4,0,FRE_0,EVE_0,1
34,EMP_1,GRA_0,1201613,4,0,FRE_0,EVE_0,1
33,EMP_1,GRA_0,1296832,4,0,FRE_0,EVE_0,1
33,EMP_1,GRA_0,1442678,4,0,FRE_0,EVE_0,1
33,EMP_1,GRA_0,1230728,4,0,FRE_0,EVE_0,1
32,EMP_1,GRA_0,1300592,4,0,FRE_0,EVE_0,1
34,EMP_1,GRA_0,1583989,4,0,FRE_0,EVE_0,1
25,EMP_1,GRA_0,1392114,4,0,FRE_0,EVE_0,1
33,EMP_1,GRA_0,1256883,4,0,FRE_0,EVE_1,1
34,EMP_1,GRA_0,1558340,4,0,FRE_0,EVE_0,1
33,EMP_1,GRA_0,1174459,5,0,FRE_0,EVE_0,1
26,EMP_1,GRA_0,1449000,4,0,FRE_0,EVE_0,1
26,EMP_1,GRA_0,1265551,4,0,FRE_0,EVE_1,1
33,EMP_1,GRA_0,1259189,3,0,FRE_0,EVE_0,1
26,EMP_1,GRA_0,1590168,3,0,FRE_1,EVE_1,1
34,EMP_1,GRA_0,1285324,4,0,FRE_0,EVE_0,1
33,EMP_1,GRA_0,1237716,4,0,FRE_0,EVE_0,1
33,EMP_1,GRA_0,1380218,4,0,FRE_0,EVE_0,1
34,EMP_1,GRA_0,1429147,4,0,FRE_0,EVE_0,1
33,EMP_1,GRA_0,1314148,3,0,FRE_0,EVE_0,1
34,EMP_1,GRA_0,1696243,5,0,FRE_0,EVE_1,1
33,EMP_1,GRA_0,1259675,4,0,FRE_0,EVE_0,1
34,EMP_1,GRA_0,1169555,4,0,FRE_0,EVE_0,1
26,EMP_1,GRA_0,1553344,5,0,FRE_0,EVE_0,1
